idx,T,quality,v0,w0,tc_real,tc_twin,dtc,air_com_dev_mm,air_ang_dev_deg,contact_frames_real,contact_frames_twin,stop_dist_real,stop_dist_twin,e_z_real,e_z_twin,rest_offset_w,wind_mag,wind_offset_m,wind_offset_w,wind_offset_pct
0,111,fit,1.3391368756721636,5.224510650123767,11,11,0,0.46182863340687247,0.062620862813192,82,91,0.4031098783016205,0.46054759766793785,0.09632977,0.01578177492832575,0.5934415014164309,1.5735342514022694,0.02587701975513186,0.2469181274344643,4.292428661644596
1,99,fit,1.1126430885453118,3.153414366927388,14,14,0,0.4011814185991159,0.07517238152184531,67,60,0.27458685636520386,0.21780303905051238,0.018714849,0.03488641452198734,0.5448544195014242,0.14871831409786282,0.00015463856502439957,0.0014755588265686981,0.04330749009493978
2,104,fit,1.1842271392262225,4.241812957860962,11,11,0,0.5159259611603894,0.06444047815649008,73,66,0.3160378932952881,0.2682419973838092,0.045541037,0.12976663698369287,0.46381984965240775,1.746965873026046,0.025442273152662443,0.24276978199105384,6.272101021055312
3,111,fit,1.2380356893339635,3.5259657371594844,15,15,0,0.21475778653763059,0.11899260517724088,77,75,0.34995049238204956,0.3219856525652589,0.14506747,0.09606932646479131,0.2920081104802335,0.9873515271412848,0.005754750251225108,0.054911739038407514,1.2160257206921505
4,90,fit,1.0633523305849486,3.9489505054703393,21,21,0,0.4532626860518609,0.15059548995604977,51,57,0.18765677511692047,0.20071654767024644,0.13458951,0.0,0.18296580060927234,0.3455885569449057,0.0019988447539234064,0.019072946125223342,0.5159892989513786
5,104,fit,1.1174659284453319,2.0423768550959034,21,21,0,0.6479544283254027,0.11861047112096569,65,65,0.24487075209617615,0.23631779313430928,0.12111304,0.031709412396041047,0.15664230308187227,2.6390415090778716,0.024574117306461057,0.23448585216088794,5.970535010896053
6,101,fit,1.2250308705085768,4.0693891478900115,13,13,0,0.3311642343241678,0.11759337977939145,70,79,0.306805819272995,0.3372484777556995,0.12965216,0.18856485653328134,0.3023364163690813,2.7346167058961233,0.027738479166346922,0.26468014471705076,6.247255846324032
7,105,fit,1.1338154679338635,6.716479673986876,16,16,0,1.8720850399551998,0.11034972978964935,71,80,0.32051464915275574,0.375087584012769,0.0,0.0,0.6897990637895742,3.0974879458888607,0.04605766622184275,0.4394815479183468,8.3479040401723
8,98,fit,1.0227561600505186,0.742771263205658,17,17,0,1.4384687636526032,0.18169824012230337,64,70,0.2512023448944092,0.29319996209836113,0.33558625,0.21942571722938886,0.4033500501004832,2.026593915155266,0.03628938666882259,0.34627277355746744,7.576626591651881
9,102,fit,1.1374396198225898,3.432872903274964,12,12,0,1.0939427486413105,0.06164706623970963,72,79,0.2869386076927185,0.3096777173997994,0.2694296,0.3219422930472559,0.6965662557249485,4.121099598456092,0.057332399231976625,0.5470648781677159,14.655766101795189
10,105,fit,1.095575096554239,3.1007709324406156,13,14,1,1.2257343378809862,0.3113858944716493,73,70,0.27073797583580017,0.25983121507216034,0.30464384,0.3291128265405964,0.17236453336306515,3.578650040105932,0.03662740822583059,0.34949817009380335,9.456598953469292
11,104,fit,1.1074410973691553,2.64173772633113,18,18,0,3.9815407706025563,0.20317781737677573,67,51,0.2643454372882843,0.17972341806618972,0.1780551,0.040128743866531,0.9110545381013294,3.5253890855987424,0.06856748949238592,0.6542699379044458,16.981168891856136
12,111,fit,1.1011887256001873,0.547241870203375,22,22,0,1.362036803217849,0.111327693115557,71,89,0.3033127188682556,0.4608111415318366,0.0,0.0,1.5269165207715505,3.308058804399055,0.04437836398841138,0.4234576716451467,7.26501385835098
13,104,fit,1.0563934155188914,2.3882888025506595,15,15,0,0.39150274204962393,0.1281890043419374,70,61,0.277720183134079,0.22031802016308225,0.37782225,0.37669906357646893,0.5902694081174669,0.5440492716952112,0.00495002700913271,0.04723308214821288,1.3427635582312325
14,90,fit,1.0415916414613955,3.1538497335708744,14,14,0,3.079322885693923,0.07486765064829518,56,40,0.1997862607240677,0.1317231978903152,0.07854188,0.12375159113875762,0.6871003345557855,4.268353474740958,0.07773501074863558,0.7417462857694234,23.42948300083063
15,88,fit,1.1092534485752656,3.8443447981376875,10,10,0,0.5720613115875736,0.07317553905182736,59,78,0.2287186235189438,0.3287318542485561,0.14353503,0.10104971017670906,0.9621765750031035,4.30922466037094,0.06044471219901699,0.5767625209829865,16.827961118263172
16,97,fit,1.077251506237499,5.601974008557652,12,12,0,1.7181585676008941,0.14156210315202325,66,61,0.27268922328948975,0.21434520503675894,0.28928232,0.3914692545450357,0.7855822458303563,4.503883511135633,0.04261311861071346,0.40661372720146427,12.685314002236451
17,109,fit,1.1379553489908374,5.6966385239428,16,17,1,1.098829558989574,0.4036637549513766,73,92,0.32441437244415283,0.41730910173283053,0.0,0.017905759414613736,0.9561207508181778,2.1628354907193166,0.020209828319328986,0.19284187327603994,3.5334785300507923
18,104,fit,1.1198612623814015,4.0674706097623545,15,15,0,1.2931407293933346,0.23875057925410506,70,89,0.30114123225212097,0.37626064475024057,0.10895351,0.05180637405304098,0.883771784785751,3.693753009327016,0.05452064455009227,0.5202351579207277,11.649332058531831
19,112,fit,1.2068144194819679,5.114613406358618,16,16,0,0.3823466893053472,0.5266936628972392,78,87,0.35990622639656067,0.4136504006594698,0.074919954,0.0,0.5426240816386823,1.0814937945993146,0.007239787837966482,0.06908194501876413,1.2789256390453185
20,111,fit,1.1533922778341785,4.583609570289716,15,15,0,1.4362796449033972,0.12597793577079058,78,75,0.35472023487091064,0.35016010888389437,0.008177728,0.043284531182571744,0.1984003656408884,2.4397902995590193,0.0605087663807476,0.5773737250071336,10.916791056464145
21,97,fit,1.1109953247890252,4.610098476690849,15,15,0,0.6274216706001623,0.9965005536113571,63,82,0.2618328630924225,0.31301443409684176,0.22496636,0.28869823370834996,0.49453063189816787,3.3813374099446216,0.040672914473674854,0.38810032894727914,9.933201761620944
22,99,fit,1.1072633927402975,3.13359261347517,10,10,0,0.2326500477619864,0.028252590930257858,69,63,0.27528083324432373,0.23151943948340212,0.0,0.14312184412312134,0.4144275904065909,2.4789487031539124,0.01474919044474223,0.1407365500452503,4.559215883356336
23,96,fit,1.0364965881890906,5.168847615590887,14,14,0,0.7275436243947672,0.15189752032756773,63,62,0.2276235818862915,0.2188998495494106,0.23864686,0.39210009337682133,0.1467290952951306,1.555297938677497,0.020775058213062823,0.1982352882925842,5.493641432531181
24,105,fit,1.23300746734812,3.9446184244075977,11,11,0,0.7827605718689675,0.06358854746356116,76,71,0.3339241147041321,0.29479347281612905,0.2918901,0.39371057484911837,0.8468304812143355,2.3988526719151384,0.03429175239964631,0.3272113778592205,7.731521720525687
25,107,fit,1.1332289935238746,3.957914032703484,16,16,0,0.9479457228918903,0.4409875952184573,72,66,0.30060192942619324,0.2512313545491787,0.07344079,0.0,0.4697193829678031,2.7207073210593102,0.021905964545712787,0.20902637925298462,5.4850283949414305
26,103,fit,1.1779252162124543,1.592642170314479,17,17,0,3.0747537609899833,0.0337825569751973,67,52,0.27189919352531433,0.1924372971971688,0.13090037,0.07791085228065937,0.8062951440786627,3.222984644885979,0.06261387916843884,0.5974606790881569,14.905728841572497
27,110,fit,1.2249530563978375,3.561751408525402,15,15,0,1.90599334464484,0.1479572078283906,77,68,0.34328630566596985,0.2947514570211104,0.014559249,0.0,0.5176485511372337,2.780037690703242,0.052141639894333416,0.49753473181615854,10.453790200005013
28,105,fit,1.1023301198345004,3.0641474026919613,15,15,0,2.6976745008066594,0.7492040424180602,72,90,0.2864900827407837,0.3508107353573475,0.21555296,0.21559456279168146,1.370104745203736,4.687009041266578,0.08481595833401222,0.8093125795230173,18.790561603128413
29,107,fit,1.2491906502057413,2.58570671033176,16,16,0,0.7456548177226507,0.13304486779649496,72,67,0.33909931778907776,0.2770960540673982,0.23848513,0.10785560291127169,0.6067774858323607,1.0257434474081388,0.015957019395376346,0.15226163545206436,3.469798303021192
30,93,fit,1.0812638674079962,7.499074566926833,15,15,0,1.2637135596644726,0.18980779396139888,58,55,0.21137849986553192,0.18965861919185506,0.1604408,0.3023452262437745,0.22559505373328537,1.480018701845957,0.01582419832782337,0.15099425885327641,4.5166979496072575
31,111,fit,1.2722511195594275,3.710826569835496,14,14,0,0.7503536994133478,0.12219948092791613,78,87,0.3596530854701996,0.3732384411594779,0.31765443,0.36038107819567416,0.5197424941716012,3.4225832426142886,0.05571182148967229,0.5316013500922928,11.643102563568958
32,93,fit,1.0943040421990906,2.5268988601943505,18,18,0,0.4694820290201257,0.07489129478519621,56,63,0.21801342070102692,0.22926045908272424,0.0,0.0,0.1775874153653545,2.494453405351002,0.01971924461383576,0.18816073104805114,5.166778533530385
33,116,fit,1.1863402179405582,5.789709392509369,14,14,0,0.5127813487734139,0.11112421923138041,83,84,0.39092013239860535,0.3810370391130072,0.0,0.0,0.09513578208408145,2.2560087430048297,0.019575416866756946,0.18678832888126856,3.866930955732261
34,91,fit,1.1140369545761641,3.4586693327146367,13,13,0,1.4699722864558877,0.10419920192484709,60,78,0.23872195184230804,0.32810868586474834,0.19785726,0.16345831004854194,0.867932846542199,4.994925102854864,0.07933145738986569,0.7569795552468099,21.11965624643095
35,92,fit,1.051560133183086,4.223780842508087,12,12,0,0.5966958719469837,0.03577624385847543,61,80,0.225594162940979,0.3037647092873553,0.3024692,0.35212420770622355,0.7888154464173069,3.6658134916702054,0.04178434478938393,0.39870558005137335,11.126507420526075
36,101,fit,1.1418800964507936,2.0170794368385523,19,19,0,3.391712778362597,0.43576413656933083,64,64,0.2574159502983093,0.23839158730460422,0.0,0.0,0.3058102013418447,3.8739174839216726,0.04030294812860765,0.38457011573098904,9.772306434049009
37,120,fit,1.2993600090247528,2.632007191463091,23,23,0,4.625699315361374,0.4107514001495976,77,57,0.34541216492652893,0.22189331269421683,0.20697261,0.31452725078198374,1.2240951448560349,2.5814803547839356,0.06397053475095689,0.6104058659442451,12.25406551730982
38,110,fit,1.156305914963228,4.622235004007164,15,15,0,0.2794869410009705,0.0436344295331588,75,73,0.3159308433532715,0.30498214553462616,0.0067206775,0.19856385057566067,0.13928016287675232,0.9635117796696938,0.004031838030155243,0.03847173692896224,0.8868120912522357
39,101,fit,1.2967507356028085,1.3986934009209726,14,14,0,1.2755222500702532,0.2093377300658554,68,67,0.3006303608417511,0.28249077940783723,0.15890956,0.18179714869865193,0.2920528966782232,2.1079863521712876,0.044932211474375844,0.4287424759005328,9.271144794253328
40,101,fit,1.2047288436669652,4.27095049214033,14,14,0,0.3268606609088738,0.10501011147484327,69,71,0.2951063811779022,0.28881813832721176,0.2944967,0.3746494731364598,0.1071994262617743,0.23080608378514925,0.0018220111324872821,0.01738560240922979,0.415321590110279
41,94,fit,1.0538224688283295,3.8283635076789104,15,15,0,1.0172347482469917,0.08611024447056591,61,79,0.23761756718158722,0.2785666887734538,0.2683707,0.391963231805853,0.41687352588619647,3.576168955668897,0.03425871837584661,0.32689616770846003,8.696738484692245
42,107,fit,1.1769833011366564,6.0066014196465956,14,14,0,1.208511319170138,0.1375981294797149,75,93,0.34134581685066223,0.4449324497658522,0.0,0.0,1.0639373047041558,3.1354777857273968,0.04173822230839605,0.398265480041947,7.17887741952208
43,97,fit,1.1139197440713615,2.724635158825584,21,21,0,6.4564615411552575,0.14105390719717406,58,44,0.2173788994550705,0.14483283479483644,0.07510351,0.0,0.8031241377860481,4.001179171933773,0.07127697920795219,0.6801238474041239,17.575782892580893
44,98,fit,1.1085902323243808,3.732392083443043,15,15,0,2.5380547390544006,0.37529234927177474,64,60,0.2548392713069916,0.21212656273324265,0.27519,0.39474974817308245,0.46695643992176683,3.2424658977536627,0.06039171209204343,0.5762567947714068,14.5424215636524
45,109,fit,1.0461741526767152,6.51769308229359,14,14,0,0.9548310586942725,0.16450980905699614,77,73,0.3313712179660797,0.3151111673919539,0.0,0.0,0.25079390896980647,2.682240696230872,0.033650902428361,0.32109639721718514,7.218590846904694
46,100,fit,0.9884095993822631,4.027738612451261,16,16,0,5.490129732650978,6.087133872942919,65,55,0.2643054723739624,0.17851482738588834,0.25547045,0.3349101046743463,0.8398156464402682,2.767068821113654,0.045908144361172194,0.4380548126066049,12.418863960864712
47,103,fit,1.1716584745667646,3.8349446182902334,18,18,0,0.5540054770944937,0.5172772115417624,66,85,0.28176388144493103,0.3813547994346297,0.120145634,0.11001190301410627,1.0442106542179734,0.5367169566500851,0.004185709896350823,0.03993997992701166,0.7700506166489699
48,98,fit,1.20104456349758,5.077243760323339,11,11,0,0.17425135097711508,0.07758351749268273,69,80,0.3133154511451721,0.3503408074434054,0.090483114,0.12095548674152241,0.3524232140186693,1.827715187889763,0.010807193282076015,0.10312207330225205,2.38939219105172
49,107,fit,1.1842905386088667,4.811368045683692,15,15,0,0.29923583130883585,0.14056300012046422,73,77,0.3152022957801819,0.31838334791955086,0.27980366,0.36352046764406837,0.05842148068535997,0.17493487557515996,0.0004704652621464068,0.004489172348725256,0.09917770453980264
50,96,fit,1.1633787895197143,5.856899681020988,14,14,0,0.7871454829600297,0.12793822919542933,63,62,0.25745686888694763,0.23970443733483643,0.1963673,0.28809091403805387,0.1796976524275168,0.8822379758371169,0.011514242347749691,0.10986872469226804,2.9022609011322547
51,105,fit,1.0317740128088562,9.335386400144177,6,6,0,0.2849282745957979,0.025171393633090455,80,73,0.34444084763526917,0.2905752086077439,0.0,0.0,0.5219613740132595,3.1910317150899523,0.025391745103294654,0.24228764411540699,7.353050252961536
52,99,fit,1.0582551652679184,2.9604362087952536,18,18,0,0.4109181396586121,0.09032555227871436,63,62,0.23153208196163177,0.22782427399574126,0.16320841,0.26351554046088027,0.09186413800863306,0.9264729284182807,0.003356867990732233,0.03203118311767398,0.8378685718927757
53,96,fit,1.0802632185578414,4.099613054261495,15,15,0,1.463009031154652,0.07102801541539717,63,56,0.25687316060066223,0.1993326010083951,0.35118935,0.3770561208306476,0.5893598594550086,2.5178531755595794,0.027040237212788972,0.25801753065638333,7.308247865226684
54,93,fit,1.1431918526962268,4.466051406021348,11,11,0,0.15913154100864074,0.09617506400961504,64,64,0.24739007651805878,0.2431388988549245,0.15254961,0.08050428166189844,0.03736778862390771,1.5810494604948153,0.007072175837954644,0.06748259387361301,2.0370083626997113
55,86,fit,1.024428973560522,2.0820159053672094,16,16,0,0.7092142503652006,0.06065385824300184,52,60,0.18463930487632751,0.2072580495016333,0.0,0.0,0.22507294671389516,3.1300837899644876,0.027848800163724798,0.2657328259897404,8.457509289451792
56,94,fit,1.1160650942629387,3.5280112486505186,15,15,0,2.0106847696805614,2.116435995179539,61,69,0.2542005479335785,0.2641009253466117,0.14538994,0.13454946678900845,0.18933508100737534,3.284713423697715,0.03322031742681344,0.3169877617062351,8.795769755465425
57,103,fit,1.1726356299641139,3.4977756425974125,13,13,0,1.8617224085264235,0.041344458677779784,71,56,0.29864346981048584,0.21396441038891548,0.0,0.0,0.8315610393350373,3.4749304786860216,0.058365717851310464,0.5569247886575426,14.776904855482398
58,100,fit,1.1440640616911029,4.32188242542826,11,11,0,0.11592157111390342,0.09861504681929963,70,69,0.28340575098991394,0.26176368672960737,0.33187464,0.3868810710940243,0.21350894544656984,0.45900448702941093,0.0012334910186439995,0.011769952467977095,0.3215824792252203
59,109,fit,1.1673629142432853,4.613130620421583,19,19,0,0.4241600776178121,0.21597717493217508,72,79,0.2986084222793579,0.33860307454356,0.28379974,0.2824655565207648,0.40042604930451375,0.7730943601169471,0.004095005676471918,0.039074481645724406,0.7686103414983924
60,109,fit,1.1731080174895274,3.8030900710249638,14,14,0,1.1827918913798494,0.18316025192134408,75,89,0.3183061182498932,0.3612535909099177,0.24997516,0.155929797090309,0.4599076616920262,4.269434770238747,0.08514365027194346,0.8124394109918268,20.359845671939745
61,104,fit,1.1568794803643132,4.247937422524704,14,14,0,0.215837789502549,0.1539829561094176,71,68,0.28437772393226624,0.26711039934458913,0.26030034,0.24890833777263013,0.23465642368620598,0.8627978180189145,0.004693687078162353,0.04478709044048046,1.163422114360372
62,106,fit,1.2874907997746283,3.3409104055059977,8,8,0,0.4901714111490615,0.18902575395215454,79,80,0.3779212236404419,0.3593246065048738,0.13424656,0.30423419032869004,0.17789748582334813,0.1386927605857965,0.001046262497941385,0.009983420781883445,0.23339224970698952
63,129,fit,1.2316117453362203,4.278929976828877,24,24,0,10.954509495884297,0.28616434713100997,85,76,0.39965054392814636,0.3474560302809563,0.084476195,0.09050225882224722,0.9426046330288196,4.939199333387969,0.17426984054236405,1.6628801578469852,23.722355148617225
64,94,fit,1.0953881085582093,2.1709876213127517,18,18,0,2.026550134968701,0.3244245759758168,58,76,0.2171909213066101,0.28361935227620827,0.027715873,0.03933428670031962,0.6532197947773961,4.264578291971286,0.06617452588153955,0.6314363156635453,17.223835853902443
65,92,fit,1.1283670761981484,3.0981908070716457,15,15,0,0.5690311241384156,0.3140488297756666,59,65,0.23199637234210968,0.24368255866735378,0.0,0.0,0.17461534678858248,2.7640736904519683,0.021794510310747806,0.20796288464454013,5.860722380898227
66,111,fit,1.146587846960403,3.0006856072325823,13,13,0,2.5100886376400102,0.0957119775065894,79,50,0.28316763043403625,0.18475722093367614,0.19927458,0.1255559405927422,0.9422708066512018,4.200078405784124,0.07816659158087316,0.7458644234816141,20.367938328405067
67,99,fit,1.148097211155367,2.929429522668411,17,17,0,1.3467863307189962,0.33690137522597163,65,82,0.26332345604896545,0.31071652940604283,0.0,0.09153854121308845,0.5288632309871909,3.761989500524144,0.05536602560668249,0.5283017710561306,13.465807439832703
68,90,fit,1.0247877353034052,3.0664947016778057,13,13,0,0.7877660962370909,0.10018136644565576,58,58,0.21796637773513794,0.2022968131933611,0.15987691,0.12400008555992285,0.2596541779147869,2.3724302237627386,0.018360904417595622,0.17519946963354602,5.439600802893975
69,99,fit,1.1021548857278833,2.85383874336586,21,21,0,5.041996635749347,0.2969806424085326,59,51,0.22696039080619812,0.17248021791176116,0.0,0.0,0.5837465022297437,3.6920762603963784,0.04676352867775901,0.4462168766961737,11.753734941307622
70,116,fit,1.0232970106756654,0.47461976504156456,21,21,0,0.6033221924888788,0.2375283727876797,77,87,0.3287889063358307,0.4194901446522547,0.0,0.0,0.9029007754585956,0.4389542602503442,0.0061726222292361665,0.05889906707286418,0.9921812159946658
71,107,fit,0.9878906284495405,4.72642180599078,16,16,0,2.736480974588185,0.20385404613208205,72,57,0.23090748488903046,0.1861566157985615,0.22430255,0.3611830569634005,0.4732496914225489,3.71635518274307,0.05670524658803857,0.5410805972141085,14.958863147317333
72,102,fit,1.1365742732935187,2.8602338515597037,20,20,0,0.6650948998858781,0.3192857084119148,63,61,0.24736909568309784,0.22667248354200298,0.026399886,0.002532667219885928,0.22249083442103326,0.4995739868297509,0.005844034590030833,0.05576368883617207,1.3685766357171323
73,98,fit,1.1974167044172825,3.411154635804437,17,17,0,3.5563050046901363,0.11368086682162105,63,54,0.26198673248291016,0.20391053898202846,0.08436871,0.14936181091282522,0.5933455792524412,3.518964494917143,0.057929944750824934,0.5527666483857341,13.535086701445131
74,105,fit,1.2504920952600274,3.876831220741934,14,14,0,1.9729813467939785,0.13844042808233922,72,71,0.3208972215652466,0.3024234549154035,0.0,0.0,0.2968270619067271,3.6764956218352856,0.0523609246907363,0.49962714399557534,10.981371827778887
75,100,fit,1.0605938268605963,5.194314811576786,18,18,0,3.5042515718861074,0.15788879761001906,63,46,0.24242925643920898,0.15711577763949044,0.2490876,0.21597584699956723,0.8603956836419328,3.3545053632424238,0.057631434886298946,0.5499182718158296,15.194588058907904
76,93,fit,1.1517734467697824,4.4560065643179145,9,9,0,0.17162519788030423,0.0687324602342536,66,70,0.2839421033859253,0.2761011323429185,0.268148,0.17269245104917993,0.08419595947612846,2.381175798038867,0.016619981478121458,0.1585876095240597,4.696230611072326
77,109,fit,1.257017349904867,5.183963404954346,11,11,0,0.6632728331078545,0.07575147490601407,78,92,0.38417455554008484,0.4117331287529201,0.34995744,0.3685625193477737,0.5043103717887876,3.8408779029664313,0.061281176621360345,0.5847440517305377,12.882714554132432
78,98,fit,1.1871861799067356,8.156857670808275,8,8,0,0.45181669796777363,0.03355465560394633,72,90,0.3140000104904175,0.3694941898164072,0.1350605,0.18188725713929,0.7414157792347702,4.580826010682241,0.07993864727960791,0.7627733519046556,21.51455695033886
79,96,fit,1.107451068780589,3.8242547944305496,14,14,0,0.26155965031577283,0.3545067976651322,63,64,0.25008273124694824,0.24516299820503246,0.12801367,0.10731449122320608,0.08290456059652279,0.775703891609418,0.002830098109341981,0.027004752951736457,0.7474778181348488
80,108,fit,1.1441545403055735,4.6933689073399325,18,19,1,1.6502464987351555,1.2259746127230537,72,67,0.3018993139266968,0.2640862946780661,0.25283462,0.27761108004923685,0.607145208645346,1.7536914009760105,0.02987161520616719,0.28503449624205335,6.3037862512432135
81,96,fit,1.0282140608798267,4.819596767282451,14,14,0,1.124511117532043,0.18257797572663453,63,66,0.2478310614824295,0.24711100020163873,0.2983442,0.3123792613462759,0.7072105447010896,2.9388609963677075,0.027234422899739315,0.2598704475165965,7.106047333111406
82,98,fit,1.1200276710870567,1.548567437264247,25,24,-1,0.43962697426810177,0.4170211933090867,55,57,0.2034716159105301,0.19855668808771887,0.19680111,0.29214653657522216,0.12073374362694096,1.4549504067811294,0.005431249851583482,0.051824903163964514,1.285304755309207
83,96,fit,1.017378224416585,4.565716708766947,20,20,0,2.951393060290054,1.1340820868779227,58,76,0.2127426117658615,0.29051029652212285,0.17853124,0.29575335388939494,0.7850705595793606,4.298885253214635,0.061544330488581316,0.5872550619139438,14.898903269851667
84,120,fit,1.2085809506764846,3.144343791940508,18,18,0,0.4413136125156138,0.21339781391759302,83,85,0.39250946044921875,0.39267646457452476,0.027952626,0.0,0.1381345729015235,1.9845612012281104,0.01705583176053374,0.16274648626463492,3.017511422573706
85,98,fit,1.1499987395188416,5.861429242302061,14,14,0,2.8410934066622877,0.18338605730833793,66,78,0.27718284726142883,0.3219713874186584,0.18553689,0.11514163193666685,0.7117469123648985,4.886122157492555,0.06994852690629934,0.6674477758234669,15.10530309305337
86,96,fit,1.05001795930007,3.4711797077217947,19,19,0,5.258842702918728,0.33009523061805657,60,43,0.2345188707113266,0.1427423311339135,0.0,0.0,0.9320564958253881,4.142364160361676,0.07310565779019226,0.6975730705171017,18.963607738035545
87,104,fit,1.2330559155516652,3.1637627172509846,15,15,0,2.3235977420455525,0.16560300053729454,70,54,0.3155215084552765,0.20576719821273023,0.10723839,0.028547345653860363,1.1004718904090216,3.111049458593604,0.06375757154037567,0.6083737742402259,15.10074322087099
88,98,fit,1.1785323585461267,2.4073951603885573,13,13,0,1.4678030826570456,0.17939294780906836,66,67,0.2835600972175598,0.27999819025511447,0.07839246,0.17013671586815268,0.1368679733209403,2.819879982868478,0.06051793475931855,0.5774612095354823,12.761304108708622
89,100,fit,1.1904658775702466,1.8747676098798223,15,15,0,0.27269428816778585,0.2003548919106624,67,75,0.2919447422027588,0.32323276698801784,0.0662308,0.0,0.2971874408060219,0.07758793378156274,0.0007988594521357727,0.007622704695952029,0.16845344980442117
90,97,fit,1.2920657778657354,4.390311273387328,6,6,0,0.0742941894634002,0.02721305889346599,73,76,0.34540849924087524,0.33207472514879677,0.0,0.0,0.1573517438107687,0.026445339009688575,0.0002658514093211561,0.002536750088942329,0.06609711623913503
91,103,fit,1.1916757260264081,2.2545020810712697,24,24,0,3.9617074506817325,0.16150614318971065,61,51,0.24060168862342834,0.1816799657597405,0.036569465,0.0,0.6187622464759385,2.291055621590463,0.04117321516646315,0.39287419051968653,9.017518182405006
92,107,fit,1.1639147454545669,6.168156480063085,16,16,0,0.6209692936085283,0.24075267363037803,73,85,0.3221352696418762,0.38286334521314885,0.0,0.0,0.6627140601657868,2.7542823287047717,0.026070083786455006,0.2487603414738073,5.043169701979685
93,97,fit,1.07357044190817,3.426044184197474,19,19,0,3.5253110703744417,0.133352128255847,59,69,0.2265939563512802,0.24541220436644554,0.001410076,0.0,0.4475308542844155,4.527497485964616,0.062143830588868194,0.592975482718208,15.953936902891682
94,98,fit,1.2052378829033104,3.553246830722848,13,13,0,1.7784932525206651,0.0932676693997269,67,63,0.28759780526161194,0.251326118182736,0.14927827,0.03650541840349994,0.44900241174216166,3.7764889493943263,0.05102598360863312,0.4868891565709267,12.205528363049666
95,106,fit,1.1478675716713218,2.496386229215596,19,19,0,0.7010106489188209,0.5477192865610238,66,59,0.26108887791633606,0.21577628951036598,0.015153091,0.0,0.4497593146212095,1.1411840020039008,0.006779472429703107,0.06468962242083118,1.6638975603180084
96,100,fit,1.2498024864195787,2.1540408336619064,14,14,0,0.2447691214810501,0.0676607473025446,68,68,0.2959176301956177,0.2757002696596463,0.0,0.0,0.19474783465449302,0.042845974513515066,0.00026977429974397814,0.00257418224946544,0.06346743406986931
97,103,fit,1.1357890179299883,5.032065170673433,19,19,0,0.43511663801879835,0.3124588796999371,66,74,0.274862676858902,0.30664335688924743,0.20005718,0.1753416077130924,0.3069484350530358,1.799457494654336,0.009691687290961397,0.09247793216566218,1.9935746605960225
98,102,fit,1.2213849739933675,5.661981031354807,9,9,0,0.46202904829927205,0.033900851831387795,76,72,0.34798166155815125,0.30779147842065224,0.29914907,0.3984311119034839,0.44840720175869736,2.189335052952489,0.03402001706328812,0.3246184834283217,7.844661954693273
99,112,fit,1.3304772403590515,4.479864803858675,5,5,0,0.16694060741122846,0.016005572271018696,88,80,0.4277842342853546,0.386463174980417,0.0,0.0,0.6348595622777268,2.9146679859392823,0.05855215069375677,0.5587037279938623,11.6709564695207
100,116,fit,1.048552371804086,5.855753705001037,16,16,0,5.178113275997296,0.16033266234274784,80,56,0.3473624587059021,0.22857126492687824,0.1531031,0.08483711604277061,1.2778722075708553,4.96929043202496,0.14142812522177772,1.3495050116581844,27.948474010054145
101,103,fit,1.2079885663630403,5.1103074282125736,8,8,0,0.12688758378733758,0.047189759283628466,76,73,0.3383234143257141,0.30580284492888377,0.18390651,0.3081324389957721,0.3111917087102073,1.1917268815606803,0.007646050050360578,0.07295849284695208,1.9291169804320798
102,95,fit,1.103505341334137,3.3529896965397334,18,18,0,1.070430431465573,0.2021812669828976,59,77,0.2308068573474884,0.29144512082876906,0.0,0.0,0.5946902197188886,3.4902541407074956,0.0432686511926455,0.4128688090901288,10.363823168801629
103,114,fit,1.238920236431987,4.222045979252412,20,20,0,0.5260630379763654,0.302386663103284,75,73,0.33846405148506165,0.30212129921711695,0.32494307,0.34434332758466907,0.34773316358744794,1.8580518689853156,0.012458588697143672,0.11887966314068389,2.4789857939213733
104,105,fit,1.2052177128749189,3.939620494074746,19,19,0,3.092337320244628,0.4535007200219607,68,59,0.2815135419368744,0.22490115444370254,0.20613468,0.26477050068510805,0.5788666367568485,2.6847895761885616,0.05510352847188629,0.5257970274034951,11.547214997001655
105,106,fit,1.2477165054116,3.2861147949776646,16,16,0,1.6114403625305578,0.22302541548783827,72,73,0.3198355436325073,0.30314796208853423,0.19765395,0.000565659315568006,0.3265742967884579,3.2608023004731588,0.0351247415394142,0.33515974751349425,7.48705642474873
106,101,fit,1.1445912919028312,1.656408040678447,15,15,0,0.6984766580562881,0.09908138186977111,67,59,0.27019497752189636,0.21993782105001658,0.0,0.0,0.4897343768449611,1.2303478829223886,0.016587837222265988,0.1582808895254388,4.350675777981872
107,101,fit,1.1152536885098587,3.6161795463226096,15,15,0,1.640643839871564,0.177816382299299,67,62,0.27776795625686646,0.22809218851436464,0.30294767,0.3853343954842306,0.4839085103395489,3.4426796112615214,0.025105447715529656,0.23955579881230588,6.614502560769511
108,117,fit,1.1791345080164601,5.316997403610506,14,14,0,0.7066752008053394,0.19136829786736417,83,91,0.3483065962791443,0.41513385259514973,0.05910349,0.0,0.7467778271814056,3.401290391296158,0.05176922465144682,0.49398115125426356,10.10210302242392
109,122,fit,1.2554296177933828,4.809865003681238,10,10,0,0.42210481609241346,0.07794191428824748,93,81,0.43639838695526123,0.3761849384885956,0.19121492,0.16002441950409016,0.5839609750437537,1.1173072791055507,0.019970348198059505,0.1905567576150716,3.953359916870225
110,103,fit,1.211073141648642,6.677851107266189,10,10,0,0.14438115052390194,0.04131908903612228,74,93,0.3438223600387573,0.41979365787938366,0.0,0.0,0.7267587423467239,2.197823089840833,0.016411394546361514,0.15659727620573963,3.2658060860093863
111,103,fit,1.1662773622261584,5.048016883513371,15,15,0,4.470493524832942,0.18783699453380515,71,49,0.3126063942909241,0.18797213737972637,0.22545953,0.2914142263200038,1.2567161741774089,4.909079228883433,0.11388451888077536,1.0866843404654136,25.450917886970995
112,100,fit,1.1128605888439473,4.90737239899043,16,16,0,0.8625372649299754,0.29118900252115093,66,72,0.2773553133010864,0.30480059081665833,0.26353776,0.12839637564677078,0.42025634434878695,1.1881263452020345,0.012876876931398277,0.12287096308586141,2.697662258520755
113,96,fit,1.022420489570556,5.19169125991369,17,17,0,1.4546346680730475,0.3906154518685371,60,60,0.23798473179340363,0.23275803673045256,0.17822033,0.19139803586335855,0.42747174080601213,1.8675070334661752,0.030790022153097066,0.2937979213081781,7.28464985881055
114,113,fit,1.2635212540970309,2.605085089754248,13,13,0,0.41705838333974166,0.0750841308284296,82,71,0.366098552942276,0.29875070405379484,0.0,0.04206653402843945,0.6463407414233832,0.8363250265387109,0.011960836253550594,0.11413011692319269,2.6756692356876197
115,95,fit,1.2974938871555262,2.4836784214487118,7,7,0,0.07897505687188719,0.03859438059767426,70,77,0.3115204870700836,0.3266796493833649,0.0,0.0,0.16784477856500535,2.181809721281918,0.013615805605714338,0.12992180921483146,3.4257227506236214
116,120,fit,1.2210971468751044,4.843525259050053,12,12,0,0.24623024155115159,0.11707433581448698,89,89,0.41981470584869385,0.4298193518352342,0.08597752,0.03250841415441858,0.1989136679346665,0.25537892769972925,0.002714607128462453,0.025902739775405085,0.4851924896043821
117,104,fit,1.2036798709720975,2.598281523818344,18,18,0,0.13761447417879,0.3232373391173233,69,76,0.3145838975906372,0.3287122312521097,0.18596175,0.004997581387148288,0.13606582367078054,1.4396207680663216,0.009272086265890551,0.0884741055905587,1.8511180059948447
118,92,fit,1.0814923527795313,3.758610238655494,11,11,0,1.512084975439506,0.13197104831343615,63,49,0.2439415603876114,0.17512365334709828,0.13269454,0.08787998991234054,0.7318196780277685,3.9052269067432364,0.05626922302277929,0.5369200670112527,16.849022202563294
119,101,fit,1.0941147290627093,4.844853931159453,13,13,0,1.3932539561910324,0.09578198206748093,70,61,0.27765730023384094,0.23374905437242838,0.27338642,0.3232880914011053,0.48133528269193954,2.900879387515535,0.04966678449829502,0.47391969941121204,12.245338412889279
120,102,fit,1.0660664629332703,2.166850589873423,19,19,0,0.9190119909093397,0.5345798453148992,63,57,0.24291326105594635,0.2024308789036696,0.005857012,0.0,0.3931784828966479,1.166722766452379,0.009097054976181893,0.0868039596963921,2.3645758952749616
121,98,fit,1.0992206188839198,2.399876200673236,18,18,0,1.6842306263202138,0.21609153533534875,60,62,0.23032861948013306,0.21966658546585144,0.0,0.0,0.24443051536974647,3.4097535299533885,0.03227669703714259,0.307983750354414,8.697377950642624
122,99,fit,1.1031637019538587,3.166592908285717,15,15,0,1.6896068830514226,0.295244922943336,65,84,0.2588321566581726,0.33077222038390963,0.21611004,0.2729743468465986,0.7155469366443972,4.49034222152287,0.0757294415601132,0.7226091751919198,18.894450490200075
123,107,fit,1.1055399185268733,4.836472694068038,15,15,0,0.967525952715712,0.5092099767368972,73,65,0.2872193455696106,0.2553547131197163,0.31036842,0.35417182988770246,0.3048375996584278,1.640457553820841,0.021018966105289638,0.20056265367642784,5.004977542432087
124,99,fit,1.0984565313403878,4.668709516742698,16,16,0,2.835473958532503,0.3222646688267013,64,72,0.24591168761253357,0.2587560879774483,0.21712966,0.34876536553482834,0.5957748319569582,4.633674848856865,0.06691947149051446,0.6385445752911685,17.73363060233888
125,93,fit,1.1554551351814648,4.9221508654076755,10,10,0,1.5963046170454571,0.06150621623916411,65,46,0.258470743894577,0.15668436069241948,0.1769524,0.21398609436657365,0.9933562033911824,4.416756629600925,0.0712204660712751,0.679584599916747,21.67195660965001
126,106,fit,1.2658557497178116,4.749943904733555,15,15,0,1.5475567193519362,0.16187475080329286,73,91,0.34208565950393677,0.4701280766957379,0.31826413,0.3227720917279481,1.3460725866052252,4.6559451184946266,0.1071423579920243,1.0223507441987052,20.516873762296584
127,442,fit,1.1964915262072642,0.7895417820586178,36,36,0,1.1630444484005875,0.8976321601933899,65,51,0.25924527645111084,0.1637772970184426,0.29582214,0.28690599680962875,0.9503953976063062,0.044297780378349985,0.0004468747618939377,0.004264072155476505,0.08623350913852888
128,100,fit,1.0716770342557758,4.478340430191407,20,20,0,0.7537566271786457,0.11034311235129068,61,55,0.230417862534523,0.1911582955233138,0.18202189,0.17672530750587803,0.38904349524535153,0.5817391653725855,0.0016708554297249368,0.015943277001192146,0.4294563865768557
129,120,fit,1.1099478622245875,4.933075109331123,16,16,0,0.39021798544813346,0.14074782909706618,85,83,0.3827625513076782,0.3728977437280911,0.12785839,0.12136305879699735,0.46665427546533095,0.7789724468861968,0.0026889754983051165,0.02565816315176638,0.5056253948972128
130,106,fit,1.2216181890890088,5.260124229652859,13,13,0,0.4130918868741925,0.24405660615036023,74,73,0.3290983736515045,0.3006781612438258,0.3065112,0.3946833089821534,0.3041878662847729,1.9794479221338739,0.013455255401026522,0.1283898416128485,3.17432560471258
131,101,fit,1.07177029587963,2.945274136809279,14,14,0,0.2373109704533697,0.16479280064271007,67,68,0.2652549743652344,0.2699094866832036,0.07112008,0.0031673189320688268,0.31543235659207264,0.5848061916989248,0.0027351740134953628,0.026098988678390864,0.6838602435470512
132,88,fit,1.180872626371531,3.02181812873534,8,8,0,0.11905108306090263,0.053529492105065773,61,62,0.24002009630203247,0.22928805537580957,0.0,0.0,0.10692431393001646,1.76979994976541,0.008008474531516095,0.07641674171293983,2.602592863150107
133,104,fit,1.2930324361397603,3.971469594397253,11,11,0,0.6767309120099947,0.09525079462400646,75,77,0.3495290279388428,0.34547611652054233,0.053234212,0.16143080054123982,0.2179242359585901,2.298519016912276,0.030525687952093542,0.29127564839783915,6.257015979706551
134,91,fit,1.1927238878740045,6.725071077907303,10,10,0,0.3364749548860253,0.07642950831710009,63,74,0.26823893189430237,0.28657406484058684,0.0,0.0,0.18086245135665413,3.191362887694011,0.03134778184069501,0.2991200557318226,8.725491155032488
135,106,fit,1.0233635639368728,3.4997557240940966,21,21,0,0.6902550847008042,0.5041270285062638,66,58,0.2211020588874817,0.1871000475130993,0.23297209,0.28950776888988355,0.5053752007382436,0.581468084933112,0.007528093742528832,0.07183295555848122,1.904068972676801
136,99,fit,1.1844098236657026,5.668258150615341,10,10,0,0.17328017280417923,0.030267294862235204,71,78,0.31505605578422546,0.33547041138392486,0.2665148,0.2704434094267739,0.2161275497554534,2.222590101622481,0.016380892186789182,0.15630622315638532,3.811850498393319
137,111,fit,1.1241714924479491,3.9947189402040686,16,16,0,0.2705822023990626,0.14590866093067695,74,67,0.31056445837020874,0.25671741233167833,0.28765082,0.3562255470260996,0.5282085234868955,1.242552436699722,0.005651255344756756,0.05392419222096141,1.3887492545672162
138,107,fit,1.1581066165133376,3.695139741167612,14,14,0,1.2034297511101875,0.09813099102979284,74,85,0.310243159532547,0.34089451688611505,0.2745328,0.2682026020593844,0.3235177429242888,4.2399647171678,0.07898904330950485,0.7537122453197027,19.436149594647834
139,112,fit,1.2565060228368792,4.102196484955789,14,14,0,0.7634206985363328,0.1136450738379157,79,80,0.3774113655090332,0.3488752543265428,0.29959676,0.19763238883154777,0.3491190687663439,2.977463517236347,0.030271388287723862,0.28884912488286124,6.308604138980769
140,94,fit,1.116064890426395,3.5280098784638687,15,15,0,1.7978185419169168,2.1164405615524493,61,64,0.25420060753822327,0.24246342825268696,0.14538994,0.13874698191410018,0.1975591653908318,2.626476016867103,0.01735680538212646,0.1656183719668555,4.595575323010024
141,104,fit,1.087992887358169,4.314471078441751,19,19,0,1.1511382813072184,1.1588953648281262,66,64,0.26286447048187256,0.23756961610932226,0.24128176,0.147086790898571,0.28386231069486084,1.0408055774003266,0.004868510641368125,0.04645525421152791,1.1995636102128768
142,107,fit,1.1009025395750838,4.339518043126392,18,18,0,3.22786040273557,0.22845029342920278,70,58,0.2825862467288971,0.2039495498735365,0.24476753,0.33422626956730317,0.8312781627531887,3.7673244628817644,0.03848054567740785,0.3671807793645787,9.6956589549173
143,90,fit,1.0961921669202521,10.86118087861388,13,13,0,0.7041979751152743,0.19939386888586463,58,55,0.22077356278896332,0.18944986843632777,0.17138408,0.16380597118749046,0.29531245514331855,1.6643073789249854,0.00598312554437098,0.05709089259895973,1.915155043690632
144,108,fit,1.1209266046822417,3.44240588216695,25,25,0,2.8348007512782827,2.179990873056851,65,60,0.2728177309036255,0.21490284832925846,0.28259954,0.24374467636405905,0.653268407996658,2.5555385404615243,0.02144831606313939,0.204659504419269,4.633029921892097
145,99,fit,1.1453895653818524,2.7788055773336784,18,18,0,0.30975360453119016,0.24281287376897023,62,64,0.2549665570259094,0.24524518463619824,0.0,0.0,0.1038601029190142,0.9960961009434718,0.004914821384603824,0.0468971506164487,1.1955502191742822
146,97,fit,1.210205711567616,3.1609132108195626,10,10,0,1.74081865474227,0.028153890793154657,69,54,0.297112375497818,0.21033963983523904,0.18564501,0.066452322161029,0.9282431117887325,4.794202615302555,0.09753522639903002,0.9306796412121184,24.450132666339492
147,93,fit,0.9811862570112032,5.060449799454406,25,25,0,2.008842833828292,0.5120831241241822,51,58,0.17076051235198975,0.20058948103037116,0.0,0.0,0.41761825475849207,2.0651086087302044,0.01335160345637834,0.12740079633948798,3.285771140762214
148,117,fit,0.9444294604054964,6.878699555102847,26,26,0,5.417114485281008,0.7446052741512733,72,68,0.23225152492523193,0.2756626148491332,0.086237445,0.12171749516141363,0.45421200635837566,3.0294341450441693,0.0647612577096055,0.6179509323435639,12.000446286734206
149,104,fit,1.1845982042513066,3.0189313224230014,13,13,0,0.3945043378004767,0.1613477105449608,73,71,0.3086070716381073,0.29446116011337997,0.06944033,0.16699293961622982,0.2319760760828042,0.7704419492224353,0.010316133747822831,0.0984363907235003,2.3583586330175277
150,99,fit,1.1658225913066276,1.549300016563908,11,11,0,0.45250387485591625,0.0889165574945659,69,63,0.286848783493042,0.24407619944345046,0.116507605,0.3107433824257881,0.4167022509309205,1.381941029666327,0.019369849457701465,0.18482680780249489,5.07954226569122
151,103,fit,1.2773391375228995,3.247129064234868,11,11,0,0.7697722309396791,0.08676562810302924,74,72,0.33931782841682434,0.3030491189668458,0.22043782,0.22078917851652388,0.4661888673949233,3.1667888228171046,0.03076021414608149,0.29351349376031954,7.156830355753183
152,97,fit,1.1376622217713577,3.4404758207622548,16,16,0,0.33774482744943635,0.13923687210935462,63,69,0.27024245262145996,0.267447647346292,0.0,0.0,0.0900881907969776,2.535857227609029,0.02187761209689028,0.20875584061918206,5.443743366427233
153,103,fit,1.2940994529086136,2.3069765023472284,12,12,0,0.8651989852137143,0.1778853366000243,71,69,0.3252074420452118,0.29567034290331173,0.0,0.0,0.32265012346528077,1.995069198912777,0.04281722047122117,0.4085612640383699,9.202613060795075
154,103,fit,1.0102687115530171,3.022761429877937,20,20,0,0.5661454127015288,0.6829596297920848,63,54,0.2342858761548996,0.1809983937667648,0.2752509,0.3302153240108007,0.6646939088822525,0.40609750869089917,0.0019248083793311677,0.01836649216919053,0.5384699765750015
155,105,fit,1.0680430605149596,3.803035443171324,18,18,0,2.5230907478823346,0.1420637302580078,69,57,0.28323814272880554,0.2159569102479264,0.27783442,0.3038527910093019,0.6873248489744391,2.5914407170188642,0.053085836693496,0.5065442432585496,12.078823519737444
156,88,fit,1.0046882368197194,1.9810101460753078,16,16,0,2.577109015610293,0.09857755018327059,53,41,0.18868739902973175,0.13149400816603599,0.0,0.0,0.5736874776458653,3.268704033844791,0.04597737807061373,0.4387154396050928,14.582497021284043
157,91,fit,1.0374100824694694,3.312304318994103,15,15,0,1.373079603543905,0.13396817593826954,57,52,0.20766842365264893,0.17957538154257707,0.01935897,0.10620574197790111,0.2794039233932865,2.7469256558666175,0.02257579530772921,0.21541789415772145,6.784239446749997
158,135,fit,1.1867798392390305,3.2534749461584638,18,18,0,1.1442131387481453,0.31132486559157,98,86,0.3028532862663269,0.36497083006707237,0.2584458,0.2524704394701726,1.1624475062482116,3.53131247463861,0.059589777848569794,0.5686047504634522,12.196716765713573
159,108,fit,1.1355119337704958,4.008045105792867,16,16,0,1.0621793295545392,0.17373749382533676,73,77,0.3147444725036621,0.30495600175075654,0.16716297,0.23455478902039334,0.3281950500938257,3.5378016091372277,0.05141490139436142,0.49060020414467,12.316605565869233
160,91,fit,1.0061952445742819,3.30926275262522,16,16,0,1.607881296795657,0.15377248710584734,56,47,0.2090037316083908,0.15153776713826023,0.020425983,0.026873098075353534,0.6079075387269504,2.516025610135473,0.026091025539718142,0.24896016736372273,8.095995556349381
161,97,fit,1.0589610076579732,0.9839381395752499,18,18,0,0.5873052636330934,0.20897607230453807,59,55,0.2185087502002716,0.18761154737170324,0.18807462,0.24714615412986962,0.3342111906262524,2.0164782090710056,0.00910571335879803,0.08688657785112623,2.568900334841681
162,93,fit,1.0894507793158577,4.0205324723524605,15,15,0,0.657292229494879,0.10532929731803395,60,61,0.23887962102890015,0.23082593054334227,0.0,0.0,0.09598762472706203,1.758282468822774,0.010479362406574416,0.09999391609326731,2.8010897595894892
163,93,fit,1.0363938122757193,3.995234965281971,17,17,0,0.8735015093356993,0.07994097818550948,56,55,0.212155282497406,0.1914249961972642,0.19491312,0.164188134036109,0.20839646195438605,1.1440152594554494,0.012652814959134333,0.12073296716731233,3.5608767304085784
164,101,fit,1.1004436760195704,4.903993149417315,18,19,1,4.455630022832256,0.22301738775537766,65,82,0.26355651021003723,0.3815907727416948,0.21697521,0.1891838379784055,1.3133112725102496,4.885398499856819,0.08427166504235813,0.8041189412438752,16.211396592188752
165,121,fit,1.1233411331733492,5.433482520243435,15,15,0,0.398843371213404,0.25864276681207843,87,81,0.3971896171569824,0.3607419994859755,0.078774385,0.05154595706754297,0.41720491240958846,0.10275856358203835,0.000559742164200308,0.0053410511851174425,0.11151357576479513
166,102,fit,1.1833073756976173,3.8408129710602337,14,14,0,0.6217510252488768,0.1333468186966826,70,88,0.3043099343776703,0.377772136888751,0.24549676,0.27599195747673677,0.8804678143322647,3.2646585808094524,0.042437399575989826,0.4049370188548647,9.05345148096308
167,123,fit,1.1715905236860884,5.100642026862266,16,16,0,3.2741980296511666,0.17945088711758,88,71,0.40472280979156494,0.3048162072918014,0.06722605,0.11895157931064512,1.0962102359363513,4.083863413230832,0.09323963010838458,0.8896911269884025,17.566882145465463
168,96,fit,1.1162310732803882,5.067602309249821,11,11,0,0.7828052988684818,0.14150688993408103,68,61,0.29723337292671204,0.2370474482683723,0.0,0.0,0.5986060473962783,2.388690285568069,0.037830381339463856,0.3609769211780902,10.013744962714583
169,90,fit,1.063288752671113,7.133256756069043,8,8,0,0.16936300537715854,0.07921320878336026,64,69,0.2597675919532776,0.2783381512429957,0.0,0.0,0.21383888143903473,1.8783061272417854,0.011956797334089483,0.11409157761535767,3.2765346984546615
170,100,fit,1.1934116318093642,5.236338761713236,12,12,0,1.0543221938651486,0.0801362388670687,69,76,0.29615500569343567,0.31481448372540594,0.19431728,0.15536010013504456,0.3848057068895324,3.837687842909129,0.04434848997334975,0.4231726142495205,10.563807278492702
171,88,fit,1.0433925351815987,4.127054683130982,14,14,0,0.20471069055821245,0.06713109584376346,55,55,0.2009834349155426,0.19168442082881185,0.17012201,0.15317175981959777,0.12446831502043126,0.39826585321516417,0.001753568944675213,0.016732528098045926,0.548553561017956
172,91,fit,0.9987546452178097,3.5577316414174316,21,21,0,3.5897288163656307,0.4916227281360597,51,70,0.18195030093193054,0.2388949320078508,0.14017135,0.0,0.6359845332957051,4.644733275331784,0.07575839197974168,0.7228854196540236,21.893142432160715
173,102,fit,1.0653587962801796,4.553694404132469,17,17,0,1.243679729395734,0.6745739206142496,66,57,0.2566106617450714,0.2045898370091026,0.26855493,0.3473954609736565,0.5193608515619542,1.9670433275444799,0.016937887762716066,0.1616210664381304,4.487863752329774
174,94,fit,1.037468977084854,4.366763304397313,17,17,0,0.9684833871894973,0.06153524837962971,58,52,0.21669545769691467,0.17185768283886943,0.24038209,0.29011794595344753,0.4412642522770216,1.3946319663222009,0.0147329825436105,0.1405818945001002,4.26739818814351
175,104,fit,1.1576467578636325,3.185083167424137,20,20,0,3.2066325025982807,0.4830975381597596,65,72,0.2569165527820587,0.2698108020089141,0.007944206,0.0032086977106277107,0.5170171860846909,4.2046582033283855,0.06394249082536205,0.6101382712343707,15.145900250055593
176,110,fit,1.182024288304467,1.5957875441536837,20,20,0,3.724662771355431,0.21815012142034013,70,56,0.28884345293045044,0.20634964518323126,0.052710194,0.10810737750430569,0.8684454746028981,3.246707837422544,0.05193133538456517,0.4955280093947058,11.682106840541673
177,86,fit,0.957219376471676,3.218853050102721,20,20,0,0.4840452193698274,0.2877711910957184,48,44,0.1537274420261383,0.132489591264492,0.17987925,0.03166899813423484,0.2450181786004428,0.911677008899186,0.002509511495135893,0.023945720373434093,0.8212335457698586
178,93,fit,1.1387459115033787,5.147925121187033,9,9,0,0.19742871054196132,0.06933651330175218,67,72,0.27827879786491394,0.27856570989841256,0.29178745,0.31875533035221804,0.23350297414348964,3.0178465768466385,0.029899085000641618,0.28529661260154215,8.725088276301646
179,95,fit,1.1040409495794363,5.198847560701682,13,13,0,0.24719097153523914,0.16101946786091065,64,58,0.2504950165748596,0.20635205252995925,0.26011047,0.357487667639835,0.4250709442742368,0.5374093736281397,0.0013864044275577086,0.013229049881275845,0.4042637563353194
180,87,fit,0.9638366677686547,1.369213761208039,25,25,0,0.7145823731219851,0.20301414627370695,44,42,0.13714560866355896,0.12329720160965676,0.0,0.0,0.16075398025757157,0.38104474591320747,0.002524144216078035,0.02408534557326369,0.7520864170887499
181,108,fit,1.1654165090375719,5.03774754099084,13,13,0,0.5106515477666789,0.12655823704785263,76,78,0.32696565985679626,0.32903371099882756,0.21024999,0.2210214065468994,0.015568998475597737,0.9539957708335334,0.009999080242777897,0.09541107101887306,2.1272456731186966
182,107,fit,1.2172609411392474,5.1243918048301005,11,11,0,0.897249880069009,0.07726315785948736,76,69,0.33910173177719116,0.3012171255447883,0.24656409,0.23978761713664767,0.5139994171620793,2.516964608125343,0.04299944492007107,0.41030004694724304,9.453316166801859
183,97,fit,1.066413795122822,7.185084050457808,11,11,0,2.166578215675606,0.13754180017749976,68,50,0.2873097062110901,0.1963830900046548,0.23095416,0.1600405340463896,0.8921946652483964,4.899888843034862,0.10222984569354787,0.9754756268468308,25.698492537743533
184,90,fit,0.9878838817143882,2.4706917438861398,16,16,0,0.38014205761528697,0.2920262685304766,55,57,0.19240690767765045,0.19436638911167153,0.0,0.0,0.02188291198981303,2.3849306002269657,0.014410939201366288,0.13750896184509817,4.568623124841211
185,84,fit,1.04888085001727,4.476426627284381,10,10,0,0.17075599072838354,0.06742520560477795,55,51,0.20281095802783966,0.16277170933784738,0.11897857,0.23330309446162684,0.41099027290729634,0.8017910775656271,0.01379906403957715,0.13167045839291172,5.088046685119152
186,93,fit,1.0754895900286456,3.4032348242592687,16,16,0,1.2567475331148479,0.515445427898432,59,61,0.2396213412284851,0.226692411393285,0.11429868,0.22311609220546927,0.13643988663656972,2.5139820130336283,0.023912949382726853,0.22817699792678295,6.146885337758938
187,107,fit,1.2201064633726801,2.680551394598326,18,18,0,0.2761639387481433,0.22812094679874054,70,76,0.31869378685951233,0.32625236018080106,0.076208495,0.09300056616887056,0.2370306324730289,0.37556271006044817,0.003751830633420374,0.03579991062424021,0.744854880697486
188,93,fit,1.1543190513432415,2.5891409448812683,13,13,0,0.2820293540627541,0.03623562811370099,62,65,0.252144992351532,0.25080188482991456,0.019293062,0.0,0.12234265801213054,0.9841489461766322,0.004562049005431733,0.043531001960226454,1.198319174742338
189,106,fit,1.2068017819967076,2.3067952552594897,18,18,0,2.54979211819013,0.378704306769091,69,57,0.2947015166282654,0.21966087890814567,0.0,0.0,0.7780785508604849,2.5565221906094173,0.044192819451428327,0.42168720850599545,10.069802764496385
190,102,fit,1.1267007676676626,4.950256387102222,14,14,0,0.5645649994395167,0.21541193407173345,70,74,0.3025207817554474,0.3103706830491254,0.2834918,0.3036951929033668,0.07092476374215952,1.4127542747151514,0.012644596875627662,0.1206545503399586,2.7522143876879523
191,88,fit,1.0860583306496356,2.1174600001940433,15,15,0,0.27692590823182056,0.04904924791188316,54,59,0.20173989236354828,0.2143398270699107,0.0,0.0,0.12765986390201792,2.0541650535479814,0.011046045607850498,0.10540119854819177,3.1725400430931656
192,99,fit,1.1393387181122936,1.946635770651699,16,16,0,0.28584393423548893,0.48196766187766404,64,66,0.25487059354782104,0.2552940898723581,0.14188689,0.18190925483583892,0.015259521605669117,1.349475940624828,0.0062689543250286925,0.059818266460197445,1.5402032375395698
193,99,fit,0.9552128245906221,5.165544864206341,13,13,0,1.2264543446541898,0.08105934193708116,68,78,0.24632126092910767,0.27002810736928945,0.28457835,0.37415814175358386,0.2939741304278727,4.445926680668995,0.06798303870484824,0.6486931174126741,20.715033290244325
194,252,fit,1.2197176095156645,4.97229820446607,15,15,0,0.4157414014294438,0.2026316998928263,71,87,0.3182612955570221,0.4208647244512903,0.0682302,0.028637920687358712,0.9781918561167849,0.7367368174069215,0.005053804588873483,0.048223326229708804,0.8896893386131118
195,105,fit,1.091021592258013,3.252020665025737,16,16,0,0.22003837034545598,0.21307094367665352,71,72,0.27967673540115356,0.27523783740959146,0.27260426,0.3438087403708335,0.35580273656328304,2.0948337840377977,0.01507873504402284,0.14388105958037062,3.6206240394342393
196,98,fit,1.0904729351549285,3.4709433830779015,15,15,0,2.3512938920369857,0.12139635751563496,64,83,0.2347327172756195,0.30535357315109884,0.17433783,0.29312014334421366,1.2053123893405593,4.500933437333971,0.07222449097578786,0.6891649902269833,18.14733920639065
197,103,fit,1.194230047780074,2.7098442890353907,15,15,0,0.4849086714426922,0.08781196833756354,69,72,0.2980301082134247,0.3059733089081122,0.0,0.0,0.06982767478213063,1.006174346335927,0.01256160633641659,0.11986265588183768,2.701162303382402
198,111,fit,1.0936271766315147,3.9759147649750983,19,19,0,2.7020553779794936,0.22846030371709147,74,56,0.29238370060920715,0.19804927025246546,0.3333091,0.35946496897811264,0.9733658415519384,2.6323441733341064,0.03914574173920585,0.37352807003059013,9.431079240572387
199,104,fit,1.2679676682091785,0.5826115930701105,14,14,0,0.8256694616811552,0.1671103368695161,71,80,0.3235095739364624,0.3354428105502057,0.17574117,0.16960493064397447,0.13596142942735884,3.3514171993730693,0.04282221179725771,0.40860889119520716,9.4897283411188
200,106,fit,1.3099009818481737,2.284926319294527,13,13,0,2.2732128923566797,0.19796624969774437,74,72,0.34523436427116394,0.29995697913873715,0.0,0.0,0.7079553682004672,4.510167706020666,0.07323833523780537,0.6988390766966162,15.476432353782949
201,116,fit,1.3238570908481146,1.8019070988722965,11,11,0,1.052584325729829,0.06586206036551807,86,98,0.38088396191596985,0.4050799590983816,0.35193065,0.35431282284364496,0.3774836924057217,4.88159565428476,0.1135387418122051,1.0833849409561553,26.337024698884488
202,94,fit,1.209336450559495,1.4937700268506657,11,11,0,0.3133451349031793,0.10775204691963529,65,73,0.2740646004676819,0.28634176271283573,0.32892516,0.23002216770017472,0.15093419791418913,2.934782188696606,0.029236408007362234,0.27897335884887625,7.703879625959678
203,100,fit,1.0416048074835567,3.261345640630486,17,17,0,0.5327545928478146,0.5261163812164881,64,56,0.24509692192077637,0.19109878565229352,0.0,0.0,0.5383631326962905,0.0272621967866994,0.0001226442307507045,0.0011702693773922184,0.03484941996255787
204,103,fit,1.1657081037774475,4.891119703691085,13,13,0,0.46240657366766275,0.1307755561618726,72,74,0.3229808509349823,0.3122954738153206,0.025175802,0.0,0.25183939344560324,0.8803379936804735,0.005304986535646823,0.050620100530981135,1.2199985602402181
205,102,fit,1.2259417097531506,5.403869603650537,11,11,0,2.1069693533462996,0.17540056674943272,73,72,0.3251756429672241,0.30618630754276904,0.10391572,0.13506863210980324,0.6754949941872033,4.982379060338414,0.09387758547941029,0.895778487398953,20.00917292408173
206,99,fit,1.06097662136891,3.9576371128691648,16,16,0,0.9229224186883234,0.19002228743532013,64,57,0.2399580180644989,0.20060651332605495,0.18346141,0.30747942039109877,0.3841036677183646,1.8204840047750166,0.013930535506355417,0.13292495712171198,3.86356679176697
207,130,fit,1.1627444196038557,5.803530092335752,18,18,0,0.7207981769922003,0.11802456978165822,92,91,0.4172508716583252,0.45174585999441097,0.0,0.0,0.4157715440623587,0.19803213280376555,0.0035832122481618722,0.03419095656643008,0.5680123533232935
208,112,fit,1.1594987638146863,4.997572283707141,23,23,0,8.547262635080031,0.637648738601584,71,47,0.29620644450187683,0.16236675817445592,0.26871708,0.30601866769854197,1.5304747116919646,4.231848558291134,0.07645558359819013,0.7295380114331119,16.96440301559135
209,121,fit,1.2463781278069366,5.928706534933875,15,15,0,3.112994462802544,0.2590689129393046,87,61,0.40518394112586975,0.26879027847450493,0.096237056,0.09464451660807313,1.3302923294986577,3.760253638118499,0.10377118938327187,0.9901831048022125,19.92950702831735
210,108,fit,1.2144830247475107,5.583280559039857,14,14,0,0.2084812648811579,0.18887088004533864,76,76,0.3446498513221741,0.3313629525132173,0.25850308,0.18619870476050482,0.5703340348198924,0.38451174906148144,0.0033156277830845024,0.03163766968592082,0.7021306600908247
211,90,fit,1.1318116975501673,3.1335507249757253,13,13,0,1.3308968392160585,0.10751663991125478,58,68,0.22323566675186157,0.24283347565294772,0.15604343,0.17851085548840886,0.20558474259239234,4.113979839495025,0.04982460506466205,0.47542562084601186,14.34957012427649
212,95,fit,1.125363369856699,3.1920522373806373,16,16,0,1.8714906735181425,0.04710692746655826,61,65,0.23175737261772156,0.2354121831635379,0.0,0.0,0.41893442792943736,3.73911496870904,0.0321565507508185,0.306837316324604,8.27550662207982
213,101,fit,1.1666218810106053,3.8193203076144413,13,13,0,0.36079638720577906,0.18657996016606543,69,74,0.2855755686759949,0.313157014812813,0.106949806,0.12189660288910603,0.285040916372949,0.045966953610933475,0.00018020885712308963,0.0017195501633882598,0.04081323911918749
214,95,fit,1.145289414015321,2.559154666967625,12,12,0,0.45363445239140643,0.1718010900670478,64,72,0.2495238035917282,0.276078879385182,0.11870639,0.1967873758659503,0.2810377344172214,3.320325806816754,0.038661569266457634,0.3689081036875728,10.605496954289725
215,104,fit,1.1105964955088485,4.236763548369196,13,13,0,1.6852990213389731,0.13665217918845246,72,84,0.2470652312040329,0.3188624537002294,0.25678036,0.38647957111202463,1.260957677729531,4.701153880482382,0.07621878610224828,0.7272784933420636,19.73255984228386
216,95,fit,1.0620311998572887,2.988456056851788,16,16,0,1.3489599179240037,0.3724299333891463,61,64,0.22493329644203186,0.22647137102956752,0.22834617,0.16825293708905448,0.09297115465612829,3.3334056790077518,0.027670138170660375,0.26402803597958374,7.660531830780174
217,93,fit,1.1008460155893602,3.5037265394990507,15,15,0,0.7833784908689797,0.2116023180806611,60,64,0.24192605912685394,0.24953826886364355,0.035295084,0.0,0.06321926599285028,1.4763691497008073,0.017828854861214802,0.1701226608894542,4.385261194621221
218,91,fit,1.177270346297411,3.121466000935031,12,12,0,0.17035870340799064,0.09908468161629598,61,68,0.2414971888065338,0.2693064557095373,0.0,0.0,0.30023678665344994,1.3314491835799198,0.005617993180994644,0.05360680516216263,1.4380251937186599
219,100,fit,1.1222000899856506,2.0409294014025736,15,15,0,1.2837505723599754,0.10129235601847619,67,63,0.29056355357170105,0.2493363362533941,0.42578095,0.38796179081879983,0.4451916904425065,2.0754708016063574,0.0385838964970008,0.3681669513072595,8.934734608178431
220,93,fit,1.0933176126902615,2.7210017499516477,12,12,0,0.23287102907951693,0.10209689739896523,62,65,0.24286718666553497,0.2400107602384227,0.1436094,0.25193511151135745,0.05943946316346386,2.2229045824664793,0.014191237651194248,0.1354125730075787,4.083521956869674
221,102,fit,1.2227101336699113,4.538708354278068,12,12,0,1.056512581734705,0.0926001386035282,72,74,0.32213979959487915,0.31425668334433227,0.3002646,0.17903213304921958,0.3794613145585122,3.335485830626379,0.04010238979438609,0.38265639116780614,8.980595792670861
222,102,fit,1.226633681614098,3.2145434012325085,14,14,0,0.1939828263536787,0.12892822609223226,71,70,0.3143424093723297,0.28773982019789984,0.17234844,0.21105182876633696,0.25618456396627426,0.2324641402006633,0.000904336954436964,0.00862916941256645,0.20761688186997818
223,117,fit,1.2614225138876964,5.489413875488094,9,9,0,1.1315600869615496,0.10671352219486578,90,73,0.43712860345840454,0.33304768492689896,0.0,0.0,1.1601025813097476,4.4347442042078775,0.08862971211837443,0.8457033599081529,17.726213222463894
224,101,fit,1.2945631862165428,2.8220780574303013,9,9,0,0.7338605833855161,0.07778731044420689,74,67,0.3328515291213989,0.2859443633969377,0.050629757,0.03440371948635615,0.4872735610754995,3.308363584274828,0.05454012899594024,0.5204210782055366,12.691533023421224
225,106,fit,1.280212031537055,4.542686626175795,7,7,0,0.2025059346146123,0.0655015767782691,80,76,0.3694470226764679,0.3333652202759148,0.29077226,0.4113843868667809,0.3449744977583362,1.5219902515323245,0.00608897351366397,0.05810089230595391,1.47370608342425
226,104,fit,1.1095533999718181,4.7745239877372745,14,14,0,1.281612917359703,0.21828883556615555,70,73,0.2696857452392578,0.24690910000912092,0.28918058,0.4135617661983375,0.4372665569258706,2.6514609468294545,0.03448763298485427,0.3290804674127316,8.422086800972275
227,229,fit,1.3640888375744835,5.364997816756001,13,13,0,1.6889359110751245,0.29834578113872307,80,75,0.39907941222190857,0.35212788859729305,0.13631599,0.2986738836514167,0.4705411814303421,2.6174884006228014,0.07824710827160547,0.7466327125153194,13.74729169653372
228,92,fit,1.031764279394977,2.960055900543958,16,16,0,0.3558443230564967,0.10681905397097598,57,50,0.20548798143863678,0.16536945067821354,0.0,0.0,0.3973047216280061,0.8172943630200631,0.005882428744959977,0.05613004527633565,1.8654806817679987
229,80,fit,0.9763727206771922,4.7884062466674555,11,11,0,0.18011052483274786,0.049900018576623344,51,51,0.18091268837451935,0.16516645411080563,0.06668802,0.00043827978907421533,0.15876851737579575,0.8584974434257565,0.0021400255015220455,0.020420090663378295,0.8126895678786845
230,94,fit,1.0785379433153721,5.886020739491539,10,10,0,1.684821765851887,0.07269926719123462,66,53,0.26599055528640747,0.1892622190495702,0.099673264,0.1472951136363912,0.8335868615080003,4.719260834488101,0.08044546331517834,0.7676093827784192,22.573003716186538
231,98,fit,1.051455328174501,0.8712035722099537,16,16,0,1.952463959123441,0.1082622417041653,64,82,0.2644634246826172,0.3622446682124754,0.13993295,0.06839110981722885,0.9976853995958537,4.2559093547041025,0.0595821298537463,0.5685317734136097,12.746678423175783
232,96,fit,1.0949621021466622,1.5703455104074835,12,13,1,0.6987825533376107,0.053114262224417765,65,66,0.2606286108493805,0.247082903141912,0.20880735,0.3030353878679906,0.1819368526658695,3.271049243802588,0.028233706463102953,0.2694055960219747,7.830536029075842
233,89,fit,1.079841563808083,2.6329389455984993,15,15,0,3.6194719881224233,0.09152673584620469,56,53,0.20747250318527222,0.18357227811230906,0.025344279,0.0,0.38943801915049636,4.821174064607644,0.06910067303952258,0.659357567171017,19.154246913258394
234,121,fit,1.1157204502488045,1.065910339673621,22,22,0,4.540157485971633,0.2430868805779591,81,99,0.3341906666755676,0.5224019243029095,0.26822487,0.15254641629314653,1.8761030683582869,4.879418078329605,0.1350510571604774,1.2886551255770744,22.881019350444376
235,97,fit,1.05707011386547,1.895475292715498,22,22,0,1.4025510566699209,0.18414841511940053,58,57,0.22573190927505493,0.2031860861230939,0.28427437,0.2509393964900185,0.3083320660543605,1.2272640613371637,0.01736590656611181,0.16570521532549437,4.147584506400943
236,110,fit,1.3284448922582082,6.29206708580908,16,16,0,0.4414622427194058,0.08531502516660648,76,88,0.37538862228393555,0.43134310419529953,0.0,0.0,0.5549966223951148,1.6165797239628779,0.010084067176735347,0.0962220150451846,1.6679341378552843
237,110,fit,1.2744908502855543,2.983157535838846,10,10,0,0.1342159513689135,0.07822859197562922,80,70,0.3249923586845398,0.2778080934192162,1.6913404e-05,0.00587021227942232,0.45112597330375387,2.2596453048320964,0.016283029416423376,0.1553724180956429,4.29692150752754
238,95,fit,1.0625805395831966,3.0368144282313265,15,15,0,0.17150512390992254,0.10969790454733505,61,58,0.22213628888130188,0.2034817934170876,0.15761715,0.04465715562460026,0.21383452635975994,1.24249938715092,0.0034234271073837115,0.032666289192592665,0.9953393374890317
239,99,fit,1.2057754153945939,3.0958755277535945,11,12,1,0.23433709807842432,0.13388297537331728,71,72,0.30119502544403076,0.2871064603781931,0.24482854,0.339343042563741,0.16186237788234784,0.21500058484882617,0.0011704486986751663,0.011168403613312654,0.2775277182287246
240,117,fit,1.098965288714682,5.282351902852772,15,15,0,2.794803245490789,0.17584543888630008,85,65,0.3643563389778137,0.2760820925330174,0.067506045,0.0,0.9908569501491853,3.882514370454027,0.08299766639923124,0.7919624656415195,16.76554687457029
241,111,fit,1.3083855843548833,4.882052517549414,8,8,0,0.15361367344171745,0.05811959938138437,85,93,0.40745049715042114,0.45705356362353544,0.052620582,0.017626426474070502,0.48643352211546165,2.6152586047959665,0.026201077756304876,0.2500102839342068,4.965494017428506
242,104,fit,1.1720334722153747,4.944114399346208,8,8,0,0.5955482052869555,0.0630981597445591,77,68,0.3546043932437897,0.30112472481578906,0.13111204,0.10595703344826121,0.529919632176923,3.5165228322405326,0.07497258093146783,0.7153872226285098,16.540065874074365
243,106,fit,1.218287721143387,3.414487806939403,9,9,0,0.23211011638072654,0.10156572950456601,78,87,0.34907066822052,0.37282363470001084,0.26107138,0.2615055100701437,0.47779982628121903,3.402096540358754,0.04700056956170339,0.44847871719182625,11.019277284608231
244,98,fallback,1.2229487895965576,3.96602470663486,4,4,0,0.8181603630393208,0.10824797370312877,76,79,0.35278546810150146,0.3476848920587528,0.13203108,0.13964870095549256,0.4695469630029515,2.6550459707651552,0.020897659680521565,0.19940514962329736,5.206248908396083
245,99,fit,1.0414173244527303,4.347158355898526,13,13,0,0.3832182611946889,0.35620485828964515,68,75,0.2821715176105499,0.3131129236124242,0.20848034,0.2203616083945129,0.2941399476396696,0.7956744865625217,0.0036577441112739845,0.034902138466354815,0.8570819380751782
246,105,fit,1.2132267687631992,6.245511743541553,12,13,1,0.5831847084686325,0.3081700600714166,74,85,0.3333014249801636,0.3930993307788456,0.16617413,0.05381648232785979,0.6730431103470044,2.0683067492363265,0.015053134790188452,0.14363678234912644,2.9074068143335428
247,102,fit,1.1364938839544596,3.8753610749527834,15,15,0,0.7100605941020478,0.12460409036803684,69,69,0.2782750427722931,0.2785074946018858,0.22430305,0.318389499244758,0.14429980819506197,1.5690424151921112,0.012671544625255299,0.12091168535548949,2.926175195648244
248,109,fit,1.087948359325499,4.230657852495705,12,12,0,0.386747856344133,0.12043379982003694,78,66,0.2878689765930176,0.25112083362415716,0.24327493,0.3423578688006494,0.4635549690902942,1.2324770606603186,0.006162196596623103,0.058799585845640295,1.6362497442047252
249,105,fit,1.183098061066465,3.8422552340968017,18,18,0,0.8026810120616231,0.25484243520323924,68,65,0.28331780433654785,0.24990011859712752,0.2264751,0.26022425913800684,0.3669906928461417,2.1506716443653913,0.012957022086262631,0.12363570692998693,2.9822495590801763
250,99,fit,1.1210834097987243,4.190351084542188,15,15,0,3.093204142089188,0.16200820843126376,66,47,0.2711530327796936,0.16873485171361657,0.21732438,0.24255720092499522,1.0140365801649318,3.8099782823744524,0.07734313019625745,0.7380069675215405,19.769038056954532
251,96,fit,1.0645467475596013,2.0931407505530086,19,19,0,3.9850761120254736,0.17359901278528667,59,45,0.22015881538391113,0.14467168013144593,0.18611924,0.30697023170972215,0.7841955832327776,3.4431427954948672,0.052357861313854684,0.4995979133001401,14.32526353932052
252,98,fit,1.0887973109346514,3.6472649982096796,19,19,0,0.3536134775493871,0.3105225267471347,61,65,0.2337910681962967,0.24865308170358086,0.2602995,0.255110677843366,0.2201120061003622,1.7965417551085356,0.010801366115794152,0.10306647057055487,2.5594004329985975
253,92,fit,1.00013082712708,3.7238108225026463,20,20,0,2.7105535283159243,1.0808560767083577,54,51,0.18719102442264557,0.16957719173509103,0.0,0.08660951229491999,0.24356648950996715,2.883109949782269,0.024955469269016546,0.23812470676542505,6.963587837175793
254,108,fit,1.1121410100663012,5.229093006385376,12,13,1,0.43961926284539,0.30034219174450016,77,64,0.2804824113845825,0.24240271242943698,0.33560112,0.40063181423213184,0.2683390616080291,0.6426497892498357,0.003845925910168487,0.03669776631840159,1.0228920774296586
255,108,fit,1.1374189068275729,2.955185479144227,14,14,0,1.5701368695420317,0.08115393928204714,75,88,0.3291897177696228,0.3682989379982411,0.3924906,0.432766411627178,1.0687384464210197,4.2863247885529745,0.0699827554214252,0.6677743837922251,15.352914372170465
256,103,fit,1.1748792882846117,2.1385383744514703,13,13,0,0.613733581551186,0.05683425033748172,71,76,0.3065311014652252,0.3152303073124956,0.3941138,0.4476622822322172,0.0853118715836766,2.9145458818450845,0.02798773025122812,0.2670584947636271,6.489927760028199
257,118,fit,1.2216922765865528,2.390758193813245,14,14,0,0.39128054991587063,0.1544777259818648,85,92,0.39733177423477173,0.4312336887902376,0.45298764,0.2704277175869532,0.35203282585954626,2.797382845787858,0.03412672754969973,0.3256367132604936,6.282274869956022
258,99,fit,1.117409525826972,3.883123777494103,14,14,0,2.9764070541225633,0.038797323678516765,67,53,0.27425262331962585,0.17732676879386297,0.15475067,0.15174374014441505,0.9693227934969857,4.1661139627855945,0.08128822436260359,0.7756509958263701,20.852477543144083
259,100,fit,1.2264212006876034,2.8269557337980897,21,22,1,6.8275380473435,0.11882190072887021,61,50,0.2512989938259125,0.1829937072917995,0.22836798,0.14861810218208707,0.6674101584729079,3.972650010722645,0.08425275753315548,0.8039385260797278,17.704050028273873
260,100,fit,1.1042388310702234,3.6765292407555727,18,18,0,0.7632768045884012,0.14067364982906985,63,67,0.2393438220024109,0.2537898451552336,0.08762134,0.0746771622276957,0.14417530101675693,2.2968575124481863,0.016729971808988074,0.15963713558194725,4.058634428633961
261,96,fit,1.1957185421440433,7.7627236647683,7,7,0,0.1898050083481839,0.03928241817309289,70,80,0.3184596598148346,0.35796139260487425,0.0,0.0,0.38266955665549307,0.6772791738630042,0.004292195180053965,0.040956060878377526,0.9883874342530533
262,105,fit,1.1578678771468478,1.9753333948615834,20,20,0,0.7170087061741438,0.2710706010831937,65,66,0.26920679211616516,0.25106567230756793,0.19463982,0.0,0.18397322393137727,2.2322133511657594,0.01606858983113325,0.1533262388466913,3.7615922692591828
263,93,fit,1.0988111860744738,3.2352182934621236,13,13,0,0.15165955348909635,0.114035948991133,61,62,0.24220162630081177,0.23241580369249734,0.09493512,0.0,0.10557999437553167,0.21180742415921236,5.8926718998028885e-05,0.0005622778530346268,0.01673249082033017
264,99,fit,1.1409495975657902,3.595707098319759,17,17,0,0.7504601618001049,2.3346079632719645,63,64,0.24765437841415405,0.24807191866619802,0.2810692,0.34133805058139977,0.08380407020201412,1.004580431397938,0.003798884322780412,0.03624889620973675,0.9179125849825727
265,107,fit,1.0978573701833896,3.8667599730298723,19,19,0,3.390875449031566,1.739115396169118,69,88,0.28197625279426575,0.35523594082479876,0.25866187,0.318582772620188,0.8895737795470611,4.052832545667754,0.06615796585315077,0.6312783001254845,13.51200352517556
266,94,fit,1.0509383241600005,2.473698865638387,21,21,0,1.2511825049504566,0.17227563549603275,54,49,0.1864212304353714,0.15786106671145034,0.1909602,0.2057720236138473,0.3091178404185446,2.0583703993663374,0.009455794515416274,0.09022704690282704,2.592088651166592
267,102,fit,1.024002971272639,5.198547777094324,17,17,0,0.6823528252055857,0.16531006846678556,66,74,0.26522377133369446,0.3081026736940013,0.1165636,0.1931288288254866,0.41756376264055717,2.2219766267635626,0.016714669920315808,0.1594911251938531,3.625311398557264
268,115,fit,1.205748607323682,3.812891175799029,19,19,0,4.720864277989719,0.31944404033917617,77,58,0.34945517778396606,0.23570857142172078,0.0,0.02875875040204357,1.1454389579312816,3.712062045082403,0.0959060406352643,0.915133975527331,18.67935069937169
269,87,fit,1.0186649293996983,4.513107834314025,11,11,0,0.6983704794528844,0.047164586389380495,58,76,0.22218583524227142,0.29351702092293586,0.09696489,0.10975745054262107,0.7012074572827774,3.7859123496006295,0.040152747497892945,0.3831369036058487,11.374450301407675
270,100,fit,1.1461822663374797,4.292019112722961,13,13,0,1.909823629566201,0.12567247571444742,68,78,0.2912440896034241,0.3201440110431689,0.24378178,0.21897336907347575,0.3962254404964714,4.593830415879816,0.0718253707262321,0.6853565908991612,16.58255193789462
271,99,fit,1.1255318593017833,3.5210948815579566,17,17,0,6.07818628694892,0.2079570052528795,64,44,0.2570880651473999,0.15434364007033094,0.093125805,0.07416134272995946,1.0931886781562312,4.928187961436341,0.1153527151627719,1.1006938469730143,27.35391191290924
272,97,fit,1.0848175591986786,4.21331823549568,13,13,0,1.964656102979492,0.09230987976766174,66,65,0.2661345899105072,0.2549736118870125,0.053812727,0.0,0.48294949652346875,4.171851644526755,0.060019281047443175,0.5727030634298013,14.84744540051928
273,113,fit,1.2671654792045017,3.316207875302928,16,16,0,0.4457889889756678,0.13621067887413937,79,79,0.3478195369243622,0.3384311458195262,0.17903009,0.367343428228149,0.1522206625608463,1.6674523141139967,0.009976143769156339,0.09519221153775133,1.9801807921944408
274,83,fit,1.0397093035394183,2.223011914999467,11,11,0,0.24431018525394643,0.0782295859999451,54,52,0.18737047910690308,0.17279704117688635,0.0,0.0,0.15047524680194768,0.2199542062974824,0.001010092389932814,0.009638286163481051,0.36073231346599643
275,101,fit,1.1921171559288726,2.8182492376808495,18,18,0,6.749302091488041,0.22746809344498384,64,39,0.2634686231613159,0.13621851952957664,0.034662154,0.04422060423809663,1.2903759679010525,4.816292263830398,0.11878055440317067,1.1334022366714758,27.4949050574616
276,98,fit,1.1551868413637447,1.5014728767022607,19,19,0,0.46711072585506347,0.39721877165298036,60,59,0.23588956892490387,0.2164189120063109,0.0,0.0,0.2209257415924887,0.14307626836789683,0.0011813655282483858,0.011272571834431162,0.28678668241061983
277,96,fit,1.0763213032489465,3.20301732185088,18,19,1,5.784070365157235,0.2748952687239454,59,41,0.22139966487884521,0.1398110931863679,0.0,0.0,0.7922945857567214,4.533490320893376,0.09658381875034865,0.9216013239537084,23.982345754877525
278,90,fit,1.0216625529460548,3.3754229123713815,18,18,0,3.6541425675746426,0.29779030918069505,54,47,0.19456236064434052,0.15998461204114148,0.0,0.0,0.3766367199420112,3.5171530449730106,0.05762983271690211,0.5499029839399057,15.386402508317381
279,99,fit,1.1706936395121144,5.5492426434437645,13,13,0,1.003193076202,0.18496551852430124,67,57,0.2829291820526123,0.21337005565044492,0.27429327,0.30586796790318865,0.6730923318743692,2.535722082504365,0.032106427477584264,0.3063590408166437,8.465295423819484
280,105,fit,1.0793116501271318,4.72098767931059,19,19,0,1.5210584503194526,0.28184963758159987,67,74,0.27291274070739746,0.2788743238301744,0.35435316,0.35552941047808806,0.4121287093949422,3.5422330470517367,0.04245351148489746,0.40509075844367803,9.906158412640051
281,107,fit,1.2405740836212678,4.302060130208068,13,13,0,1.1679894891281817,0.21947216107937031,75,73,0.3502195477485657,0.32264536685721484,0.15850762,0.20143326556680338,0.30168439900281363,2.889397043617734,0.04676076984873719,0.4461905519917671,9.47952921888344
282,101,fit,1.310989471922511,5.310944229309882,9,9,0,0.189788022383672,0.05776920877915837,74,80,0.34765294194221497,0.3581724300120546,0.1597175,0.13089228386068555,0.1664211335091027,0.7666178208707197,0.005199610770349526,0.049614606587304634,1.1461276598288603
283,95,fit,1.0881721820786263,3.7455614925583607,16,16,0,1.244307515304753,0.13243948910456538,60,56,0.22550925612449646,0.19979760322477133,0.18124223,0.044808303815766275,0.25628154503526646,1.9427017278637562,0.0250183521836411,0.23872473457672805,6.581808930203041
284,104,fit,1.2117998051069117,4.198777396653809,13,13,0,1.2329710128190885,0.2127074593244943,73,91,0.3081416189670563,0.3999270122660228,0.23772459,0.4020059277073713,0.9469805847555455,4.8700051463696665,0.10799789509817255,1.0305142662039366,25.483435894974225
285,99,fit,1.1892605706989785,4.281480983788827,11,12,1,1.2847342377513495,0.08376387299511606,69,55,0.30102500319480896,0.21695895444436622,0.2544179,0.33451194877477075,0.7406509095189715,3.162499761832409,0.0679646859978319,0.648517996162518,16.77879385748561
286,100,fit,1.168315374170438,3.616328004829499,12,12,0,0.6707040088100291,0.08036250945192862,70,78,0.3109586834907532,0.2982039034721325,0.26016355,0.35690434099294693,0.5469538486632324,3.258466815547537,0.05609599956988464,0.5352671714683649,13.842712648518598
287,108,fit,1.2697934772748167,5.175752076163286,15,15,0,0.5779951142620738,0.1901415870171893,75,78,0.35539865493774414,0.35659386481380534,0.2159078,0.0858602049906309,0.03511054713507667,0.730453108875868,0.012369644220365978,0.11803095630120207,2.352098103383175
288,97,fit,1.119522605195966,2.7174558393728145,17,17,0,0.9786934702424575,0.31361930126860893,61,59,0.23316437005996704,0.22042921929131357,0.14423591,0.24032799854688722,0.13186729780683124,1.4010788030025707,0.015336224008465378,0.14633801534795207,3.8253727834152875
289,95,fit,1.02396381325758,4.264418082011158,16,16,0,1.9576866727222995,0.19124285213848508,61,50,0.22440464794635773,0.1589662310475039,0.2472974,0.19853521978220967,0.6555605982255859,2.7094294938588703,0.03508777926785895,0.33480705408262357,10.066787152924238
290,94,fit,1.1330758046589804,4.147672983379822,14,14,0,1.36612487620296,0.05502550953139452,61,61,0.2331024408340454,0.22907812989613896,0.14318961,0.20503288829695376,0.3134476933909442,2.9073699942343976,0.03084169695413532,0.2942910014707569,8.008009488602097
291,97,fit,1.1495508711475935,3.2131929907723733,16,16,0,0.5720704480182556,0.15445576583865328,64,70,0.2621430456638336,0.2734787838971506,0.01649324,0.15469387303902257,0.16950172486474452,2.616703238556136,0.02247754902409246,0.21448042961920286,5.458503447227475
292,104,fit,1.1753514396157365,3.4977704644517225,14,15,1,1.18649562307573,0.3822354120631656,71,89,0.3048411011695862,0.3641426767254646,0.0,0.10862997348132933,0.6593782045872293,4.433845316473474,0.08883352440639987,0.8476481336488537,21.264665152702296
293,105,fit,1.2151303985234854,1.5177860740238303,17,17,0,0.8458603121898765,0.32882611185879124,69,69,0.2963528335094452,0.27753064424463747,0.15008464,0.19482896198527927,0.20042653584657122,2.008132847530689,0.01274778837821524,0.12163920208220648,2.827988871137982
294,93,fit,1.155375874783516,3.1465356889319276,15,15,0,1.238043470835928,0.06856975419046835,60,78,0.2311110496520996,0.3107565636517158,0.17738265,0.13350105853822675,0.8196553714426382,4.238363644771782,0.06649344331020136,0.634479420898868,17.137849840518275
295,103,fit,1.239709791843832,3.3712837902381825,11,11,0,0.2936546914223944,0.09432898782539927,73,76,0.32276350259780884,0.3302974005667327,0.23594943,0.34888384357208485,0.1023281028902953,0.4964523789347027,0.0023194239190178286,0.02213190762421592,0.5140657172221723
296,108,fit,1.2183647130946518,2.9200474408752313,16,16,0,0.7978038508967416,0.22449115139404918,73,67,0.32111042737960815,0.2702578280193783,0.06900642,0.0,0.515182304371086,1.369030443242644,0.0150846756662658,0.14393774490711642,3.3608352767929546
297,107,fit,1.252310087900125,5.455611953339058,14,15,1,2.0636400459368636,0.19365445017079308,74,92,0.33478814363479614,0.4250099891692188,0.0,0.08317687390108275,1.078777473464608,4.381990828132338,0.07736856237690197,0.738249641000973,14.031545616357475
298,107,fit,1.2491117090062875,4.292705666710435,19,19,0,3.2877118166164774,0.13998113837243825,69,65,0.3034132719039917,0.25617019528584384,0.21062554,0.367267803312298,0.5700995424660693,3.3508109812748565,0.04947727047810853,0.47211135952393635,10.24422367752889
299,93,fit,1.0422393298951766,2.9953126569977204,18,18,0,1.2465218643139968,1.2684721045403096,57,52,0.2119848132133484,0.1696629611733781,0.11960542,0.18153039675973653,0.4341962926609292,2.3230600634863747,0.010956897496390217,0.10455054862967764,3.2443378170502917
300,88,fit,1.043392419230843,4.127054739743269,14,14,0,0.22544777977087904,0.06713144080332031,55,55,0.2009834349155426,0.1910467161040251,0.17012201,0.1528574385806743,0.12689664812405607,0.19692353174945187,0.0008760391511056772,0.008359152205206843,0.2740484395376187
301,91,fit,0.9987547313844108,3.557729466717336,21,21,0,2.6987054836229487,0.4916284621229383,51,62,0.18195031583309174,0.20545880538784356,0.14017135,0.0,0.3764687973616351,3.991918760911962,0.050240122661091235,0.4793904834073591,14.518708110516993
302,102,fit,1.0653586783184332,4.553693840677142,17,17,0,0.4391688804847535,0.674576996809901,66,64,0.256610631942749,0.23397219849875373,0.26855493,0.347437719507393,0.23273610052019572,2.5716935000065435,0.019277448917712575,0.18394512326061616,5.107754862077932
303,94,fit,1.037469010157219,4.366763338921451,17,17,0,2.2629665268385772,0.06152966287731803,58,47,0.21669545769691467,0.15295409738174218,0.24038209,0.2911998062312582,0.6338647295217348,2.7840406998007166,0.03672370861877556,0.3504170669730492,10.636999824647715
304,95,fit,1.0290929936489845,4.1566120389922965,18,18,0,4.238966518046327,0.10843443289783065,59,68,0.22203953564167023,0.2395673573979204,0.1281943,0.0,0.6129011348554717,4.762677434399127,0.0670906780649609,0.6401782258106956,18.316352362404825
305,102,fit,1.091969503520087,5.244521548500298,17,17,0,1.1225264894658338,0.25924682564231116,66,75,0.261505126953125,0.31167643104875525,0.21539335,0.1895577216867915,0.6961513628049066,2.625634231991652,0.02318957070873487,0.22127452966350064,5.025127417047517
306,88,fit,1.082264251509059,5.235075128401485,8,8,0,0.7058810259265571,0.14666353392276413,62,80,0.24810285866260529,0.24447818332645224,0.19414267,0.29091320803287923,0.757175767334691,4.0693109416711275,0.09976651308743231,0.9519705447274075,27.749436027454834
307,101,fit,1.002117490586284,4.830066465280499,16,16,0,0.2730143675445757,0.1441097896427105,66,64,0.2555769681930542,0.23729317759905788,0.17647113,0.2028110830258387,0.4918088208932324,0.3732901352964864,0.017730370613068668,0.1691829256972201,4.604675315537587
308,102,fit,1.058051869313687,4.446665887272967,17,17,0,2.1431063855745585,0.23494909164646868,66,56,0.24894015491008759,0.17290029229355766,0.25708938,0.33374212956085925,0.824681981371946,2.525072458592421,0.0403188952443728,0.3847222828661527,10.890680764624214
309,102,fit,1.0759412114093259,4.800689097071236,20,20,0,3.3443421417962393,0.4134905407014791,65,51,0.2723948657512665,0.17854942049540612,0.25079194,0.29042571743364354,0.9247617573884271,2.7717713314751626,0.03950597201602762,0.3769653818323246,9.928814110442508
310,100,fit,0.903992473413318,4.652243916157492,19,19,0,4.569079865112985,6.576231533721595,62,38,0.196242555975914,0.10571716021706229,0.2642019,0.199675445806312,0.9327170565910723,3.148748681780536,0.03424067803428732,0.3267240270447263,11.595896662388938
311,94,fit,1.0217966601618056,2.2637130200861915,19,19,0,1.0847307976720468,0.3505672296984502,57,55,0.20672330260276794,0.17634041402519543,0.23454867,0.20020042203456054,0.28007749828830547,2.9330863907090685,0.02482126423470265,0.23684412437693367,7.4959890090852825
312,101,fit,1.1492454645021897,3.5730299434791433,16,16,0,0.1924517289889726,0.08049756439355991,66,66,0.26287829875946045,0.25029600064009827,0.019599074,0.0,0.12209566366748516,1.6278494053578827,0.0086315677654934,0.08236228783867747,2.1730185479234363
313,98,fit,1.1200152603567277,3.3078959528020215,14,14,0,0.2649903847671633,0.19335270711229655,66,65,0.2646794021129608,0.24223043075332562,0.19166712,0.2714520784988236,0.5238675166904284,1.8867441157098725,0.009294433496693736,0.08868734252570358,2.4305806719099197
314,91,fit,1.1705469329024165,3.8363973856444322,12,12,0,0.5555626179575107,0.24237475541034392,62,65,0.25395798683166504,0.2552385047894821,0.15321542,0.08014205289097458,0.24301459961503674,0.5055063989446305,0.002112660081549574,0.020158970243793647,0.5603257828244134
315,107,fit,1.2548655967722981,2.9098808426669005,15,15,0,1.9317860690217707,0.3749695252466982,74,65,0.3280739188194275,0.25696309267022743,0.05913843,0.0,0.7224818394067849,2.557231807203394,0.057850343901684254,0.5520070982985138,12.323451431720125
316,122,fit,1.0920925628128275,0.9867814243923817,12,12,0,0.6872979177866031,0.08357172482688804,92,75,0.3521274924278259,0.3340235286064457,0.4128907,0.04164985710116791,0.27267073484110904,2.240554790793419,0.03985224445329567,0.3802695081421342,8.188856321983254
317,101,fit,1.189731288957088,3.6256356569642736,18,18,0,2.750385601399274,0.2827958834499237,64,71,0.26658129692077637,0.28388039664468767,0.080781214,0.0,0.5526993941295495,3.789866790781678,0.0439265488302106,0.4191464583035362,9.669144029520961
318,98,fit,1.1481315271156343,2.794234363006986,16,16,0,0.7326770835655161,0.3058914315678883,63,55,0.25777050852775574,0.194561646472186,0.0,0.0,0.6129673105471288,1.3872194581712012,0.011494805138870696,0.10968325514189596,3.1265830127750367
319,238,fit,1.2664203233749514,4.855421793407802,14,14,0,1.5930213231536676,0.08706190364161223,79,112,0.36815953254699707,0.5219849692184746,0.28364143,0.2766936277433242,1.6037318026053609,4.646415179459596,0.13659503844651769,1.3033877714362374,25.024385246878747
320,108,fit,1.2140042384165344,5.735481249496186,12,12,0,2.1854991049004955,0.13588699439094823,78,96,0.363707959651947,0.4452617286962737,0.0,0.0,1.0536921878956527,4.839950168972415,0.09583925920262903,0.9144967481166892,17.300909829602684
321,96,fit,1.0703906936018568,1.2970005763091657,16,16,0,0.18522199578373308,0.16957984643374083,62,80,0.25158628821372986,0.36159343753847734,0.0,0.0,1.0693598216939784,0.6573421936526764,0.002565735623733984,0.024482210150133434,0.5167738760948932
322,104,fit,1.0651295745503788,1.1911525372342324,13,13,0,0.8513416596675129,0.5366920420595456,72,91,0.3049487769603729,0.43390233777730214,0.0,0.0,1.2445178043293277,3.919105090331755,0.05832267536874222,0.5565140779460136,11.77623144366736
323,98,fit,1.2671290684840697,2.378002710168373,9,9,0,0.30761710608185794,0.3135313174584279,71,78,0.32422494888305664,0.34838806866458455,0.0,0.0,0.25604245368937956,1.1744763814129093,0.004694215470967303,0.04479213235655823,1.0704962706729972
324,102,fit,1.0951803519151262,5.708567479976697,16,16,0,1.997763079698043,0.4924743785211163,68,64,0.2862299680709839,0.23522389576809874,0.3022567,0.40684221038731483,0.49553862385581127,3.589357375946694,0.03265500949554286,0.31159360205670666,8.809635967263027
325,91,fit,1.006195364370139,3.309262979652827,16,16,0,3.8819599583739195,0.15377648598347055,56,41,0.209003746509552,0.11812009033320164,0.020425983,0.019529049219315923,0.9382169815893998,4.232526006464137,0.06505404063576534,0.6207446625550127,20.186144472454338
326,97,fit,1.0589609689658614,0.9839379304719952,18,18,0,0.4981848048834942,0.20897581926602754,59,58,0.2185087352991104,0.19807242166101038,0.18807462,0.24946573927551632,0.1987407855050392,2.4116904808391633,0.01709061053156869,0.16307834476687683,4.821596726673225
327,93,fit,1.0894508039622606,4.020533093162664,15,15,0,2.392631378076257,0.10533070604631753,60,51,0.23887962102890015,0.1869848910439841,0.0,0.0,0.5231239680824427,3.2263598952693573,0.05222490336886791,0.4983292306189686,13.959495458792569
328,104,fit,1.1322359382722678,4.664280120681994,15,15,0,3.3942577389427715,0.18658240796979864,70,70,0.2982460558414459,0.2772831246379912,0.27875316,0.321981352936771,0.6141745129310382,4.934723464824592,0.0944753764060339,0.9014825992942166,20.889225613348696
329,94,fit,1.1270173673864143,4.049502738618766,16,16,0,1.5528678534064426,0.23794777543682227,60,78,0.2442576289176941,0.32511831865543134,0.13798828,0.1131853135509245,0.9038287513527729,3.2660922423127414,0.03373734545723609,0.3219212352789703,7.503557411450558
330,99,fit,1.0474737961345302,3.8997843766619757,17,16,-1,0.4809160722471613,0.22805811497407108,63,67,0.23980852961540222,0.25134591406487194,0.26756856,0.31400079745780685,0.1864738318541005,1.0973585935467556,0.0032215730242135636,0.030740200612724842,0.8102278468256956
331,106,fit,1.2391709719838937,3.843231903970563,13,13,0,0.18725675048933585,0.09203283036607131,74,74,0.33403098583221436,0.3181908565658113,0.0,0.0,0.21091538821395103,0.8102139417224825,0.0037640844734824538,0.035916836579031046,0.8436959052147623
332,113,fit,1.1336980020008878,5.017503545710751,17,17,0,0.6049328830642513,0.059857312244871855,76,62,0.2984939515590668,0.2326736802886908,0.26694572,0.3932025256393974,0.7131418978489281,0.6491906246041852,0.006772882541614285,0.0646267418092966,1.6737239352624824
333,117,fit,1.2382956906532412,4.8217975731423035,15,15,0,2.773496465406016,0.16753543611734326,83,67,0.3832080066204071,0.2732494494187368,0.36947915,0.4269329785071099,1.1041917914300694,3.8627737952586023,0.07391690556847258,0.7053139844319902,15.204520191283383
334,114,fit,1.3114511734843333,3.1017005839190115,13,13,0,0.116246463767854,0.07913162277927094,83,82,0.3965451717376709,0.36680115125494567,0.3331394,0.3770951125951232,0.3289924386597103,1.8699350767827276,0.014637744516445093,0.13967313469890355,2.935688684907801
335,90,fit,1.0778940242776114,2.674998677406174,16,16,0,2.9070826542148263,0.12529748920573752,55,74,0.2035822868347168,0.27060365089080274,0.0,0.0,0.7005823635137419,4.963946258313992,0.07700225453290582,0.7347543371460479,21.896280783120442
336,105,fit,1.2528154301163403,4.565418304241261,9,9,0,0.3388005498467789,0.07138266123616212,77,96,0.35603779554367065,0.42351444316362913,0.25974107,0.36391409962592725,0.6596555920131857,3.96751489352903,0.06424498015432997,0.6130246197932249,14.161651101102771
337,111,fit,1.154952507633327,4.878771336014453,14,14,0,0.4976903431495581,0.21683645159547774,78,82,0.31478455662727356,0.3395937018853884,0.3304222,0.3456596122859283,0.2721388987195053,3.340303884424338,0.04249689214372698,0.4055046960279292,9.71397155206562
338,104,fit,1.209770610740164,4.17038525729084,15,15,0,2.087029931134682,0.45310132013709165,70,89,0.307149201631546,0.36772500091734583,0.1802539,0.18509510062605858,0.7271013104990903,4.6007913466798716,0.08491680254111517,0.8102748334075874,19.49651898253292
339,109,fit,1.286507616984224,3.804703166416492,14,14,0,2.191039248139804,0.14221417071867698,76,65,0.35240161418914795,0.27696433130629167,0.2819141,0.2992543981777546,0.7575422816266825,3.686493770793249,0.0804721694224332,0.7678642120461182,16.03260028736071
340,88,fit,1.0990594121652992,3.6520899409695784,8,8,0,0.22792851214570695,0.062274709074679996,61,59,0.23908136785030365,0.21991566593413586,0.026083412,0.0,0.20072516998487291,1.5369293817640848,0.01824420218700865,0.17408589873099856,5.727005873756062
341,105,fit,1.1633936708535555,4.09453183226692,11,11,0,1.776613869915199,0.11913674254622099,76,64,0.27709856629371643,0.23700399570320752,0.21990126,0.38407030667220426,0.9922216410046121,4.286759613214665,0.09088135597713273,0.8671885112321825,22.30985853294733
342,108,fit,1.1257831512287828,3.0770818170034047,18,18,0,3.234220835491552,0.1535357536761883,70,90,0.2905281186103821,0.39064131889952,0.084943675,0.08734129581123583,1.0881058104897239,4.779718148502172,0.10500490730867829,1.0019552224110524,22.514386646551333
343,97,fit,1.0604361771663127,4.192694423055076,13,13,0,0.27020002935381354,0.05233442108300953,66,63,0.2596164345741272,0.229258213456294,0.23147579,0.3923458269828988,0.2893265206310579,1.4762396453396471,0.006675918757820744,0.06370151486470176,1.8500451836772298
344,106,fit,1.2956851126780973,4.306570391096907,7,7,0,0.7142610011593511,0.08145571855201333,80,76,0.3800172805786133,0.36398489247976284,0.0,0.0,0.6960954023398762,4.356143428366544,0.1047048472322058,0.9990920537424217,19.722223334701763
345,99,fit,1.2176377415973276,1.596266523480895,15,15,0,2.17858304882146,0.30420213991076606,66,77,0.2819570004940033,0.3000726781289614,0.13661595,0.228127485331986,0.5801029319540255,4.519203637606023,0.06343548608957672,0.6053004397860374,15.167261999395953
346,104,fit,1.1809869166705058,3.0452444876078406,16,16,0,0.4757910244181085,0.2525850604731992,69,61,0.2874376177787781,0.2309143785415379,0.1182285,0.06484994631333801,0.5501722236041531,0.8628301630027161,0.004589869976236578,0.04379646923889864,1.1592904355096298
347,93,fit,1.069888392187876,2.2802021651455333,18,18,0,3.1096964522069683,0.3535141083698377,57,49,0.21985822916030884,0.1692863885780254,0.0,0.0,0.5154712736979562,2.9695682677620185,0.04999581362652637,0.4770592903294501,12.919428942451995
348,105,fit,1.2231120659357941,3.0981210847134006,20,20,0,2.630337787900173,0.3712947189992152,66,76,0.2954782247543335,0.2974108566213799,0.21377128,0.3141732745941591,0.2897027799552011,3.8951538464384257,0.05678621727839697,0.5418532183053146,12.398586064040709
349,107,fit,1.3449086005924409,4.404875106653258,8,8,0,0.18005668011542153,0.05769894985029798,80,99,0.38462522625923157,0.4372471172970537,0.16696705,0.16877605500397388,0.5511215174841709,3.4919568683141815,0.05288766801316596,0.5046533207363164,11.204640387296232
350,107,fit,1.2528648087162084,5.967330798638833,13,13,0,1.9845811087101473,0.0848413892807247,75,67,0.35805732011795044,0.3040185487470698,0.0,0.0,0.5367259677541948,3.3098686803479462,0.09635914927255615,0.9194575312266807,18.15426257159252
351,104,fit,1.2509090045672795,1.9472600647638265,15,15,0,3.052556799071653,0.2734433905387619,71,51,0.3218032717704773,0.18647854637822053,0.23353992,0.20066946049250095,1.3725808163202426,4.040876962708211,0.0730411636698334,0.6969576686052805,17.55822107194502
352,118,fit,1.3042446068090225,3.2361735743299644,18,18,0,0.25890671844598506,0.16891582277922043,80,77,0.3704792559146881,0.3301763938867706,0.062133744,0.0574902936102254,0.40331467553259337,1.787629036557021,0.013086128089897871,0.12486763444559036,2.500237635548934
353,88,fit,1.0183922386341095,2.5780281969170087,12,12,0,1.0590688061950115,0.09081150682528087,57,50,0.21398667991161346,0.17047888330833083,0.07968489,0.09057233560995613,0.4267470451774641,2.7877717299691,0.032521573622153924,0.31032035899001836,10.50967691141533
354,93,fit,1.0051419276726608,3.261013280562579,16,16,0,0.27542879751169796,0.13163463763132655,58,54,0.20407092571258545,0.18079632198920173,0.0,0.0,0.22202417400524296,1.2925208187984984,0.004227424233844137,0.040338017498512756,1.320030915757197
355,96,fit,0.9610085816077114,3.815048987973707,12,12,0,0.1469490328007738,0.06036838936051138,64,60,0.2064708173274994,0.20329521925150246,0.21480134,0.34782964629112184,0.02902650228871285,0.2937411259710792,0.001735694909281704,0.016561974325207098,0.5384331935129294
356,87,fit,1.0599187340676992,2.2712573083121432,10,10,0,0.21831604519541015,0.07973035380947689,59,58,0.2202834188938141,0.20300153436036983,0.10095397,0.11955602801254493,0.17689696502108282,1.743288533342648,0.0071104048414716795,0.06784737444152365,2.3308329549788867
357,99,fit,1.1166826738454374,3.1122876517987654,13,13,0,0.26852188058786775,0.10025784885443585,68,64,0.26965534687042236,0.24392490981515594,0.12003305,0.17217446622146274,0.24496863059290758,0.01125566398469268,4.010173250554955e-05,0.0003826501193277629,0.010734339945868152
358,97,fit,1.2256005046677705,4.358903280532076,11,11,0,0.5125062954127856,0.05704634381831295,67,86,0.2775404751300812,0.35356362430302607,0.2894726,0.2533079088092536,0.7664679831053879,3.7414033496964523,0.05026135966704835,0.4795931265939728,11.94146134471806
359,90,fit,1.1489268401375297,2.7373894258366644,13,13,0,2.2067062807520323,0.17543918230995098,59,58,0.22909848392009735,0.21007895736509252,0.0,0.0,0.46454397526562846,4.358240784841165,0.05063276552321812,0.4831370756032263,14.082100160593118
360,97,fit,1.1521378275708551,3.8937027107410884,10,10,0,1.3288209547126255,0.061167228569338816,69,67,0.28637367486953735,0.25498152543821145,0.31326875,0.3886716840772228,0.30636794283750207,4.836104997043833,0.059106823577232286,0.5639964081796973,16.32307164201731
361,92,fit,1.0933784566199793,4.048198433513082,11,11,0,0.2772075307036628,0.12557582759044306,63,81,0.2537374496459961,0.3078259686627664,0.1300707,0.0036611020456031166,0.5186031384696583,3.0635354043130754,0.029756230512723875,0.2839334972588156,7.908341787063288
362,129,fit,0.9950184278455076,1.12948104619803,35,35,0,1.3216255289046017,0.7551274127478117,75,75,0.293748676776886,0.3182191817008558,0.0650718,0.07674714267205883,0.6462786018953616,0.4944118902314112,0.0033501867366357717,0.031967430693089424,0.5256863644192921
363,105,fallback,1.2446191310882568,7.389613808470469,3,3,0,0.3858974843352271,0.015951907364072822,83,82,0.38753604888916016,0.37920465716549734,0.0,0.0,0.15582365081587973,0.48559439803014887,0.005505132678360107,0.05252989196908499,1.291894375259878
364,104,fit,1.1577002171992468,4.438288598662635,14,14,0,0.24933402203499294,0.27600013523258915,71,82,0.309291809797287,0.3759420316474905,0.060809977,0.0,0.7036262000171312,1.0119706164238764,0.004246695120759967,0.040521900007251595,0.8334080639623133
365,115,fit,1.2395148020115778,1.3341562035637482,15,15,0,0.9673157398217128,0.06805011206885131,81,77,0.37167075276374817,0.3468398961640087,0.36098444,0.41327506973408923,0.3956698653450466,2.0652144450400374,0.028549702924381384,0.27242082943112006,5.40418355905491
366,103,fit,1.313656285373486,3.5768453015860397,13,13,0,0.5046186854627494,0.10445409747251251,72,72,0.32975155115127563,0.3082394916315349,0.1560267,0.12155402248956318,0.28540447615567854,1.3941869341408615,0.013490733899103196,0.12872837689983965,2.910528151153779
367,114,fit,1.335016549118774,2.7712320334999365,14,14,0,0.4098947655451726,0.10144052731029551,81,79,0.38956087827682495,0.3589669811001414,0.071191736,0.0067458736430284,0.3165892890542896,0.394287365269404,0.005940054842125564,0.05667991261570194,1.1420640390381211
368,101,fit,1.2967506698807245,1.3986930347242166,14,14,0,0.9729061590547745,0.20933862211475537,68,70,0.3006303608417511,0.29747671406463966,0.15890956,0.18190213909786826,0.17915043788747093,1.8773756436734235,0.03095744443705114,0.2953954621856025,6.3881724840166205
369,101,fit,1.2047288973313783,4.270950065860174,14,14,0,0.35328224390772894,0.1050078595045818,69,73,0.2951063811779022,0.29842012234826537,0.2944967,0.3751597932990464,0.06386603350621509,1.9292655506142182,0.0128966060552708,0.12305921808464503,2.9397398376011736
370,94,fit,1.0538224918224752,3.8283638935541133,15,15,0,1.3985673159793124,0.0861083298460387,61,72,0.23761755228042603,0.26372153805956255,0.2683707,0.39240523788882303,0.38160226483580223,3.5325821602298144,0.043112691289004364,0.41138064207065234,10.944361048455061
371,107,fit,1.1769832978012058,6.00660114814659,14,14,0,0.5952739281580451,0.13759745415552152,75,93,0.34134578704833984,0.46061334409321864,0.0,0.0,1.1390936985230387,2.0701415019406864,0.016697371643990593,0.15932606530525373,2.8719112586510107
372,101,fit,1.113793829126339,6.241775801597862,15,15,0,3.039962228152928,0.06810741729500243,68,67,0.29944294691085815,0.30101375302371486,0.0,0.0,0.43260946486688173,3.89756908453702,0.09370091352350665,0.8940926862930023,17.830552880477505
373,99,fit,1.0970371635430394,4.774307466795685,11,11,0,1.1473787636667585,0.043715711213803916,69,68,0.27301451563835144,0.2504870946679935,0.31414476,0.3891777327020789,0.2734741538352589,3.7209349999848738,0.05280157524821859,0.5038318248875819,13.566618286043077
374,111,fit,1.2457071952251169,4.392767993063396,14,14,0,0.2934517066073726,0.12674005590020995,79,78,0.36682918667793274,0.35271900551867197,0.0,0.0,0.26824513688975704,0.830089546831078,0.009259666444289322,0.08835559584245536,1.8306880477791108
375,126,fit,1.1941790116306017,6.792405753346618,15,15,0,0.44827046184767533,0.23989292905563653,90,88,0.40952107310295105,0.42588937311635916,0.0,0.0,0.47687330492363084,0.6188979993487217,0.0029244355110636987,0.027904918998699416,0.5082254859150063
376,95,fit,1.1231765106258726,4.339686877746099,13,13,0,0.29985977248450496,0.09089363994059448,64,68,0.2639803886413574,0.27133698327979555,0.0,0.0,0.16547527401990011,0.4015803538382144,0.0025234305411170393,0.02407853569768167,0.62801192125682
377,98,fit,1.21942565110684,3.5703871879294042,12,12,0,2.3088875438814838,0.1309626255075303,68,68,0.2911812365055084,0.2729097536678857,0.0,0.0,0.4737615704680993,4.810198366886551,0.07942341661873686,0.757857028804741,18.1330377341609
378,113,fit,1.2040210051015923,2.4141212658043694,15,15,0,0.29745950451183995,0.10776412011033877,79,70,0.3258521258831024,0.28014852601950313,0.25420558,0.30957931061646865,0.47364856948002687,1.1037692611496952,0.0041690341114723195,0.039780859842293126,0.9411417635341803
379,94,fit,1.1257878704822772,3.458610574290151,14,14,0,0.8171201895501404,0.18017573628508338,61,58,0.23674245178699493,0.214995396139321,0.06519702,0.04088726093430838,0.217149729985716,1.4724533210200779,0.011631759988972928,0.11099007623065771,3.190397142973382
380,110,fit,1.1493780532815672,4.698752641114268,13,13,0,0.22697013181937042,0.12379883375440873,78,82,0.35357266664505005,0.3816281779921046,0.0,0.0,0.2685718644330508,0.20550981636135765,0.000700485465580465,0.006684021618134207,0.13766294872491863
381,97,fit,1.0795156266730859,3.8584005976756504,16,16,0,0.6635936520376259,0.1939486623495019,62,63,0.22630929946899414,0.21751987804289122,0.03455651,0.0,0.18524189896245896,2.975571493902745,0.02808006350415193,0.2679395372533581,7.960071073535588
382,100,fit,1.053760004623499,3.1938464037423864,20,20,0,3.0072260633767316,4.793467857590102,61,80,0.2339777946472168,0.2755729364235357,0.09267977,0.16283622684566704,0.4450536107120489,4.37239805351441,0.07477957507616086,0.7135455637038249,19.177627130653203
383,98,fit,1.0534990631179812,5.268051041582189,18,18,0,4.13124389006353,0.23437693645991284,61,59,0.23647649586200714,0.23034429840664866,0.25131735,0.27123771229334315,0.29165446181264,3.84473643288973,0.07929985365236428,0.7566779928660713,16.72378880764406
384,91,fit,0.8930694716572184,4.637626524484909,19,19,0,2.378926594768491,1.3352529535040674,53,47,0.17516876757144928,0.1469346237611682,0.11775547,0.0,0.3021761386950856,2.0323308190512805,0.02434326682449356,0.23228308038638892,7.188111291202749
385,94,fit,1.1539084488140445,3.3348481129282974,14,14,0,0.6247562965840899,0.09062804513902865,61,63,0.24071365594863892,0.23549240277196365,0.0,0.0,0.08428474833570034,2.5432802592418016,0.01622177718912359,0.15478795027789685,4.3857670925761925
386,103,fit,1.1486489862607485,4.727692594114088,19,19,0,1.8460467956417048,0.22595963090804966,66,72,0.2685161828994751,0.2865118504420833,0.30425495,0.3484366670083337,0.19414950559636796,2.7448389876948287,0.030739433047244958,0.29331520083249,6.5749468803824955
387,92,fit,1.0700900168275702,4.7866739437207,12,12,0,0.5159292865036932,0.10362532740924349,63,65,0.2519139051437378,0.2349190920632886,0.2449215,0.21017157953885493,0.1799480199467921,2.779966862280281,0.018989443538093884,0.1811969803253233,5.604461911691237
388,107,fit,1.1002966326437558,3.924406965536292,19,19,0,1.3511828447934422,2.7074050219658745,69,88,0.29235196113586426,0.43740111566906914,0.031602874,0.02111832739458325,1.4394224559780098,3.7652222024335584,0.05997699723182372,0.5722995919067149,10.926730664809188
389,98,fit,1.091782785848433,2.7357706245181515,18,18,0,0.5592038723394588,0.44920667414187043,62,58,0.25379449129104614,0.21027492414904583,0.0,0.0,0.41593363719772564,0.7368696337150595,0.00342412934154391,0.03267298990022815,0.9143726590226964
390,100,fit,1.1367409907345645,4.713722955831216,12,12,0,0.6827579777247047,0.04071178408166989,70,67,0.29476475715637207,0.2697295688055436,0.0,0.046630929109602336,0.24268039294918617,2.6674499244637633,0.022734273911723567,0.21693009457751494,5.6495459313901275
391,102,fit,1.1475886519171086,6.154303044801621,8,8,0,0.2965363741681557,0.03339145544523142,75,71,0.32016265392303467,0.29261269212459856,0.2801719,0.21126234191326876,0.2629818574130152,0.2565400629960389,0.0009054864458925021,0.008640137842485707,0.23533640409654438
392,108,fit,1.1484260651679288,6.744552637168005,15,15,0,3.43775205850732,0.2194937905054316,75,67,0.3330768048763275,0.3106797833295088,0.0,0.0,0.2563648243090677,4.079111437381351,0.12095892002107675,1.1541881681400452,21.330778698487883
393,106,fit,1.1880017768972326,4.752720637218994,8,8,0,0.2895480925647344,0.06077377786145224,79,76,0.3534463346004486,0.314200661552177,0.21905303,0.4306653909490923,0.476915681747331,2.855770550764236,0.026691727275074614,0.25469205415147533,7.030127642587203
394,105,fit,1.1576966259609087,5.3515523791651045,8,8,0,0.3022879867793906,0.04262591712084501,77,67,0.34107154607772827,0.27042765887363784,0.26143995,0.3772855471563476,0.7417897015990169,2.3484933536207984,0.025805331685186308,0.2462340809655182,6.780025488404712
395,104,fit,1.1810567351050212,3.072318477515911,16,16,0,1.9119775523904194,0.3643796039061716,70,61,0.30932188034057617,0.239353798421096,0.048321724,0.0,0.6850200396128031,2.6113346555017376,0.04400316591236874,0.41987753733176275,10.127667783460938
396,93,fit,1.1110890906546769,6.134132830079109,10,10,0,0.5618324985804435,0.02936575952943124,64,60,0.25288358330726624,0.2357046361328811,0.28104404,0.2873883245344349,0.17910279894430384,2.1936368701266318,0.031599374365618896,0.30152074776353904,8.504249880442694
397,108,fit,1.3214255594678772,3.691108973516929,10,10,0,0.1796356460221728,0.07858739924225171,79,83,0.38948944211006165,0.38592489391361456,0.13719964,0.25622019815312025,0.04875074682363873,0.530737004708632,0.0030442000878436594,0.029047710761866977,0.6147436754587936
398,97,fit,1.166219914798776,1.957803008917548,10,10,0,1.1139106484930592,0.03425114508108998,69,73,0.29719796776771545,0.31778281368327344,0.018832548,0.0,0.6140550336007744,3.950752835619938,0.06569254432201574,0.6268372549810662,14.300163302333859
399,100,fit,1.2277586904469653,2.984822479616358,15,15,0,0.2767123540822211,0.15479722289388292,66,65,0.2835344076156616,0.2538943882142761,0.23389398,0.26345433089833137,0.2876597910784314,0.13003965360954697,0.0010547315021518383,0.010064231890761815,0.2521404471126271
400,106,fit,1.2936020162919422,5.1281704699937585,11,11,0,1.246985798053496,0.07158535466327445,77,66,0.36566516757011414,0.2923855879644985,0.27653816,0.2865162963037089,0.7688351377832987,3.187889794143221,0.08146624600904497,0.777349675658826,16.533740338739765
401,91,fit,0.941174816262799,3.117035864815726,18,18,0,0.6852839709991655,0.35804663914073165,54,50,0.18879136443138123,0.16458534595213348,0.15310334,0.23187726569263173,0.2731506937788825,1.1379394649748478,0.0033229046324701646,0.03170710527166187,1.0218438866353872
402,100,fit,1.20575878664032,4.9076918150167925,9,9,0,0.20150711225690612,0.1791560329249104,73,76,0.3238517642021179,0.331841965166986,0.0,0.0,0.08133337911009242,0.6124780438687506,0.0017670556753516709,0.0168612182762564,0.4105020453714396
403,104,fit,1.1625137402128853,4.308072031465274,14,14,0,0.3184685870218614,0.14972457699023337,72,69,0.30521729588508606,0.272035232460328,0.3084726,0.38147400734029474,0.32384585053821346,0.19355131134077783,0.001655093895924787,0.015792880686305216,0.39130356497878344
404,106,fit,1.2343111939955282,4.069407294961452,14,14,0,0.48320558247387135,0.12059664027373082,72,78,0.3159884214401245,0.34263742291153737,0.15062554,0.09742021345116846,0.27377836874847483,0.8237434008035345,0.004635806663781816,0.04423479641013183,0.9589239968958432
405,93,fit,1.0987518265026999,2.762201612226675,16,16,0,1.975943836570637,0.2054196352814164,59,77,0.23110701143741608,0.27472820088307326,0.0,0.0,0.5046017562292194,4.415915622761146,0.06664314460781814,0.6359078683952113,18.468987053454764
406,102,fit,1.2830608714126996,2.8426735370280922,13,13,0,0.4282837954981048,0.15190544011782264,71,77,0.3191177248954773,0.33616881503181173,0.006968005,0.0,0.2213898534200802,1.26927282353242,0.007837831537276229,0.07478846886713958,1.6674049384501006
407,102,fit,1.1257828769193206,2.7908604802930643,17,17,0,1.0816080155121481,0.08557323053040854,65,72,0.2628268301486969,0.26956774518922505,0.0,0.0,0.09490504251056658,3.5964679687558214,0.05099796105823191,0.4866217658228235,13.164518689973649
408,99,fit,1.123811750151103,3.577129666828179,15,15,0,0.34434178959618894,0.2755670918682376,64,61,0.2532323896884918,0.22315761273016915,0.03798089,0.047300341009208303,0.34307714562763425,0.8854912983743541,0.00439960354362457,0.041980949843745896,1.1662846464337515
409,106,fit,1.1396571816185335,4.620683163996948,18,18,0,0.40036965383212336,0.1398098987854631,70,77,0.2847926616668701,0.3174506534239462,0.018234113,0.0,0.3135106467699878,2.501872459010214,0.02432874332710983,0.23214449739608614,5.2185421478097735
410,114,fit,1.1966258009215394,4.010135315141138,20,20,0,0.45048071422034663,0.16474314331055087,75,71,0.32574227452278137,0.28769446465024107,0.15846388,0.2301019401899231,0.4122093693426733,1.5260524592266447,0.008708018656015067,0.08309178106884606,1.814233258886733
411,106,fit,1.04014331139117,5.516370180834303,18,18,0,5.366740127474855,0.20413391402033235,70,53,0.28835198283195496,0.2063346966721408,0.0,0.0,0.8597356622190574,4.662784321461545,0.11276671413990508,1.0760182646937506,23.891344284541397
412,117,fit,1.1541076748153267,6.8030810544442675,11,11,0,0.4423293283112108,0.05493202211261829,86,79,0.3837498426437378,0.3603643251699379,0.049474537,0.00725513222126591,0.43699651907723125,0.6828024662200585,0.005702212031965896,0.05441042015234633,1.1950213819674735
413,96,fit,1.0703909044216413,1.2969992891554203,16,16,0,0.7054274139389936,0.16957776699177132,62,80,0.25158628821372986,0.3424147049484114,0.0,0.0,0.8766321938313167,1.1841431387068424,0.01765355993710819,0.16844999939988728,3.5556649322224096
414,104,fit,1.0651297175413936,1.1911517378470013,13,13,0,1.4390640703270063,0.5366996460058396,72,91,0.3049487769603729,0.4351589564586945,0.0,0.0,1.3225892443855998,4.333444177784817,0.07046302412433593,0.6723571004230527,14.227613262024883
415,98,fit,1.2671292493620445,2.378001660363757,9,9,0,0.30856972159963775,0.31353230731856807,71,78,0.32422491908073425,0.3487343332314719,0.0,0.0,0.26846487870393465,0.6500297604532889,0.00405119052523014,0.03865639814150897,0.9238148617070808
416,102,fit,1.0951803899099672,5.70856746898124,16,16,0,1.0758853813543177,0.49247439951522215,68,61,0.2862299680709839,0.2246472301934399,0.3022567,0.4094285812723862,0.6120285998855792,1.0005473099743236,0.004962325533877952,0.047350434483568245,1.3387311190038298
417,98,fit,1.0355683005994136,6.484631533616376,11,11,0,0.10499614872638488,0.1045658641506592,69,75,0.29756760597229004,0.3219655957397581,0.0,0.0,0.294019441234691,0.18062411905120834,0.0011321508576163954,0.010802966198629726,0.26738554523731356
418,117,fit,1.0425454623975852,6.115773126156547,18,18,0,5.280618099373276,0.23382349060335952,80,50,0.3335665166378021,0.1856123395036002,0.0,0.0,1.5226583565948286,4.598171697703881,0.10605206028266052,1.0119471401017226,23.707378677474487
419,100,fit,1.090056329895311,4.899022098266336,12,12,0,0.899546353338863,0.2341433103303141,70,88,0.3021358847618103,0.4400979060580226,0.0,0.0,1.3895765301993,4.3164587718007725,0.07129705508046694,0.6803154110731577,15.071141445000132
420,97,fit,1.0184321689740443,3.170887735212129,18,18,0,2.6703578217782535,0.5204675657262744,61,79,0.22191207110881805,0.32872406127568593,0.30570537,0.03303038688917874,1.0559557337981191,4.819460222590219,0.09424845842057972,0.8993173513414094,24.380177040409635
421,120,fit,1.2076669567481595,5.321579418456709,17,17,0,2.1176509430598793,0.21909669956753086,84,103,0.3852129578590393,0.5685124434684251,0.0960333,0.0,1.8331979909251486,4.572841413386681,0.11087952126103323,1.0580106990556606,17.70973236244209
422,109,fit,1.1999740930447282,6.272303329301894,12,12,0,0.6683790063217163,0.07661031806021598,79,82,0.3552643656730652,0.38255118682971906,0.0,0.0,0.33965257197379206,1.5430353018660279,0.023852722733595677,0.22760231616026408,4.542545662898446
423,111,fit,1.2891015299130397,3.8449550612988888,18,18,0,0.30082574405128126,0.17240043868044075,75,79,0.34402474761009216,0.3552887476319362,0.2933959,0.18136431654338758,0.20058479698053017,0.589081345155994,0.005201114212383441,0.04962895240823894,0.976099241617668
424,93,fit,1.0641613852042708,2.502264989339283,19,19,0,2.2386087255352893,0.20777833924418987,55,67,0.2214217633008957,0.24100763887999507,0.21658443,0.1219940386662435,0.36498613594547125,3.8419719674582256,0.04415634467683287,0.4213391667636724,11.675003395830467
425,91,fit,1.040610605193493,2.799310903515438,17,17,0,2.269846152890164,0.04181805059980019,56,67,0.2106562852859497,0.24936663643652393,0.12859412,0.03327993366400383,0.5247588802169424,3.6110732001883465,0.03668140063776339,0.35001336486415446,9.486490787404355
426,97,fit,1.073811261668496,1.2630655155344428,21,21,0,0.7006669808579903,0.3633829854552416,57,69,0.21465136110782623,0.26305843192023215,0.08446737,0.049933350924979185,0.5256483217014816,2.6890010198068826,0.024396576698357927,0.2327917623889115,5.657335193061063
427,115,fit,1.3047178364053558,4.620932353624586,10,10,0,0.8981182015745874,0.17229080623338708,87,74,0.4078141152858734,0.33959576483448956,0.23574601,0.22622761167122132,0.7155214954376015,3.5482900149765717,0.07536780969531072,0.7191584894590717,14.855236259381288
428,96,fit,1.2320515195716386,4.020144366205916,8,8,0,0.397772622980398,0.08242950236499876,71,75,0.31935757398605347,0.3165890612381843,0.2659574,0.25840928960058646,0.37663487483479396,3.4051378269351162,0.033973854951224416,0.32417800525977497,8.462049007227137
429,106,fit,1.346927753782476,6.433663004228778,5,5,0,0.26366308026011287,0.0456388995868243,83,88,0.41477715969085693,0.4328964149731514,0.21069461,0.35405088360606674,0.17166939798502187,0.6160696192140779,0.0059677819153612,0.05694448392520229,1.1882597428443789
430,102,fit,1.190692951874297,3.1179627361806195,16,16,0,0.23530383088213347,0.13506940943180795,66,71,0.27505433559417725,0.286467866373062,0.18920577,0.23520998736745902,0.11879102980363365,1.6911827842139942,0.009630559436539237,0.09189465111201563,2.200094734046157
431,104,fit,1.124988485574673,4.413396929196075,14,15,1,0.37175114883916194,0.16584455562565653,70,68,0.2886941432952881,0.2702258898948053,0.26878446,0.3430353752713123,0.3431655854606927,0.162587554723396,0.0005154726478823619,0.004918632136282079,0.1231701300794194
432,96,fit,1.0354601519513618,4.6538186140646305,14,14,0,0.1615978488214549,0.06820239095815755,64,59,0.2453627586364746,0.21039824587089379,0.3132762,0.32813591883049165,0.33426083377211135,0.2566062968517454,0.0013151034611002957,0.012548697147903584,0.381158839576922
433,95,fit,1.0211399866452566,5.0600525428142475,14,14,0,0.3538588552341737,0.33047635695081595,62,69,0.23938636481761932,0.2728627725036202,0.0,0.0,0.35858363363059736,1.7440868856851588,0.00828646384307554,0.07906931147972844,2.0977766141558747
434,100,fit,0.9661823479254177,2.6632862012374874,21,21,0,1.7121301899770907,0.3744474794870435,60,61,0.2117273360490799,0.23103856025414082,0.0,0.0,0.2173022401243393,1.6715448964395931,0.025683495656095654,0.24507152343602723,5.970512316429182
435,105,fit,1.1516126092579715,4.24302570147301,19,19,0,0.7426984557831455,0.23903834047142816,67,69,0.2764396369457245,0.2840020971403754,0.0,0.0,0.08313787634206445,0.40234098447406835,0.005084658678276516,0.04851773547973775,1.070660748297622
436,120,fit,1.208580796647939,3.1443433132082617,18,18,0,2.812604742057043,0.21339759884736098,83,102,0.39250946044921875,0.44531785901105336,0.027952626,0.0,0.7481043743734147,4.524895172986169,0.09542846088478821,0.9105769168395821,16.882572017891636
437,97,fit,0.9951504048481793,4.608325946560416,15,15,0,3.4016135377567305,0.3339829288963735,63,51,0.2206590175628662,0.16375536827670964,0.19016759,0.2881164347005478,1.0972892789503383,4.488313462886526,0.06003926788464404,0.5728937775252294,18.001532012296853
438,118,fit,1.1356618807749232,2.622078194579436,21,21,0,3.2538541610383023,0.1932211102676783,79,97,0.35535740852355957,0.4550412772889272,0.2137476,0.09633492466312621,1.0211230345240905,4.600386814960993,0.11799437899614647,1.125900562940329,21.800442753290273
439,102,fit,1.1997395824805128,4.873923131498177,13,13,0,2.058257988608811,0.1043416223552312,71,63,0.3155277371406555,0.2831751054863825,0.0,0.0,0.32926600023824787,3.562867550118589,0.10037053047053278,0.9577340693753127,19.431717963286708
440,96,fit,1.106302105998825,4.734943667292945,11,11,0,0.7307366128496493,0.04541904918816978,66,85,0.2648017406463623,0.33305544038362495,0.0,0.0,0.6963656240822056,4.308957833354636,0.07281265153806776,0.6947772093327076,19.900025805774007
441,108,fit,1.221715711553486,5.70420766785953,11,11,0,0.2487944904142628,0.09955398949054808,77,76,0.3576728105545044,0.3293240319771894,0.33609712,0.4812513130347598,0.2884065689254754,0.29944721997724866,0.002359819133387013,0.022517358143005848,0.5362964322403214
442,100,fit,1.278233600362564,4.352786671166762,9,9,0,0.40797466824130946,0.0526790710308612,72,71,0.34077659249305725,0.3113893167662244,0.09194217,0.03566899083942187,0.2873103329307713,1.9740900549863023,0.03851649000275245,0.36752375956824856,8.724818356640881
443,99,fit,1.1295750509382152,4.175055521020738,17,17,0,0.6322404990947648,0.3641801839638318,62,63,0.2520867884159088,0.24358679347171308,0.18974248,0.15478480955730317,0.0976277366334609,1.0510482572938435,0.0065244683569751,0.06225637745205248,1.6023926969852007
444,100,fit,1.0925040723010477,4.484622025386712,15,15,0,0.8487241129835167,0.11685082890711773,67,60,0.2720962464809418,0.22539238210036586,0.0,0.0,0.46596799460575683,1.765054977618501,0.0144939016212105,0.1383005879886498,3.860785653713269
445,103,fit,1.171573038895502,3.3189798105897426,21,21,0,1.3851342162937323,0.11165803322198796,63,60,0.2556195557117462,0.22411691487072968,0.0,0.0,0.3265097978554272,1.698358612535177,0.014164307813154007,0.13515560890414127,3.3060006108775672
446,100,fit,1.0546435968535608,6.094529460700778,17,16,-1,0.9114403677752472,0.6188790818158615,64,69,0.26114723086357117,0.2809206118698807,0.18194585,0.15152803800806905,0.21514126931676966,1.500563063112898,0.007466079523021456,0.07124121682272382,1.720040661931931
447,102,fit,0.9315472029443203,5.935120464038766,16,16,0,1.1300474070994986,1.4875132649167082,66,68,0.2529432773590088,0.26928802195939877,0.0,0.07242547544378089,0.20586600407183053,0.6167390986593094,0.006680803448618302,0.06374812450971662,1.6179803834487256
448,102,fit,1.1171987530040315,5.3982193935443155,16,16,0,5.341752197093598,1.2127297865046809,67,51,0.28281089663505554,0.19577935556522053,0.23817715,0.20494254100392942,0.9084357309205406,4.985350048144724,0.11431267510109976,1.0907698005830129,25.658350764711724
449,114,fit,1.2161714990941048,3.2581844571176797,16,16,0,0.3416751552625052,0.12345489048705316,79,73,0.3375644087791443,0.30062232709639747,0.2784532,0.3161683827524192,0.41045283105746083,0.24176062941612994,0.0021628731999328056,0.020638103052793944,0.4654748885192512
450,375,fit,1.3407939109745708,6.74964707953674,13,13,0,1.1400985889771358,0.1466026790657001,91,99,0.46596717834472656,0.5174969638390404,0.0,0.0,0.5708009223434399,3.151276821168068,0.04649451684595648,0.44364996990416483,7.048338402869669
451,99,fit,1.1129573783167492,3.397408617489898,10,10,0,0.6398473830973173,0.14865392649647372,71,69,0.2978026866912842,0.27994479860252636,0.09528642,0.23423715292178665,0.6936813373446653,2.9672258340250393,0.028739431599171326,0.2742312175493447,7.3856001922890036
452,87,fit,1.1872792653984414,2.039995629856984,9,9,0,0.8956941393964292,0.06737218475998719,59,54,0.23069939017295837,0.19555698564705787,0.0862066,0.0,0.36123834855569636,3.9724681220896727,0.044538909782928536,0.4249895971653486,13.712794965911216
453,104,fit,1.1095534333105952,4.7745248620345,14,14,0,0.31439223418915574,0.21828330665681794,70,72,0.2696857452392578,0.2672916086532294,0.28918058,0.41239007485754825,0.15196914122246924,0.1547445066733769,0.000424996419223207,0.004055309343732891,0.10378135755105261
454,229,fit,1.3640889060286345,5.364997759197587,13,13,0,0.8975394069587791,0.29834601311117287,80,102,0.3990793824195862,0.4946766346523244,0.13631599,0.29908002843122067,0.9307982236932265,3.603573974867763,0.07214557339404433,0.6884119598668351,12.675307707714595
455,92,fit,1.0317643571597457,2.960056383803287,16,16,0,3.6394176602843804,0.10681839532854262,57,40,0.20548798143863678,0.1242431820216867,0.0,0.0,0.8609008225997248,4.30375877104948,0.05724955160871649,0.5462743474114169,18.154687269288026
456,80,fit,0.976372894761127,4.788406951928238,11,11,0,0.3100608159601425,0.04990107278531111,51,49,0.18091268837451935,0.15845437870950843,0.06668802,0.0,0.2373455669462138,1.5333851554854019,0.006667244968314798,0.06361874969766029,2.53193231930949
457,94,fit,1.0785378798425023,5.886019750176317,10,10,0,0.7759738235921089,0.07270094174650844,66,84,0.26599058508872986,0.3079719189834464,0.099673264,0.1530923050177035,0.5194615745238603,4.399814320432862,0.05944909637788056,0.5672623700179442,16.681501201174402
458,98,fit,1.192273551466311,5.700074906374019,9,9,0,0.0999403840660834,0.038460339527979205,72,83,0.32384055852890015,0.37941042275337805,0.21699183,0.16396779474729997,0.5484344914752912,1.4758801149806857,0.007920056858282972,0.07557306162483753,1.7047335425912158
459,97,fit,1.1367168886948007,2.8380841459164903,19,19,0,1.7378932933615923,0.2893258333766803,60,63,0.2361467182636261,0.23452151652298459,0.21140274,0.07604468273567039,0.32719750800073183,2.9704425865574846,0.02433994082047095,0.23225134370678385,6.027643807785029
460,99,fit,1.2376198389227957,4.624672722972965,13,13,0,0.427227407395155,0.16131632021755088,68,80,0.3066323697566986,0.3580334611083767,0.24093588,0.20942601954046233,0.49080195363192725,1.3576496649750243,0.006055437212273145,0.05778088943008726,1.247972889436695
461,85,fit,0.9838150705847054,1.8644723227790188,16,16,0,0.5775268369118165,0.2298744419185268,51,46,0.17271028459072113,0.14277905775272226,0.21200962,0.11726624422724165,0.3017935830220929,1.1768371513572622,0.007084550232210701,0.06760067015468227,2.4102874306502033
462,94,fit,1.0988708937952627,3.181530453145417,15,15,0,0.6728806818757156,0.31413300535088523,60,60,0.22785483300685883,0.222423564474345,0.0,0.0,0.08657152462200629,1.3656282804446513,0.013544578945766583,0.1292421655130399,3.654736147011525
463,95,fit,1.2753643986295249,2.0484770885716475,11,11,0,0.9466910845008341,0.07222833745984575,65,57,0.2721385955810547,0.2119957770307535,0.19720091,0.31035107421892383,0.5910366384878049,2.588611064193323,0.04123477677849985,0.3934616104818688,10.871996105743126
464,94,fit,1.1801423585023405,2.043963217220869,15,15,0,1.7043400518844238,0.30299045745706715,62,60,0.25546932220458984,0.22352476779422528,0.071412414,0.1525382556215403,0.4260929784353875,3.0786197491885474,0.030798347050437266,0.2938773573515006,7.787226102462253
465,102,fit,1.3521362414837907,2.4947144485119863,6,6,0,0.05979878838610698,0.03226867998349877,78,82,0.3643028140068054,0.37794242362685015,0.03685858,0.0,0.17236865021564898,1.0507425923417568,0.00448983777618508,0.04284196351321641,0.9971087050717358
466,115,fit,1.3267987916761732,4.8687287106801636,10,10,0,0.46923205933913753,0.09583762521210724,86,86,0.4354390501976013,0.4078104727601451,0.24290656,0.2905698233165447,0.6362492052434344,0.11887791064107692,0.0008727757853060056,0.008328013218568756,0.16744497485667348
467,99,fit,1.2112949698758608,3.00557472516769,13,13,0,0.2915870915320639,0.16394445490583298,67,73,0.2980082333087921,0.30732413169262773,0.0020612718,0.0,0.1665188848810713,1.3443958536093614,0.007183665303843747,0.06854642465499758,1.6147167971260852
468,99,fit,1.1361622300956074,3.8379708857222252,15,15,0,0.4962026153020202,0.15953333586644158,66,67,0.25660738348960876,0.25985608535136107,0.26124516,0.3766690475391911,0.04740380173121905,0.835987853943025,0.00725250725060949,0.06920331346001421,1.7501197765785461
469,134,fit,1.1134711952342466,3.8580216712676854,21,21,0,7.334097248854415,0.29564592632817877,95,59,0.30654215812683105,0.20135446495258855,0.17490575,0.26990052888224186,1.0039116068935607,4.529798567897963,0.09734398665051211,0.9288548344514513,20.632703233547755
470,101,fit,1.145263150561732,3.048449985264329,19,19,0,2.6117205362240217,0.25973424518248084,63,57,0.24041345715522766,0.2069381462085701,0.06456026,0.0,0.43837624807878883,2.7113058956785174,0.040974039785994905,0.39097366208010403,9.775591669245475
471,116,fit,1.1820181721349148,4.278680542574304,17,17,0,2.3201282953795532,0.16134325242906317,80,64,0.3204008936882019,0.24896646921259624,0.26373357,0.3044773145657923,0.896763211057259,2.9426359039105288,0.04692308545560837,0.44773936503443096,10.220400984730908
472,84,fit,1.0240271229513815,4.404691762193766,11,11,0,0.5709356603285523,0.04513968701585366,53,57,0.1831897497177124,0.19600518912512413,0.26676387,0.24683289267990274,0.12550817221266,3.096856536119058,0.01986279338112643,0.18953047119395447,6.651407543694292
473,96,fit,1.1177448166373343,3.293414768258325,18,18,0,1.3191514928000216,0.8545235049882103,58,72,0.21733826398849487,0.2697035078352578,0.058542863,0.0,0.5121068516110162,3.4888379296167944,0.04233165844506992,0.4039280385979954,10.460691671647691
474,103,fit,1.1616041058969508,5.05753025646041,13,13,0,0.2482577800743779,0.07807354240780448,72,75,0.3129861056804657,0.3095174749306579,0.2923196,0.39184404850563936,0.0548626663915929,0.2267353243740395,0.0015236465482449191,0.014538612101573655,0.34411632537387987
475,100,fit,1.0786140386187064,4.491917909296024,17,17,0,0.5838365854125476,0.05850614165318628,65,59,0.24216309189796448,0.21627139338982135,0.05595859,0.0,0.28041115840244407,1.2031690056729556,0.0057056560450566805,0.054443282872678245,1.5087388940312267
476,85,fit,1.1021465277197366,2.8636725986969647,14,14,0,2.928901723326094,1.177047862907682,52,42,0.19647011160850525,0.14424966187883323,0.0,0.0,0.5362035258490694,3.8704602637803744,0.07045643725140222,0.6722942485820822,20.2517351864725
477,97,fit,1.150552481864944,2.2990349271312716,18,18,0,1.564093873595149,0.14437575743356218,61,67,0.24498526751995087,0.25064573340065793,0.0,0.0,0.15789382113976896,3.2574952284847822,0.03144592215986316,0.3000565091589996,7.776494407764411
478,100,fit,1.2103825738135703,4.702800682261482,16,16,0,1.013762970965301,0.3559906930451274,66,78,0.2917494475841522,0.338358012552587,0.0,0.0,0.4406770233631767,1.9981082417811633,0.014664172141216075,0.13992530669099307,2.977648477083715
479,93,fit,1.1095524573016142,2.535792315068708,15,15,0,1.4031859390634531,0.19306342551828715,60,78,0.23903922736644745,0.28991099754361005,0.0,0.0,0.5211780178899326,4.359226796967333,0.07116897060648278,0.6790932309778891,19.94378286109285
480,95,fit,1.0709718131974253,3.0414686639882427,16,16,0,0.7141738421748883,0.16507859441378261,61,72,0.24125505983829498,0.27459603649510733,0.0,0.0,0.36011259853350724,3.171175828776735,0.0354297993450547,0.33807060443754483,9.158165644281603
481,109,fit,1.209932794058459,4.364762258576682,15,15,0,1.670784432605189,0.2153320220196122,75,63,0.30282437801361084,0.24412139116188358,0.19250259,0.3745428363976236,0.6640585879825538,2.7377022230401296,0.035075815162104465,0.3346928927681724,8.176235376052228
482,106,fit,1.2202920730659528,4.405913548850533,12,12,0,0.24812410505161894,0.07105638807169037,76,82,0.3505602777004242,0.3777087060262351,0.0,0.0,0.2585836838659242,1.1043919310192714,0.005664920745053216,0.054054587261958165,1.1392652259529166
483,97,fit,1.0509106866237348,4.259353837348516,17,17,0,0.8440993349947924,0.18333485367862837,62,54,0.25292250514030457,0.18897103241411461,0.25450644,0.1302124225777196,0.616722144614065,1.132690881154258,0.009699497293846764,0.09255245509395767,2.7303777709521966
484,104,fit,1.1845815088779414,6.193913171652925,15,15,0,2.4899367922443494,0.1572968842903051,70,69,0.31544601917266846,0.30634265716504055,0.0,0.0,0.3023260524612655,3.2960486678331327,0.07104784914319441,0.6779374918243741,13.708254596215534
485,92,fit,0.9816076278276852,3.2915494004225576,18,18,0,1.1554182348721835,0.44791697029668603,53,49,0.19398322701454163,0.15619585200542652,0.07330662,0.0,0.3738963415824052,2.0780584759707117,0.008584366072014658,0.08191189000013986,2.7311214914656237
486,116,fit,1.2325705544722,6.178007058889694,14,14,0,2.861917847874978,0.07945917274844436,85,85,0.4022326171398163,0.38637940461799986,0.0,0.0,0.6338134521627802,4.735917127369833,0.07936341612185785,0.7572845049795596,14.68917851286801
487,100,fallback,1.3123972415924072,5.142692285499569,3,2,-1,0.2233059635209543,0.02835977299657595,79,88,0.3847613036632538,0.40810444919187633,0.1432468,0.4002914640289125,0.14644271431659311,2.510572920537048,0.021036478747200868,0.20072975903817622,4.949815406852271
488,100,fit,1.1316770003051573,4.526810450592883,17,17,0,1.062176544684672,0.37867126803137036,65,59,0.2631889283657074,0.21685943957173648,0.25907627,0.3886210765735325,0.5293164419976868,1.3853042110665406,0.017055698662598102,0.1627452162461651,4.252572584151529
489,94,fit,1.167015790193966,3.355939863821879,11,11,0,0.2138855390136205,0.1094871645114695,65,63,0.2773894667625427,0.24172192111704535,0.16448167,0.07735467521084102,0.3737403716662556,0.7607725342493169,0.006026181809761791,0.05750173482597128,1.6632685964824918
490,106,fit,1.2531577001052696,5.583717163358848,12,12,0,0.7891896385233804,0.09636725798163666,76,79,0.3560332655906677,0.3669043220787812,0.0,0.0,0.10964565350668448,2.1942162989729956,0.02879444889525137,0.27475619174858174,5.594951365613146
491,104,fit,1.1335525768996222,4.4404840175240805,16,16,0,2.6731396946211317,0.21662378178305075,70,88,0.2909969091415405,0.31857297382785976,0.2640507,0.28422214206175833,0.3633511032994774,4.787519453908028,0.08563398701179156,0.8171181966774004,20.941331409495078
492,96,fit,1.1588378645953,3.7294452795355353,16,16,0,0.2838012210027409,0.1629393763859385,62,63,0.25377824902534485,0.2427073553961751,0.15963301,0.053825399262382584,0.14684379151808402,1.0899219833008198,0.003574341837067864,0.034106315239197174,0.8955787383965697
493,100,fit,1.1289417915481945,4.66734118624583,14,14,0,0.34042429733138446,0.14240500280859272,67,72,0.26622986793518066,0.27426657017823075,0.31482765,0.40176211311214227,0.5495463125727541,1.8717177996673136,0.01326750404893768,0.12659832107764962,3.231828571583786
494,100,fit,1.0514410418529008,5.257881276803424,16,17,1,3.497166775580214,0.4168434432841875,65,47,0.25734275579452515,0.1490930004370876,0.3025854,0.3656378442653745,1.0173709127221708,3.810364017161381,0.06551722526520605,0.6251643632176149,17.606569664024313
495,104,fit,1.112340228199835,5.096932353772974,17,17,0,1.7499768324232234,0.24877879040753278,68,87,0.2794676125049591,0.37322069249356415,0.013153924,0.0,0.9188076753051028,4.248976118819467,0.07984662159767811,0.7618952442526536,17.68122896685067
496,97,fit,1.1471990874698146,2.196735660475496,14,14,0,1.946304257578033,0.13565666177487068,62,49,0.26161161065101624,0.17691230446084916,0.12136535,0.0,0.8310060742315974,3.154503868693109,0.05578271350786492,0.532277800647566,15.23635692317094
497,96,fit,1.1061479716094182,4.4179267391978385,12,12,0,1.6543393306113712,0.12199432594790856,63,50,0.2473594844341278,0.18082155643263687,0.22051038,0.3122856732139998,0.6658288477392958,3.5772029721718117,0.0588129944333379,0.5611926949745982,16.51015371688141
498,99,fit,1.1447181809301692,8.094959477156552,12,12,0,1.169745234117959,0.10743065994805927,69,87,0.3022070825099945,0.38589324208336123,0.0,0.0,0.8131502203788858,4.172579142863639,0.070418060631167,0.6719280594577003,16.076629551036866
499,116,fit,1.297155658446774,4.919748679960581,14,14,0,0.7389241838132452,0.17668205533378764,83,85,0.40650126338005066,0.4036737076300486,0.0,0.0,0.15057806179183175,1.48591113733796,0.012530197510309109,0.11956295334264416,2.2203785915960665
500,112,fit,1.3026935253379544,3.695108550579911,18,18,0,2.8184342091856776,0.3574940783182082,75,76,0.35773929953575134,0.3200414973010202,0.22572367,0.3428154690299634,0.6883874358606785,3.8523847984548376,0.050787242680052865,0.48461109427531357,10.027568994045856
501,117,fit,1.2407515179697384,3.472111986428642,17,17,0,5.431214093915704,0.3374110632154783,80,65,0.3501400053501129,0.2662413438544078,0.0,0.0,1.014525931832388,4.956246793487722,0.11286861487375335,1.0769905999403946,21.98539133273354
502,116,fit,1.1737851712650869,6.98297865607347,19,19,0,2.3746768687501123,0.25503641859697096,78,97,0.33219587802886963,0.4327584254266862,0.2851385,0.07099844826792037,0.9881330957613351,3.876479029196006,0.0744608543297834,0.7105043352078568,13.666349156722974
503,108,fit,1.2621922236685676,5.8862354789614635,13,13,0,0.33218205537188816,0.1636354230571111,76,77,0.351633220911026,0.3457589567398164,0.26448184,0.2913725831433301,0.17276990192048122,0.8535539151616744,0.014522861158572218,0.13857691945202497,2.928501580880984
504,102,fit,1.0872576197383896,3.3477358866649403,15,15,0,1.9908974671190753,0.15899488011680854,67,54,0.2649043798446655,0.2017248717201641,0.058323283,0.0,0.6300206272183188,2.856217045975216,0.054684634199533746,0.5217999446520395,14.017054652450632
505,97,fit,1.1021201518268549,2.567735290250371,17,17,0,2.163161898216646,0.2362217524663544,62,52,0.25025036931037903,0.18647651989282357,0.18525253,0.2899519268543721,0.6266592126638924,2.7920780618998995,0.039560733007083716,0.3774879103729362,10.14273771862648
506,106,fit,1.2255365702638028,2.8185259145536627,13,13,0,0.20662577132396853,0.10037736208667107,73,78,0.31331223249435425,0.32388850900933525,0.0,0.11097497377598184,0.13356086159573466,2.8323411970374477,0.03154138037445731,0.3009673699852797,7.3482847114349275
507,202,fit,1.2300997818127795,1.5496595142247014,15,15,0,0.2302892959512732,0.15569982552132708,74,93,0.34236571192741394,0.4509916802722939,0.0,0.0,1.039036483498794,2.5503623705042457,0.029530797774377938,0.28178242151123983,5.108679140342279
508,110,fit,1.221342312822378,2.042088351222403,13,13,0,1.151537666561155,0.15790672319523638,77,97,0.3515234887599945,0.4513676321130908,0.35115793,0.2654144784291804,0.9989732570905234,3.9201141712714733,0.06130554941540852,0.5849766165592416,11.432388078764694
509,109,fit,1.0423406336875312,6.391953625013694,18,18,0,2.6788023370153287,0.8263018208808846,71,91,0.2819330394268036,0.44319472316751407,0.0,0.0,1.6491740770561993,4.900123623674586,0.11415781282458404,1.0892921071048094,23.333917706849075
510,109,fit,1.185585574722005,5.355451862096132,18,18,0,3.946100632879989,0.2187001536357215,73,63,0.33974751830101013,0.266215824673402,0.1888805,0.19323376628865113,0.7388392261125892,3.9711150106589934,0.0832417044937884,0.7942910734140114,16.48193134071019
511,99,fit,1.2421066157888332,6.384405360974985,7,7,0,0.475349190982755,0.07220898491583537,73,82,0.3297909200191498,0.3287866254683529,0.35750413,0.4628434051279137,0.416077237194556,4.725029545744134,0.0657156721825965,0.6270579406736306,18.016136796430235
512,101,fit,1.140532354538918,5.689205724457621,13,13,0,1.9944788008671968,0.7787393495397036,69,80,0.2996964156627655,0.30782928581006835,0.39216885,0.41710886999512664,0.44539219673820296,4.809424603892742,0.058515270764281306,0.5583518202698597,14.356722365300904
513,95,fit,1.131780375813616,4.6861253352054515,18,18,0,1.444680813318065,0.4785165847016185,59,55,0.2352011501789093,0.1969365510441183,0.17940257,0.14229144853391468,0.38007853797532853,1.9166162021958533,0.022148713300799313,0.21134268416793237,5.773577357361172
514,88,fit,1.024038546533292,2.5759011168612593,9,9,0,0.4959201913026819,0.057513560242395054,60,54,0.22180522978305817,0.18408010913034165,0.08382386,0.0,0.39564595137782,3.223105477712641,0.018993716319626056,0.18123775114146998,6.992047200401339
515,87,fit,0.9524782676774864,3.506714430835876,17,17,0,4.151702470687498,0.3589687866274845,51,41,0.17654888331890106,0.1308337228647902,0.16337222,0.2607475346994095,0.48550873206258843,4.0054624648734825,0.06802340266712077,0.6490782697244348,19.899816967212985
516,94,fit,1.0241939767441501,2.108661467601016,18,18,0,0.6568280640813084,0.12662553127321435,58,59,0.21226947009563446,0.2006440990699383,0.1629058,0.004002765769022056,0.10369941903078253,2.742021464903142,0.023440762636539,0.2236713992036164,6.824030233329473
517,101,fit,1.2328652987608733,4.610552098133415,10,10,0,1.834090586828267,0.15160083441468983,73,55,0.33642473816871643,0.23353007727325575,0.14449419,0.2714373674330562,1.0095655728791009,4.831165219642803,0.1256906081850664,1.1993378643613204,27.38318997284176
518,107,fit,1.2456975679122275,7.132795650750908,7,7,0,0.14049641696221857,0.14748070238863079,81,87,0.39231330156326294,0.42103759306696914,0.0,0.0,0.3820010938148668,0.183365135865198,0.0006317652092949752,0.006028293981822282,0.12687204194990748
519,109,fit,1.190297004467771,4.77572505970366,10,10,0,0.5485053854148477,0.10617241199760398,80,77,0.36360788345336914,0.3303124315174924,0.24192162,0.29460509903464,0.7538852225186266,2.816158616134904,0.02665652021472377,0.2543561089191199,6.1938018897959255
520,105,fit,1.3095746098661392,3.4656422390025274,9,9,0,0.5205568896815729,0.1200934658308358,78,83,0.3684915602207184,0.3621817309939423,0.29188725,0.27563097500790623,0.3691521910858793,3.8950731156151206,0.04614921788377957,0.4403551324788127,10.28592608197367
521,102,fit,1.1473213760860599,3.8815807820726125,13,13,0,2.794116316068634,0.078404500402898,69,51,0.29615479707717896,0.1936715705141058,0.1646153,0.116319606825586,1.0686457627412909,4.43336210220196,0.08945175188980703,0.8535472508569373,22.39135975510343
522,108,fallback,1.2654222249984741,6.080557824616457,3,3,0,0.46574984612905834,0.06496329104443524,86,84,0.4131554067134857,0.39024522350533414,0.0,0.0,0.21683759218841916,1.3546204705063625,0.007029356286576214,0.06707401036809364,1.653905433811206
523,106,fit,1.1716414515837883,2.0082376939575584,19,19,0,0.6279027742487736,0.32135322389537085,69,70,0.2971439063549042,0.2812496986271973,0.22077668,0.26414282608616935,0.17233515347913334,2.1820561643577867,0.015585269537674872,0.14871440398544725,3.3872020732783223
524,100,fit,1.1331096020230862,6.832841588293884,11,11,0,1.5836302027680924,0.11422601743038967,71,68,0.3131917119026184,0.2938844270658939,0.24975353,0.19353145294153692,0.3420203103902272,4.3640273723025675,0.08377552802391991,0.7993848093885487,17.81176686867514
525,106,fit,1.235559259949717,5.546408306406672,16,16,0,3.351689977634669,0.5986144727480186,72,67,0.32752493023872375,0.28439334635143443,0.16602232,0.05542652596249002,0.6676358728954889,3.9555840622427603,0.06977212886763774,0.6657645884316579,14.086516812386192
526,99,fit,1.0687382946612527,8.338827727166358,11,11,0,0.10574277818278602,0.045510737653923654,70,72,0.28910139203071594,0.30051748785491833,0.0,0.0,0.11839168228343772,0.8521214484367838,0.003991201474923573,0.03808398353934707,0.9854898219926299
527,96,fit,1.1428926759930396,1.9587402606167288,16,16,0,1.5864539808644593,0.0896009663734032,62,54,0.24853433668613434,0.19899697758104293,0.06593575,0.0,0.4927496150160959,2.1573033762895446,0.037084685942387154,0.3538615070838469,9.550019187926175
528,93,fit,1.0363937739836813,3.9952352675635234,17,17,0,2.5333318393883695,0.079938725612828,56,48,0.212155282497406,0.16114117471122444,0.19491312,0.166555014547379,0.5207111263680176,2.8907674432534654,0.046304750112069824,0.44183921862662046,13.031529000484607
529,101,fit,1.100443586166188,4.903993464363161,18,19,1,1.6513728732797053,0.22301831565366903,65,82,0.26355648040771484,0.40219697191511944,0.21697521,0.1880361502897582,1.4313099550561323,3.778644384108695,0.057856092876361925,0.5520619549271176,11.129815901966184
530,121,fit,1.1233411170883063,5.433482696771857,15,15,0,2.0759702141547645,0.2586446118719481,87,99,0.39718955755233765,0.43553502864920796,0.078774385,0.053340155886276004,0.9118388482363239,4.751389367432996,0.093998545680942,0.896932687795248,18.72668243168796
531,102,fit,1.1833074062679447,3.840813178069372,14,14,0,0.3260698691675655,0.13334387351549318,70,76,0.3043098747730255,0.3282002647254501,0.24549676,0.27616549152625397,0.482972821508054,0.2573929481529131,0.0016668389945942341,0.0159049522384946,0.35559779038894546
532,123,fit,1.171590609941971,5.100642301775193,16,16,0,1.3054874661457883,0.17945061270286655,88,84,0.40472280979156494,0.37242210842854445,0.06722605,0.09740248488087115,0.7480418662754729,2.423756213547921,0.05954361109339843,0.568164227990443,11.219393692937388
533,94,fit,1.0404428883559222,4.752040061613937,13,13,0,1.0160004808125687,0.12577713892222867,62,60,0.2381909191608429,0.2262483680053428,0.16288967,0.2571857462234255,0.13023034951448106,2.352522275319467,0.03727991647045736,0.355724393802074,9.596023474359564
534,383,fit,1.3781827390186456,6.271301866016669,12,12,0,0.8782123310520559,0.1468571098110268,86,82,0.4336966574192047,0.3972960428907904,0.0,0.0,0.3665031997765692,1.7689809380261905,0.04702747413309331,0.448735440201272,8.135849248170604
535,107,fit,1.1449209178303257,3.018699977477005,12,12,0,1.1707265982493151,0.10362763101667942,76,57,0.3032070994377136,0.2236523631926369,0.20760994,0.34062732051960837,0.8113903485208542,2.827329509725735,0.05513604692118665,0.5261073179502542,13.885566717251923
536,96,fit,1.1562950861334247,4.394980468908004,11,11,0,0.979044052895604,0.052426248990082906,66,85,0.2727242708206177,0.33589084038164224,0.29861274,0.36290173479244364,0.6487419367355958,4.5518354011806395,0.07389547684869623,0.7051095119150403,19.74091796779377
537,232,fit,1.3175213480832848,5.4074323054605,9,9,0,0.6766730337179172,0.03873810546427851,88,88,0.419182687997818,0.4228604153240056,0.0,0.0,0.8888035773054344,3.71185964189001,0.056236871643034494,0.5366113706396421,10.39591773885571
538,102,fit,1.2465957372152716,5.317028167073658,10,10,0,1.174344284884221,0.07151845035958936,73,62,0.3445344865322113,0.2636089271330211,0.06350216,0.09168465573772976,0.7875890704196322,3.706583695042949,0.07968878412814687,0.760389161528119,17.879632552617
539,105,fit,1.2650509928017757,2.2435317232495424,15,15,0,3.326676387334023,0.12252129501037065,71,48,0.3097085654735565,0.17944360633019435,0.13050312,0.03768916043321807,1.2802018924553833,4.028425009380956,0.08446148785801484,0.8059302276528133,20.038067331217295
540,108,fit,1.200336092064826,3.6561517739604183,14,14,0,0.40394761359402576,0.10576143543629253,75,71,0.32902243733406067,0.2910976690932735,0.2427439,0.3155782183803897,0.363526659289429,1.1166519563318917,0.006465418366404561,0.061692923343554966,1.4475848539276395
541,95,fit,1.0115748343853759,3.250852214863023,23,23,0,9.060669785486745,0.2473830254742901,53,39,0.1870480477809906,0.11872510407888787,0.0,0.0,0.7984872054311295,4.562545619592966,0.08230666420934526,0.7853689332952792,21.12761210023485
542,95,fit,1.081862817244131,3.6195738067140373,19,19,0,5.185691761668357,0.2749492274726842,57,43,0.21924322843551636,0.14614836934496123,0.0,0.0,0.7650174052419831,3.9226278853368473,0.08299904848092766,0.7919756534439663,21.07025627588736
543,105,fit,1.0886286909201732,4.757679786453732,20,20,0,1.5053555903638378,0.6701423559797556,68,59,0.28311440348625183,0.2248144054086969,0.22161444,0.29327033301459116,0.6218702551698417,1.3056204049118256,0.018727193824561342,0.17869459756260822,4.3261009063672216
544,102,fit,1.0890084962374271,6.460135493323694,17,17,0,0.7886215181480224,0.28270242273429363,66,85,0.28803128004074097,0.3929549156442809,0.0,0.0,1.0013077487311854,0.4811931597948054,0.0021014247191440583,0.020051762587252463,0.3887788851111089
545,102,fit,1.0293722259078972,4.832038748873495,16,16,0,3.1884692151236553,0.1018790548795485,68,76,0.2792367935180664,0.3008485616200394,0.2370906,0.25667534885250215,0.30121081026867946,4.558487895254179,0.06904139619312236,0.6587919484076561,15.582414651587214
546,105,fallback,1.2446202039718628,7.389615959839367,3,3,0,0.3859114102773064,0.015948608502560694,83,65,0.38753601908683777,0.29507209422636865,0.0,0.0,0.9277957476030433,4.845429347097449,0.1013880437376346,0.9674431654354446,23.793958073601083
547,104,fit,1.1577000984313417,4.438289269852934,14,14,0,1.0927829836798566,0.27599733492027373,71,75,0.309291809797287,0.33653937224904207,0.060809977,0.0,0.26879664930139596,2.397178683918598,0.041687695877938545,0.3977833576139174,8.18003992675637
548,91,fit,1.096912845752458,3.6942103077466566,15,15,0,0.5708084132639297,0.0648016048209475,57,58,0.22358351945877075,0.2126902437705162,0.017151024,0.0,0.1091129823299943,1.199993216232799,0.007753241669512148,0.07398131364038309,2.1483334468829427
549,102,fit,1.137203766508594,5.017749842592159,15,15,0,0.6271727605310605,0.32256699622826207,68,87,0.28662389516830444,0.3568534325534276,0.2568955,0.2350766564400962,0.6813413212414793,3.188503737413287,0.038384522018594915,0.36626452307819574,8.382624662653344
550,97,fit,1.0398767239935665,1.2188339491330513,19,19,0,0.4505046611231219,0.23755979170464764,60,66,0.23643901944160461,0.24989579142332663,0.29349235,0.33249278881680977,0.3006927056539332,2.1034424509458756,0.013720040243823887,0.13091641454030425,3.3371041525915714
551,115,fit,1.1842809969884485,4.084552060902117,17,17,0,4.56327752362597,0.12172602561216822,78,52,0.33414602279663086,0.19751020430171667,0.2907605,0.3010182901080372,1.3653516134262387,4.160126498401536,0.09763267552736966,0.9316094993069624,21.067615739971085
552,117,fit,1.111495393196504,7.58579028028154,11,11,0,0.5158672489577789,0.17868086503225422,87,75,0.3743981122970581,0.3300751981744985,0.0,0.0,0.4245828676552298,1.2507343414999597,0.020876052319664933,0.19919897251588675,4.500851826763576
553,105,fit,1.3787550157667694,3.3886811210214134,5,5,0,0.169443696179725,0.059919833332448165,80,69,0.3665384352207184,0.30156484388569915,0.075018436,0.09698047409987347,0.8017076728785018,2.5856652565721716,0.046197146755507165,0.4408124690410989,11.250293469367643
554,103,fit,1.1635249498886209,4.4384254255012126,13,13,0,0.20373133751697492,0.0396465837748447,72,74,0.301760733127594,0.3003008565878223,0.2619271,0.22287064860515945,0.12011404862748973,2.0550198677775433,0.012680154567642599,0.1209938412942996,3.0010852602926326
555,117,fit,1.1593482591070914,4.83174483015338,15,15,0,2.1220524726173844,0.1659000808213693,83,64,0.32148122787475586,0.26634703231229945,0.2542824,0.29780062105074606,0.5231744806610251,3.072626444802309,0.06952649816570616,0.6634207840239137,14.579506314955868
556,102,fit,1.0526437226785152,5.289668367784672,16,16,0,1.711066187206079,0.15890166882739332,68,75,0.2738252878189087,0.33165371791413173,0.11962916,0.025301147746419277,0.7446761574680942,2.7541607985696634,0.03490231504159632,0.33303735726714045,7.018003225900725
557,100,fit,1.0606066790658528,4.3242417590158055,15,15,0,0.6217303706202769,0.375239749721913,67,68,0.2637248635292053,0.25067886938167466,0.2976652,0.3607362246388859,0.12188190876717774,2.9344903567400533,0.028367668628417896,0.27068386095818603,7.676138333233706
558,96,fit,1.1588378455048833,3.7294478780297307,16,16,0,1.121521281701269,0.1629280556660496,62,60,0.25377827882766724,0.22773501211303251,0.15963301,0.05644892958263618,0.3536185795690836,2.036531553880814,0.019636086278225003,0.1873672354792462,4.9199775569177016
559,100,fit,1.1289418710349381,4.667338880744321,14,14,0,1.5175788707011366,0.14239935555090844,67,63,0.26622989773750305,0.23060278380189814,0.31482765,0.4012641400243061,0.6717655716483956,2.690097642916125,0.0388248342441458,0.3704659756120783,9.45646161155928
560,100,fit,1.0514408041118293,5.25788189865812,16,17,1,2.8415250865361177,0.41683718223711114,65,52,0.25734275579452515,0.16663498095925625,0.3025854,0.3649810586860422,0.9075287105253504,3.5440998999357602,0.05087372265579973,0.4854362848835852,13.671395017752351
561,104,fit,1.1123401945021394,5.096934057237815,17,17,0,5.10012068150019,0.24877144669712406,68,65,0.2794676125049591,0.24881131791362193,0.013153924,0.0,0.8151977919730461,4.901198232812172,0.0884497482338679,0.8439861472697319,19.58630275727699
562,107,fit,1.150213294596094,4.19834395267483,18,18,0,2.2145363240790306,0.24807870042837202,70,74,0.3025803864002228,0.33444324431378036,0.00587207,0.0,0.5531476267668411,2.219128974882015,0.0519481130441507,0.4956881015663235,9.379541374404607
563,367,fit,1.0568148583866612,6.117546753036621,11,11,0,0.7926157726535087,0.6101185243657729,80,91,0.36036744713783264,0.39804850752124477,0.0,0.009818377437274541,0.38516174396436154,3.5544409913842103,0.05665344876843868,0.5405863432102928,12.599450004144481
564,97,fit,0.9925075171146617,3.0345510118141736,21,21,0,0.5692670793643134,0.5254951285545315,58,50,0.20191583037376404,0.15608071040719296,0.1902845,0.25633249434819827,0.44684221798199003,0.40571126433339316,0.002548126573297921,0.024314184859712984,0.7222800296875573
565,102,fit,1.2786560944221432,3.179775522528606,13,13,0,3.0980086293973255,0.09166510646273703,71,63,0.3307145833969116,0.25464556653386816,0.097089015,0.1848739369200417,1.062667992920282,4.965261399063078,0.10140548637321663,0.9676096027978686,21.687920677426913
566,117,fit,1.1411621544645993,5.187803977403198,15,15,0,0.910923457408338,0.12423845890690996,84,86,0.3681144714355469,0.37000836382183383,0.0,0.0,0.42093148765824234,3.587235127398783,0.05736711321038663,0.5473961184197197,12.348334706018784
567,104,fit,1.2795628729657187,3.8636017589377625,11,11,0,0.5294887075449839,0.26169753122551115,75,79,0.3551987111568451,0.3579667311973398,0.0,0.0,0.11073738554115227,0.6812225917975223,0.009966400831553198,0.0950992445758893,2.0413570351462456
568,109,fit,1.2124954306914386,5.272282200568487,13,13,0,2.382286884744978,0.2311758360700259,78,83,0.35525357723236084,0.3809165460919423,0.09513785,0.06404509904585502,0.9077585932272838,4.414783168778152,0.08733977717447751,0.8333948203671517,15.715485650280655
