idx,T,quality,v0,w0,tc_real,tc_twin,dtc,air_com_dev_mm,air_ang_dev_deg,contact_frames_real,contact_frames_twin,stop_dist_real,stop_dist_twin,e_z_real,e_z_twin,rest_offset_w,wind_mag,wind_offset_m,wind_offset_w,wind_offset_pct
0,111,fit,1.3391368756721636,5.224510650123767,11,11,0,0.42493073822335303,0.06262086281319684,82,94,0.4031098783016205,0.4782634451847718,0.09632977,0.011110369462606058,0.8792769685359215,2.0581158657881677,0.021696132600003214,0.207024166030565,3.5989114009400702
1,99,fit,1.1126430885453118,3.153414366927388,14,14,0,0.541624188720892,0.07517238152184574,67,59,0.27458685636520386,0.214813989602149,0.018714849,0.0327177209309292,0.5893623881003557,1.683621368866149,0.008252092064113488,0.07874133648963251,2.311049609602478
2,104,fit,1.1842271392262225,4.241812957860962,11,11,0,0.16160676005518962,0.06444047815649284,73,71,0.3160378932952881,0.2910116969463575,0.045541037,0.12512625443699185,0.26035416558877345,0.19197942792098233,0.0018301987236021531,0.0174637282786465,0.451185757426629
3,111,fit,1.2380356893339635,3.5259657371594844,15,15,0,0.2595388032879814,0.11899260517724194,77,74,0.34995049238204956,0.3171539411554961,0.14506747,0.09525183457731042,0.34270517205850465,0.11108138132240038,0.0007174591426109783,0.006845984185219259,0.15160497551999844
4,90,fit,1.0633523305849486,3.9489505054703393,21,21,0,1.0484819462057573,0.1505954899560483,51,55,0.18765677511692047,0.19177428504407337,0.13458951,0.0,0.10645017175211738,1.073067829026807,0.008505930485938125,0.08116345883528744,2.1957528716292454
5,104,fit,1.1174659284453319,2.0423768550959034,21,21,0,0.5393339217843556,0.11861047112096763,65,59,0.24487075209617615,0.21340936486309936,0.12111304,0.032567824314290506,0.3252048542310957,1.2948517149605474,0.005162211640859984,0.0492577446646945,1.2542125094888414
6,101,fit,1.2250308705085768,4.0693891478900115,13,13,0,0.5526307741068441,0.11759337977939145,70,71,0.306805819272995,0.2989939934116198,0.12965216,0.1871115969850711,0.10985325407557989,1.5873954346219912,0.016538786987475844,0.1578128529339298,3.7248629630700663
7,105,fit,1.1338154679338635,6.716479673986876,16,16,0,1.5750630267225212,0.110349729789659,71,76,0.32051464915275574,0.35260907315151313,0.0,0.0,0.3092538766858515,2.153547360394181,0.04981507265190047,0.47533466270897395,9.02893004281359
8,98,fit,1.0227561600505186,0.742771263205658,17,17,0,0.24374976733080742,0.18169824012230698,64,81,0.2512023448944092,0.3408913933033727,0.33558625,0.2304640350419008,0.8756051284083936,1.7227418726418025,0.009541564385935002,0.09104546169785306,1.9921215839820983
9,102,fit,1.1374396198225898,3.432872903274964,12,12,0,0.25290195760404127,0.06164706623970963,72,68,0.2869386076927185,0.26518836228030446,0.2694296,0.3237979703908025,0.33371687973042463,0.45261556048391993,0.0047655946890141476,0.04547323176540217,1.218219401835083
10,105,fit,1.095575096554239,3.1007709324406156,13,13,0,0.32722437526257653,0.3113858944716493,73,68,0.27073797583580017,0.2617476273636159,0.30464384,0.3526262324341202,0.4846974581858924,0.9809677215881785,0.0034948366225699217,0.033347677696277875,0.902309771517868
11,104,fit,1.1074410973691553,2.64173772633113,18,18,0,0.33286966467674217,0.20317781737677706,67,63,0.2643454372882843,0.23820723403348254,0.1780551,0.0465213293091285,0.27332117891647645,1.0281310162904524,0.002991135239334908,0.028541366787546832,0.7407734052034806
12,111,fit,1.1011887256001873,0.547241870203375,22,22,0,2.951975269313736,0.111327693115557,71,78,0.3033127188682556,0.36625594811114126,0.0,0.0,0.6563164931231271,2.339315574456531,0.05201931789845778,0.4963675371990246,8.515885478179149
13,104,fit,1.0563934155188914,2.3882888025506595,15,15,0,0.4244697578442356,0.1281890043419374,70,64,0.277720183134079,0.23509318594039796,0.37782225,0.3785572175339526,0.4471075348277978,2.0718325764255328,0.011964762413015776,0.11416758027686809,3.2456079373811852
14,90,fit,1.0415916414613955,3.1538497335708744,14,14,0,0.15433917589945412,0.07486765064829518,56,59,0.1997862607240677,0.20898629207380065,0.07854188,0.13073516917900227,0.15480592653025507,1.3262397483520676,0.004764351781956695,0.045461371965235635,1.4359848671827808
15,88,fit,1.1092534485752656,3.8443447981376875,10,10,0,0.10769981145720159,0.07317553905182629,59,68,0.2287186235189438,0.26492222142163463,0.14353503,0.1021239529963845,0.34590837751088926,0.7690310445320103,0.002690966282241081,0.025677159181689703,0.7491718352303869
16,97,fit,1.077251506237499,5.601974008557652,12,12,0,0.5515296889069636,0.14156210315202405,66,60,0.27268922328948975,0.217246302109717,0.28928232,0.3924401464927389,0.5446189418682492,0.9090136186436847,0.0020585050504692663,0.019642223764019716,0.6127874183286639
17,109,fit,1.1379553489908374,5.6966385239428,16,17,1,0.8476285097175121,0.4036637549513766,73,92,0.32441437244415283,0.4193117331382536,0.0,0.022589396807337663,0.9883063022778181,1.3520966816900117,0.008341947311186072,0.07959873388536329,1.4585028263055329
18,104,fit,1.1198612623814015,4.0674706097623545,15,15,0,0.3725785996983587,0.23875057925410612,70,75,0.30114123225212097,0.3254687264438741,0.10895351,0.05625804252961377,0.31415495048921876,1.0583430153857205,0.004759173683849483,0.045411962632151553,1.0168844301987439
19,112,fit,1.2068144194819679,5.114613406358618,16,16,0,1.0615446745205686,0.5266936628972402,78,82,0.35990622639656067,0.38403241654513925,0.074919954,0.0,0.3014122737672482,1.1477694730848047,0.023037983540055134,0.21982808721426653,4.069714262449489
20,111,fit,1.1533922778341785,4.583609570289716,15,15,0,0.7149231268709733,0.12597793577079058,78,81,0.35472023487091064,0.3816055637133215,0.008177728,0.03372729271472875,0.4244491759214001,1.2440157349075283,0.026636937516876447,0.25416925111523325,4.805747970898201
21,97,fit,1.1109953247890252,4.610098476690849,15,15,0,1.0210196983181854,0.9965005536113571,63,65,0.2618328630924225,0.2545149165414545,0.22496636,0.28992736588113116,0.1901099094618368,1.79430396251365,0.016847352397146884,0.16075717936208858,4.1144863277084
22,99,fit,1.1072633927402975,3.13359261347517,10,10,0,0.28405853405539006,0.028252590930257858,69,58,0.27528083324432373,0.21168902034149067,0.0,0.142424156199692,0.6080326801008011,1.5267439699905136,0.011419416361878864,0.10896389658281358,3.5299282798464975
23,96,fit,1.0364965881890906,5.168847615590887,14,14,0,0.2240332497834451,0.1518975203275664,63,68,0.2276235818862915,0.24399151185098256,0.23864686,0.39659047361126115,0.22521945629303858,1.2156693215347627,0.005026106514053084,0.04795903162264393,1.3290757939997202
24,105,fit,1.23300746734812,3.9446184244075977,11,11,0,0.15056563874430462,0.06358854746355475,76,77,0.3339241147041321,0.3257293887693248,0.2918901,0.39421151319822006,0.6213209562137152,0.9800299116042004,0.003890204532595517,0.03712027225759081,0.8770972241523574
25,107,fit,1.1332289935238746,3.957914032703484,16,16,0,0.712652615386885,0.44098759521845377,72,61,0.30060192942619324,0.23108344952535573,0.07344079,0.0,0.6943521813580557,0.5653018445634014,0.005967491185083406,0.05694170978133021,1.4941984649176803
26,103,fit,1.1779252162124543,1.592642170314479,17,17,0,0.29382834199747043,0.0337825569751973,67,66,0.27189919352531433,0.2559160634523854,0.13090037,0.07710659087494112,0.15621074675548288,1.4560949767220892,0.0075865992794004675,0.07239121449809606,1.8060499235992664
27,110,fit,1.2249530563978375,3.561751408525402,15,15,0,0.16777290823688545,0.1479572078283906,77,78,0.34328630566596985,0.3476358538826417,0.014559249,0.0,0.08129664586473605,0.9250368525962759,0.005955219736881593,0.05682461580993887,1.1939520477386223
28,105,fit,1.1023301198345004,3.0641474026919613,15,15,0,0.6392873919341091,0.7492040424180602,72,75,0.2864900827407837,0.30689685888915136,0.21555296,0.22636179510960688,0.6602910881015701,2.042028829917277,0.014451358800267886,0.1378946450407241,3.2016280086816065
29,107,fit,1.2491906502057413,2.58570671033176,16,16,0,1.519736885728792,0.1330448677964947,72,64,0.33909931778907776,0.2598977979174021,0.23848513,0.10498726732680685,0.7975895727941337,2.2634893551260293,0.03741289555807543,0.35699327822591054,8.135303862332462
30,93,fit,1.0812638674079962,7.499074566926833,15,15,0,0.9616008321414252,0.18980779396139894,58,58,0.21137849986553192,0.20277682965951327,0.1604408,0.30511177849197196,0.14816175709924664,0.5144570743790967,0.0021397066694045317,0.020417048372180644,0.6107360718215776
31,111,fit,1.2722511195594275,3.710826569835496,14,14,0,0.8370443314254281,0.12219948092792358,78,72,0.3596530854701996,0.3015133537268824,0.31765443,0.3637695678273634,0.6679352876368092,1.449779927599258,0.021858226252734723,0.2085708611902168,4.568107150570621
32,93,fit,1.0943040421990906,2.5268988601943505,18,18,0,0.855288531520075,0.074891294785202,56,56,0.21801342070102692,0.20040445410065244,0.0,0.0,0.23349932976330637,1.0989358373848506,0.011817678724312051,0.11276410996480965,3.096433455979989
33,116,fit,1.1863402179405582,5.789709392509369,14,14,0,0.4819941235224567,0.11112421923138129,83,83,0.39092013239860535,0.3737003182744424,0.0,0.0,0.1941628091728234,1.4354616697649765,0.009005932943568965,0.08593447465237562,1.7790334234912921
34,91,fit,1.1140369545761641,3.4586693327146367,13,13,0,1.0675377261794856,0.10419920192484709,60,60,0.23872195184230804,0.22366102690639902,0.19785726,0.16039251953951522,0.30031516608252584,2.4814393005184314,0.026797000289893645,0.25569656765165694,7.133909462633439
35,92,fit,1.051560133183086,4.223780842508087,12,12,0,0.9505865373056847,0.03577624385847543,61,61,0.225594162940979,0.22042011522306504,0.3024692,0.35325868120994985,0.059704041929960615,2.412342980949805,0.03826985207208312,0.36517034419926636,10.190653825225295
36,101,fit,1.1418800964507936,2.0170794368385523,19,18,-1,0.3810439252863377,0.3953329109983046,64,64,0.2574159502983093,0.2430386743702278,0.0,0.0,0.250911842236961,1.823760025610809,0.009313073075838367,0.08886520110532792,2.258152521482254
37,120,fit,1.2993600090247528,2.632007191463091,23,23,0,0.9678233999404877,0.41075140014960854,77,68,0.34541216492652893,0.2762316629442182,0.20697261,0.31678664851115973,0.670319126082673,0.6259010642650176,0.005397341821865624,0.05150135326207656,1.0339038209066773
38,110,fit,1.156305914963228,4.622235004007164,15,15,0,0.22816900345793217,0.04363442953314784,75,73,0.3159308433532715,0.30510883786217996,0.0067206775,0.19950198770632896,0.11821332926627014,0.10210100700479882,0.0002931453632876907,0.002797188580989415,0.06447800003713035
39,101,fit,1.2967507356028085,1.3986934009209726,14,14,0,0.2244608512584204,0.20933773006585574,68,79,0.3006303608417511,0.3427962230730913,0.15890956,0.17877668604464927,0.4859503011915443,2.135707816493488,0.01667709109808724,0.15913254864587062,3.441088725523671
40,101,fit,1.2047288436669652,4.27095049214033,14,14,0,0.31988688949427785,0.10501011147483826,69,71,0.2951063811779022,0.28952699040010327,0.2944967,0.374759862163162,0.10885764070088438,0.5284334147134687,0.0028596173281670682,0.027286424887090346,0.6518405923348795
41,94,fit,1.0538224688283295,3.8283635076789104,15,15,0,0.2144217134211804,0.08611024447056648,61,66,0.23761756718158722,0.24038938213715208,0.2683707,0.39039365109837343,0.03992087373511971,0.2328577216016038,0.0008840325406796996,0.008435425006485682,0.2244158620851914
42,107,fit,1.1769833011366564,6.0066014196465956,14,14,0,0.6016927735452035,0.13759812947971678,75,93,0.34134581685066223,0.44240963776628556,0.0,0.0,0.973417929872977,1.3193934895461763,0.010949867719804444,0.10448347060882103,1.8833518480887756
43,97,fit,1.1139197440713615,2.724635158825584,21,21,0,0.47459047003628707,0.1410539071971741,58,59,0.2173788994550705,0.21098948413005147,0.07510351,0.0,0.08722900225049511,1.5768057041553687,0.007406435321478369,0.07067209276219817,1.8263105516643894
44,98,fit,1.1085902323243808,3.732392083443043,15,15,0,0.2663002477742028,0.37529234927177474,64,71,0.2548392713069916,0.27145098900421355,0.27519,0.3985428542201009,0.260609728442697,0.8483786957428101,0.003840108775567457,0.03664225930884978,0.9247043796253043
45,109,fit,1.0461741526767152,6.51769308229359,14,14,0,0.5457967992680627,0.16450980905700457,77,75,0.3313712179660797,0.32407740861419704,0.0,0.0,0.09379759943870052,1.6490842182883396,0.01669534830251703,0.1593067586118037,3.5813865229618194
46,100,fit,0.9884095993822631,4.027738612451261,16,16,0,5.18674708452429,6.087133872942925,65,61,0.2643054723739624,0.20414624402226225,0.25547045,0.33353232233149366,0.5815775972961655,2.0433702599597248,0.022771152710624385,0.21728199151359145,6.159949431205877
47,103,fit,1.1716584745667646,3.8349446182902334,18,18,0,0.6079774993944465,0.5172772115417462,66,85,0.28176388144493103,0.3792530621860011,0.120145634,0.10996127264935077,1.0260111999551915,0.22217322851645294,0.001997227697455305,0.019057516197092606,0.36743263582473473
48,98,fit,1.20104456349758,5.077243760323339,11,11,0,0.1808752806225751,0.07758351749268273,69,78,0.3133154511451721,0.34216279633147817,0.090483114,0.12161703163657632,0.2742179803307982,0.3765136776363275,0.00280464779719551,0.026761906461789216,0.620087322430311
49,107,fit,1.1842905386088667,4.811368045683692,15,15,0,0.9172845714264707,0.14056300012046755,73,72,0.3152022957801819,0.2934081457306604,0.27980366,0.36583448671726043,0.2178557030900761,1.452587057407497,0.02573583826084596,0.24557097577143092,5.425313128270937
50,96,fit,1.1633787895197143,5.856899681020988,14,14,0,0.6099362019738558,0.12793822919543268,63,65,0.25745686888694763,0.25174246557090335,0.1963673,0.28939258987984773,0.06831459089940994,0.12191709399599818,0.00037555611649361443,0.003583550729900901,0.09466205419008802
51,105,fit,1.0317740128088562,9.335386400144177,6,6,0,0.2798207503904983,0.025171393633090455,80,70,0.34444084763526917,0.27901683887269546,0.0,0.0,0.6307507401286992,0.08860395775523691,0.00042902137704210503,0.004093715429791078,0.12423784707007145
52,99,fit,1.0582551652679184,2.9604362087952536,18,18,0,0.34936818855978763,0.09032555227871436,63,62,0.23153208196163177,0.22866162673543292,0.16320841,0.26377812739260414,0.09329826343293732,0.7693814230646129,0.0024045540388118697,0.022944217927594174,0.6001726204606697
53,96,fit,1.0802632185578414,4.099613054261495,15,15,0,0.20622743668483975,0.07102801541539717,63,61,0.25687316060066223,0.22114376894149776,0.35118935,0.37660714059193223,0.4658443726008769,0.22364738452936828,0.0009134372436716461,0.008716004233508073,0.24687748607932128
54,93,fit,1.1431918526962268,4.466051406021348,11,11,0,0.16339348336754214,0.09617506400961984,64,66,0.24739007651805878,0.24959765147598773,0.15254961,0.08543569133173862,0.03142049305203054,2.1634214759320645,0.013432568646423062,0.12817336494678494,3.8690008976382013
55,86,fit,1.024428973560522,2.0820159053672094,16,16,0,0.21038442220077727,0.06065385824300184,52,54,0.18463930487632751,0.18394481428465995,0.0,0.0,0.027737305013097464,0.7740934395583743,0.002257432429891075,0.02154038578140339,0.685568341683267
56,94,fit,1.1160650942629387,3.5280112486505186,15,15,0,2.092148125311012,2.116435995179539,61,61,0.2542005479335785,0.2293025165981624,0.14538994,0.13299344913877442,0.2654086224150771,2.1483058931997085,0.01616662812298851,0.15426171873080638,4.280450932033103
57,103,fit,1.1726356299641139,3.4977756425974125,13,13,0,0.8029195895470078,0.041344458677779784,71,63,0.29864346981048584,0.24619230948679274,0.0,0.0,0.5072701796441704,2.069799096049136,0.02361148296813039,0.22530041000124418,5.977903642096163
58,100,fit,1.1440640616911029,4.32188242542826,11,11,0,0.10708176939455509,0.09861504681929963,70,69,0.28340575098991394,0.2619050032047173,0.33187464,0.38681129845645895,0.21556946707551217,0.013827238226535867,0.00017564528986643212,0.0016760046742980163,0.045792346215519385
59,109,fit,1.1673629142432853,4.613130620421583,19,19,0,0.4357203287779677,0.2159771749321626,72,79,0.2986084222793579,0.3375804213174601,0.28379974,0.28222363775139364,0.38947910026125193,0.7473020865387308,0.003482844586315784,0.03323324986942542,0.6537110271310657
60,109,fit,1.1731080174895274,3.8030900710249638,14,14,0,0.4450396838527501,0.1831602519213378,75,68,0.3183061182498932,0.27383744596397536,0.24997516,0.15153860800816635,0.4296326048621735,0.5673081808147835,0.004262981230666381,0.040677301819335696,1.0193788929829748
61,104,fit,1.1568794803643132,4.247937422524704,14,14,0,0.991925281196696,0.15398295610941864,71,61,0.28437772393226624,0.2346543556355171,0.26030034,0.24836426864807318,0.5292833007200043,1.9014501561289205,0.02973091849968838,0.28369197041687383,7.369389455831746
62,106,fit,1.2874907997746283,3.3409104055059977,8,8,0,0.49096107379832576,0.18902575395215482,79,79,0.3779212236404419,0.35716606795998224,0.13424656,0.30414786703887503,0.19792663592048812,0.8163168354226378,0.004152171246273246,0.03961995464001189,0.9262346593165176
63,129,fit,1.2316117453362203,4.278929976828877,24,24,0,0.7871489286169095,0.28616434713101696,85,98,0.39965054392814636,0.4925773119233849,0.084476195,0.052411732238952485,0.8864832102008992,0.06111494061399962,0.000879212252775722,0.00838942989289811,0.1196821277075265
64,94,fit,1.0953881085582093,2.1709876213127517,18,18,0,0.3226451496533895,0.3244245759758131,58,60,0.2171909213066101,0.21873849052981156,0.027715873,0.03490031787103462,0.08043495406689088,1.3077638337392081,0.004915358658275809,0.04690227727362413,1.2793643711895233
65,92,fit,1.1283670761981484,3.0981908070716457,15,15,0,0.3536431241119847,0.3140488297756666,59,61,0.23199637234210968,0.22728619302439146,0.0,0.0,0.048820824814649076,0.12277130140601479,0.0010483634385230576,0.010003467924838335,0.2819135176640126
66,111,fit,1.146587846960403,3.0006856072325823,13,13,0,0.18878243667461544,0.0957119775065894,79,66,0.28316763043403625,0.2559687471975811,0.19927458,0.12883056751320954,0.39421447310313035,0.3333409288525713,0.0015642510576225623,0.014926059710138953,0.4075982901062661
67,99,fit,1.148097211155367,2.929429522668411,17,17,0,1.4371980372990782,0.33690137522596947,65,61,0.26332345604896545,0.23359097008892185,0.0,0.08888282566099312,0.3979378266776862,2.2379359282130005,0.02364748654965099,0.22564395562644074,5.751406152497975
68,90,fit,1.0247877353034052,3.0664947016778057,13,13,0,0.1470324386332667,0.10018136644565832,58,60,0.21796637773513794,0.21439308908886512,0.15987691,0.12727104582465498,0.10237991823039501,0.433905239367747,0.0009098432388863393,0.008681710294716979,0.26955012128982514
69,99,fit,1.1021548857278833,2.85383874336586,21,21,0,1.1342243407171924,0.2969806424085257,59,56,0.22696039080619812,0.1964647850997968,0.0,0.0,0.3025612486874715,1.3984607172775267,0.009496495323422558,0.09061541339143662,2.3868876463970286
70,116,fit,1.0232970106756654,0.47461976504156456,21,21,0,1.3303776573711672,0.2375283727876797,77,84,0.3287889063358307,0.4021287726949768,0.0,0.0,0.7645254858390604,1.3781630079935097,0.025011772380119306,0.23866195019197808,4.020367651327896
71,107,fit,0.9878906284495405,4.72642180599078,16,16,0,1.3741753959604173,0.2038540461320801,72,63,0.23090748488903046,0.2122332608313334,0.22430255,0.3550744739246944,0.3571727725076978,2.2146625559256186,0.02280463458734941,0.21760147507012795,6.015870284367967
72,102,fit,1.1365742732935187,2.8602338515597037,20,20,0,1.7129485710643821,0.319285708411911,63,60,0.24736909568309784,0.22307493344634508,0.026399886,9.042942497805371e-05,0.24527995521124754,2.1814894333392036,0.017371749691796497,0.1657609703415696,4.068177623430793
73,98,fit,1.1974167044172825,3.411154635804437,17,17,0,1.015427021334153,0.11368086682161437,63,62,0.26198673248291016,0.2405250292977093,0.08436871,0.1529459029903807,0.22265061802063957,1.2272418826955607,0.015991518311258227,0.15259082358070827,3.736350651837024
74,105,fit,1.2504920952600274,3.876831220741934,14,14,0,0.5513801574550067,0.13844042808234572,72,74,0.3208972215652466,0.3207256649806592,0.0,0.0,0.22294527695564847,1.2204326921268196,0.010898622634782648,0.10399449078991077,2.285708823327362
75,100,fit,1.0605938268605963,5.194314811576786,18,18,0,1.533467022089968,0.15788879761001906,63,54,0.24242925643920898,0.19036553184965657,0.2490876,0.21683948561412872,0.5140333434169913,1.9294772119093466,0.02223973249585969,0.21221118793759244,5.863528723197421
76,93,fit,1.1517734467697824,4.4560065643179145,9,9,0,0.17613199336899849,0.0687324602342536,66,66,0.2839421033859253,0.26127483944349694,0.268148,0.1715323352208514,0.21872241842102996,1.5604594863552894,0.006641064729436411,0.06336893825798101,1.8765346708447224
77,109,fit,1.257017349904867,5.183963404954346,11,11,0,0.6114559254178431,0.07575147490601407,78,71,0.38417455554008484,0.3129250658289468,0.34995744,0.36881237003818307,0.7069083236675245,1.9560227865304396,0.04319657941051985,0.4121811012454184,9.080915754915026
78,98,fit,1.1871861799067356,8.156857670808275,8,8,0,0.1088082425645961,0.03355465560394328,72,71,0.3140000104904175,0.2920220964687416,0.1350605,0.1855350047863489,0.30155596277300767,1.2543187595123615,0.005410930841828875,0.051631019483099956,1.4562890881013082
79,96,fit,1.107451068780589,3.8242547944305496,14,14,0,0.2870036219296349,0.3545067976651383,63,64,0.25008273124694824,0.24508801239282824,0.12801367,0.10676850386845545,0.05151189143483036,0.8770712697224904,0.003054670743909131,0.029147621602186365,0.8067913318059625
80,108,fit,1.1441545403055735,4.6933689073399325,18,19,1,0.5299064084405308,1.225974612723055,72,72,0.3018993139266968,0.2895339786832056,0.25283462,0.27966677721427147,0.4905732549485136,1.4932558439394739,0.010597936184802769,0.10112534527483558,2.2364751270470267
81,96,fit,1.0282140608798267,4.819596767282451,14,14,0,0.21660329718643515,0.18257797572663453,63,66,0.2478310614824295,0.25080783523724576,0.2983442,0.31542332903128895,0.48369524276478787,0.0012991863719025636,3.8255285811416755e-05,0.0003650313531623736,0.009981627762717701
82,98,fit,1.1200276710870567,1.548567437264247,25,24,-1,1.5585712958555966,0.41702119330909443,55,53,0.2034716159105301,0.18221812829931458,0.19680111,0.28958333160767635,0.28697485503882264,1.440493478054554,0.013291771127504815,0.12682987717084745,3.1454963596791115
83,96,fit,1.017378224416585,4.565716708766947,20,20,0,1.3357754022553996,1.1340820868779262,58,62,0.2127426117658615,0.22322382761857248,0.17853124,0.28955424386232537,0.16252415761635258,1.4555456981428583,0.012853873766695613,0.12265146723946195,3.1117183398138284
84,120,fit,1.2085809506764846,3.144343791940508,18,18,0,0.9122943682336355,0.2133978139175946,83,83,0.39250946044921875,0.38308430574891084,0.027952626,0.0,0.29391381482842105,2.0020073839097203,0.01668771766667088,0.159233947201058,2.952384813761121
85,98,fit,1.1499987395188416,5.861429242302061,14,14,0,0.8882806138584945,0.18338605730833246,66,71,0.27718284726142883,0.304676094806741,0.18553689,0.12152429042871535,0.25771363719510837,1.2262584793798113,0.018690417738830307,0.17834368071402965,4.036173989182148
86,96,fit,1.05001795930007,3.4711797077217947,19,19,0,1.178240887334535,0.330095230618061,60,57,0.2345188707113266,0.19999941692688783,0.0,0.0,0.398866600925272,1.7420537584228994,0.012571024790063511,0.11995252662274342,3.2609238489865193
87,104,fit,1.2330559155516652,3.1637627172509846,15,15,0,0.24066400833493296,0.16560300053729268,70,68,0.3155215084552765,0.27127058613090754,0.10723839,0.0321892678967986,0.45502423802689107,1.1769774050998705,0.006268247751360788,0.059811524345045684,1.4846111207068022
88,98,fit,1.1785323585461267,2.4073951603885573,13,13,0,0.6040691657086885,0.17939294780906836,66,75,0.2835600972175598,0.32276889307268525,0.07839246,0.1655687590165568,0.38376833493284607,1.789243094113231,0.020806401328671974,0.19853436382320586,4.3874070689786375
89,100,fit,1.1904658775702466,1.8747676098798223,15,15,0,0.5950903204786842,0.20035489191066086,67,73,0.2919447422027588,0.31160944630729037,0.0662308,0.0,0.18433555345671018,1.106278214426176,0.0137742113019609,0.1314333139500086,2.904532713416534
90,97,fit,1.2920657778657354,4.390311273387328,6,6,0,0.07658863537299533,0.02721305889346599,73,75,0.34540849924087524,0.3290026917686333,0.0,0.0,0.17299317024609656,0.7156640821841369,0.003469247839057222,0.03310350991466815,0.8625392593030171
91,103,fit,1.1916757260264081,2.2545020810712697,24,24,0,2.4076689125718667,0.1615061431897223,61,55,0.24060168862342834,0.1988791801893557,0.036569465,0.0,0.43931646200181207,1.5910013546791961,0.02233097545733425,0.2130818268829604,4.890800400289692
92,107,fit,1.1639147454545669,6.168156480063085,16,16,0,0.7799610166020635,0.2407526736303752,73,77,0.3221352696418762,0.34150154314628167,0.0,0.0,0.2766864602356125,1.2118145800493558,0.0200934763739341,0.19173164478944751,3.88701517365735
93,97,fit,1.07357044190817,3.426044184197474,19,19,0,0.3721926843311302,0.13335212825584294,59,59,0.2265939563512802,0.2104723130367416,0.001410076,0.0,0.16753236104399813,1.3410323728577296,0.00534551497987577,0.05100682232705887,1.3723326659183586
94,98,fit,1.2052378829033104,3.553246830722848,13,13,0,0.18237454245831683,0.09326766939973156,67,70,0.28759780526161194,0.2850016747742897,0.14927827,0.038107774710972715,0.06639305504686874,0.060918724005696895,0.00046079548762725597,0.0043969035078936635,0.11022330185611949
95,106,fit,1.1478675716713218,2.496386229215596,19,19,0,0.4456002705791718,0.5477192865610061,66,60,0.26108887791633606,0.22172327933636027,0.015153091,0.0,0.38161049610455716,0.2584117965441776,0.0018256043962884855,0.017419889277561884,0.4480612219590172
96,100,fit,1.2498024864195787,2.1540408336619064,14,14,0,0.4823507978758434,0.06766074730254523,68,69,0.2959176301956177,0.2776256848562579,0.0,0.0,0.20063295813367535,1.965881655061914,0.010748641439230053,0.10256337251173714,2.5287386253338844
97,103,fit,1.1357890179299883,5.032065170673433,19,19,0,0.6626807957912527,0.312458879699937,66,71,0.274862676858902,0.2929170487425549,0.20005718,0.17786469387669648,0.17037536385140115,0.5422616646856164,0.004836579875122969,0.04615057132750924,0.9948817779114859
98,102,fit,1.2213849739933675,5.661981031354807,9,9,0,0.23314781850757685,0.033900851831387795,76,81,0.34798166155815125,0.35182998822281236,0.29914907,0.4000305272597185,0.042910308385868116,2.291562896843623,0.016901043526918815,0.16126949930266044,3.89720478104371
99,112,fit,1.3304772403590515,4.479864803858675,5,5,0,0.061454183638892025,0.016005572271018696,88,89,0.4277842342853546,0.4339387951440935,0.0,0.0,0.2562865042105485,0.7214921332237293,0.005374305162195723,0.0512815378072111,1.0712378769819406
100,116,fit,1.048552371804086,5.855753705001037,16,16,0,0.5712090978767089,0.16033266234275323,80,80,0.3473624587059021,0.3546218258698052,0.1531031,0.06911181269537152,0.0826137348308857,0.3187479390643647,0.002244693729960211,0.02141883330114705,0.44358761225142884
101,103,fit,1.2079885663630403,5.1103074282125736,8,8,0,0.14748844350605558,0.047189759283628466,76,72,0.3383234143257141,0.3031316181851604,0.18390651,0.3073968898191371,0.33907101892253244,1.4657062098032623,0.010644571994804446,0.10157034346187448,2.6856513427662754
102,95,fit,1.103505341334137,3.3529896965397334,18,18,0,0.33685900473017333,0.2021812669828976,59,64,0.2308068573474884,0.24411352993095983,0.0,0.0,0.20139485306054747,0.1274628153860906,0.0009850359967338448,0.009399198442116839,0.23593845899196955
103,114,fit,1.238920236431987,4.222045979252412,20,20,0,0.29169541651346015,0.302386663103284,75,71,0.33846405148506165,0.2924393847850977,0.32494307,0.34514788785474015,0.4381921323220818,0.16303331634520637,0.00042609843617781427,0.004065824772689067,0.08478423967387942
104,105,fit,1.2052177128749189,3.939620494074746,19,19,0,0.5607329557507621,0.45350072002195524,68,71,0.2815135419368744,0.28388170003530894,0.20613468,0.2690188443072519,0.17762778237483784,1.5043788009956367,0.008919191002674956,0.08510678437666942,1.8690602755095198
105,106,fit,1.2477165054116,3.2861147949776646,16,16,0,0.8525156222764829,0.22302541548783827,72,73,0.3198355436325073,0.3064687612864232,0.19765395,0.00843146752143121,0.21332319875268593,2.1013693003715948,0.014958849666604466,0.14273711513935558,3.1885715479934955
106,101,fit,1.1445912919028312,1.656408040678447,15,15,0,1.0311220962304346,0.09908138186976752,67,57,0.27019497752189636,0.21328569532377253,0.0,0.0,0.5540632482942965,1.929440643401266,0.024381766473757834,0.23265044345188773,6.394875920255623
107,101,fit,1.1152536885098587,3.6161795463226096,15,15,0,0.30795681093094013,0.17781638229929628,67,63,0.27776795625686646,0.23645142104429526,0.30294767,0.3870718349252527,0.43339883883151964,1.650899099019552,0.00696573840841249,0.06646696954592071,1.835254844373641
108,117,fit,1.1791345080164601,5.316997403610506,14,14,0,1.2089506112538446,0.19136829786737014,83,72,0.3483065962791443,0.3223869835593296,0.05910349,0.005421972273497484,0.26881972500918283,2.171227088855843,0.047708968643766995,0.455238250417624,9.309795917900752
109,122,fit,1.2554296177933828,4.809865003681238,10,10,0,0.40331935439390426,0.07794191428824733,93,87,0.43639838695526123,0.40628666705360245,0.19121492,0.15929663814638192,0.3224357089335519,1.5374524254674062,0.010515248436029119,0.10033634003844578,2.0816142648413716
110,103,fit,1.211073141648642,6.677851107266189,10,10,0,0.28409245330531807,0.04131908903612228,74,81,0.3438223600387573,0.377640005904998,0.0,0.0,0.3261359439960923,1.3835327934458739,0.02146780366514175,0.20484545482005487,4.272012574240267
111,103,fit,1.1662773622261584,5.048016883513371,15,15,0,0.21445327059986632,0.18783699453380515,71,72,0.3126063942909241,0.2960617060395145,0.22545953,0.3082721447379944,0.16965088497089656,0.6774355004603957,0.003970589965161578,0.03788730882787766,0.8873476409199398
112,100,fit,1.1128605888439473,4.90737239899043,16,16,0,1.5106131905055047,0.29118900252115665,66,67,0.2773553133010864,0.28101414336510416,0.26353776,0.13206023356335148,0.26175931901568544,1.8583671858156223,0.036429454279018565,0.34760929655552064,7.631847724457855
113,96,fit,1.022420489570556,5.19169125991369,17,17,0,0.27202842219892787,0.3906154518685385,60,68,0.23798473179340363,0.26708879523583395,0.17822033,0.18638388736860226,0.5119398708355238,1.2523182852961656,0.004862800054276282,0.04640076387668208,1.150495948092213
114,113,fit,1.2635212540970309,2.605085089754248,13,13,0,0.24637803614454537,0.0750841308284296,82,73,0.366098552942276,0.3105544403024243,0.0,0.04474217957478209,0.5311240759465794,0.06888033720089358,0.0006810766838445955,0.00649882331912782,0.15235857188214275
115,95,fit,1.2974938871555262,2.4836784214487118,7,7,0,0.16607678382155447,0.03859438059767426,70,73,0.3115204870700836,0.3103751710311875,0.0,0.0,0.11349343658555115,2.16812004211715,0.015189333152559381,0.14493638504350553,3.821620670442464
116,120,fit,1.2210971468751044,4.843525259050053,12,12,0,0.7235500883450079,0.11707433581448698,89,82,0.41981470584869385,0.3908451531882921,0.08597752,0.036067523636461714,0.41999971697635896,2.0584622426012835,0.04160970888717973,0.39703920693873784,7.43706816172665
117,104,fit,1.2036798709720975,2.598281523818344,18,18,0,0.33163931784683887,0.3232373391173347,69,74,0.3145838975906372,0.3206329968354184,0.18596175,0.0030107094535676577,0.06991600846222124,0.4671971212636104,0.00201486388653276,0.019225800444014885,0.40225583682393795
118,92,fit,1.0814923527795313,3.758610238655494,11,11,0,0.6403200785264758,0.13197104831343615,63,54,0.2439415603876114,0.195911902157116,0.13269454,0.0880539746065085,0.46316464492555787,2.219291486116958,0.028903612554333616,0.2757978297169238,8.654777576457818
119,101,fit,1.0941147290627093,4.844853931159453,13,13,0,0.42052024799963567,0.0957819820674819,70,67,0.27765730023384094,0.264174797106841,0.27338642,0.3229961458651034,0.13520046787253895,1.2083486611188157,0.01434281095479938,0.13685888315648262,3.5362179313147033
120,102,fit,1.0660664629332703,2.166850589873423,19,19,0,1.0144519730542148,0.5345798453148948,63,56,0.24291326105594635,0.19881754276732178,0.005857012,0.0,0.43488371021973776,0.9691378031377507,0.0115200998055315,0.10992461646499523,2.9943921832551643
121,98,fit,1.0992206188839198,2.399876200673236,18,18,0,0.29287742677527945,0.21609153533535105,60,57,0.23032861948013306,0.2021246286866545,0.0,0.0,0.27182676818880047,1.3075275705960971,0.005411987521256048,0.05164110230206152,1.45833078528324
122,99,fit,1.1031637019538587,3.166592908285717,15,15,0,0.3673562667473803,0.29524492294334226,65,68,0.2588321566581726,0.26110492290214193,0.21611004,0.2727467717759538,0.15472517798902366,1.3166526935149787,0.005647458351474532,0.05388796136903179,1.4090374895040092
123,107,fit,1.1055399185268733,4.836472694068038,15,15,0,0.6017486416955883,0.5092099767368811,73,68,0.2872193455696106,0.268049730793816,0.31036842,0.3481385883401044,0.22350740674960382,1.1668294853716108,0.009808412341646996,0.09359172081724233,2.3355517702891535
124,99,fit,1.0984565313403878,4.668709516742698,16,16,0,0.6512442771018905,0.32226466882669413,64,61,0.24591168761253357,0.22377364888569826,0.21712966,0.349176574786075,0.28220452703618687,2.226828329348714,0.013342577325219191,0.1273146691337709,3.5357771407701373
125,93,fit,1.1554551351814648,4.9221508654076755,10,10,0,0.045409352953567066,0.06150621623916689,65,62,0.258470743894577,0.22703369612414973,0.1769524,0.21831629288097787,0.33988792384674743,1.5130828328262775,0.006147547069196104,0.05865980027858878,1.8706613518376516
126,106,fit,1.2658557497178116,4.749943904733555,15,15,0,0.9272330411304346,0.16187475080329466,73,77,0.34208565950393677,0.3359754292363022,0.31826413,0.3295103354565096,0.6007786365664466,1.2665804433870638,0.023873301727266094,0.2277986806036841,4.571539464009152
127,442,fit,1.1964915262072642,0.7895417820586178,36,36,0,0.9097676161485196,0.8976321601933787,65,52,0.25924527645111084,0.1684693942845977,0.29582214,0.2875476763459683,0.9021557903179096,0.9285011078728993,0.006205223562851619,0.05921014850049254,1.1974231897678331
128,100,fit,1.0716770342557758,4.478340430191407,20,20,0,0.731486936843575,0.11034311235129068,61,56,0.230417862534523,0.1947338446696326,0.18202189,0.17692694218674107,0.3508826994210179,1.2777201506908933,0.004818091657925838,0.04597415704127708,1.2383837624716318
129,120,fit,1.1099478622245875,4.933075109331123,16,16,0,0.4440003998103171,0.14074782909706815,85,83,0.3827625513076782,0.36879282296669225,0.12785839,0.12129480763013133,0.41266625790164874,0.9057396000931301,0.006515209560306618,0.0621680301555975,1.2250968477937143
130,106,fit,1.2216181890890088,5.260124229652859,13,13,0,0.39965023104153674,0.24405660615036023,74,70,0.3290983736515045,0.28599514885107447,0.3065112,0.39320253788537723,0.4385354542023173,0.31758581999260105,0.002617137209239134,0.024972683294266544,0.6174275706204734
131,101,fit,1.07177029587963,2.945274136809279,14,14,0,1.135160127424272,0.1647928006427039,67,62,0.2652549743652344,0.24146164506963538,0.07112008,0.0013076064171025194,0.49261429672685236,2.34596043895236,0.03175056023452094,0.3029633610164212,7.938414794672304
132,88,fit,1.180872626371531,3.02181812873534,8,8,0,0.14475983945108836,0.053529492105065773,61,58,0.24002009630203247,0.21283040931970307,0.0,0.0,0.26398199384263216,1.0109945934046358,0.00918865914744196,0.0876780453000187,2.9861290842519717
133,104,fit,1.2930324361397603,3.971469594397253,11,11,0,0.5741084320187657,0.09525079462400646,75,76,0.3495290279388428,0.33934446593961676,0.053234212,0.1662663243026318,0.13396316134221656,2.1492061764376715,0.033792070388523936,0.3224434197378238,6.926544120485966
134,91,fit,1.1927238878740045,6.725071077907303,10,10,0,0.27114202881951965,0.07642950831710006,63,70,0.26823893189430237,0.2701164716173844,0.0,0.0,0.023261183074097632,2.3081752757178355,0.01567472776039007,0.14956801298082126,4.362978507566181
135,106,fit,1.0233635639368728,3.4997557240940966,21,21,0,0.4218468206734692,0.504127028506263,66,61,0.2211020588874817,0.19610474612811016,0.23297209,0.2906943046445268,0.464196585203084,0.237227175408636,0.0011639641937620463,0.01110652856643174,0.2943996425188766
136,99,fit,1.1844098236657026,5.668258150615341,10,10,0,0.40801440749504314,0.03026729486223668,71,70,0.31505605578422546,0.2977986888298496,0.2665148,0.26423227151510514,0.17287550695757833,1.4417028301989327,0.022415081132452185,0.21388436195087962,5.216012486497673
137,111,fit,1.1241714924479491,3.9947189402040686,16,16,0,0.32807838003648593,0.1459086609306783,74,70,0.31056445837020874,0.2684240076790114,0.28765082,0.3553905283152082,0.4184679578190286,2.3465834735633826,0.018012844422875346,0.1718782864778182,4.426507517150616
138,107,fit,1.1581066165133376,3.695139741167612,14,14,0,0.2756155714418316,0.09813099102979284,74,66,0.310243159532547,0.26353266595021824,0.2745328,0.2623261436793662,0.4515259492515406,0.1849314540730586,0.0013267401743085891,0.012659734487677377,0.32645946096663175
139,112,fit,1.2565060228368792,4.102196484955789,14,14,0,0.20194615758548576,0.11364507383791432,79,79,0.3774113655090332,0.34508799389421035,0.29959676,0.20199130202580637,0.30611573330797215,1.6611725015390792,0.011164682034091636,0.10653322551614157,2.3267370039727604
140,94,fit,1.116064890426395,3.5280098784638687,15,15,0,1.7317701440239122,2.116440561552447,61,64,0.25420060753822327,0.24474454144540178,0.14538994,0.1395255062941075,0.1006212584688551,1.7663786347398536,0.008548569072991197,0.08157031558197707,2.263411510008645
141,104,fit,1.087992887358169,4.314471078441751,19,19,0,1.221168411972237,1.1588953648281288,66,62,0.26286447048187256,0.2307774900130768,0.24128176,0.14513107939718514,0.3551027394631918,0.6662324494527853,0.0027230053041816926,0.025982875039901647,0.6709275821558215
142,107,fit,1.1009025395750838,4.339518043126392,18,18,0,0.25992113536888767,0.2284502934292045,70,62,0.2825862467288971,0.22485717319418264,0.24476753,0.33867049506144953,0.551360336589997,1.5111911516197682,0.007245195460527658,0.06913354447068376,1.8255184018409996
143,90,fit,1.0961921669202521,10.86118087861388,13,13,0,0.7021857520419181,0.19939386888585944,58,57,0.22077356278896332,0.19563100663931937,0.17138408,0.16405049440035244,0.25147280311133613,2.094166856217058,0.010902454958187596,0.10403105876133202,3.489796670141251
144,108,fit,1.1209266046822417,3.44240588216695,25,25,0,1.4256877309820013,2.179990873056851,65,62,0.2728177309036255,0.22628149482027948,0.28259954,0.24309715974043916,0.4953766772508131,2.1464313560356496,0.014388076258539726,0.13729080399369967,3.10795437870486
145,99,fit,1.1453895653818524,2.7788055773336784,18,18,0,1.0549929898940127,0.24281287376896868,62,61,0.2549665570259094,0.22826563593454183,0.0,0.0,0.27953315282673613,1.27139805882102,0.01466618058871602,0.13994447126637422,3.5676078630683423
146,97,fit,1.210205711567616,3.1609132108195626,10,10,0,0.132230627926942,0.028153890793154657,69,76,0.297112375497818,0.31587906314716,0.18564501,0.07496340939102457,0.18288220855099327,2.466488224144652,0.020836346688746114,0.19882010199185224,5.223255839253914
147,93,fit,0.9811862570112032,5.060449799454406,25,25,0,1.158818448222774,0.512083124124193,51,56,0.17076051235198975,0.19154989450228138,0.0,0.0,0.26781811190406996,0.6802264585908696,0.0036696066251213056,0.03501533039237887,0.9030741203606744
148,117,fit,0.9444294604054964,6.878699555102847,26,26,0,1.811782031845098,0.744605274151286,72,76,0.23225152492523193,0.3159809607259558,0.086237445,0.11616809916228406,0.8225982667611897,1.2796590959903777,0.009090566474495824,0.08674204651236474,1.6845079689827167
149,104,fit,1.1845982042513066,3.0189313224230014,13,13,0,0.30203907563134974,0.16134771054496383,73,72,0.3086070716381073,0.29928019366721903,0.06944033,0.1674108048108153,0.21516648541761432,0.5124172821076531,0.00548010025067848,0.05229103292632137,1.252798970226289
150,99,fit,1.1658225913066276,1.549300016563908,11,11,0,0.089806656088307,0.0889165574945659,69,70,0.286848783493042,0.27423571663043556,0.116507605,0.3146115033102097,0.1241152981916762,1.9329889821477773,0.011739508209792207,0.11201820810870426,3.078564356438977
151,103,fit,1.2773391375228995,3.247129064234868,11,11,0,0.5240351496223286,0.08676562810302924,74,69,0.33931782841682434,0.290795665321089,0.22043782,0.22270723945859247,0.4708873675308383,1.8104629589388637,0.02355915578451783,0.22480110481410143,5.481394910770941
152,97,fit,1.1376622217713577,3.4404758207622548,16,16,0,0.9444416958241731,0.13923687210935462,63,61,0.27024245262145996,0.2312669083466155,0.0,0.0,0.38288998013410563,1.5730986871886872,0.018444460399503346,0.17599675953724567,4.589482092581673
153,103,fit,1.2940994529086136,2.3069765023472284,12,12,0,0.41712059853634476,0.1778853366000216,71,74,0.3252074420452118,0.3237262772142865,0.0,0.0,0.08224687912967842,1.1501717586608882,0.013890210585294046,0.13254017734059204,2.9853930718211172
154,103,fit,1.0102687115530171,3.022761429877937,20,20,0,1.1303019037493556,0.6829596297920931,63,52,0.2342858761548996,0.17359297266006432,0.2752509,0.32900656242996923,0.7103194825207776,1.1182733520998405,0.008631482709309067,0.08236147623386514,2.4146789582785373
155,105,fit,1.0680430605149596,3.803035443171324,18,18,0,0.6944792126877027,0.14206373025800628,69,66,0.28323814272880554,0.2608255114718402,0.27783442,0.3002121181540109,0.3556356056234714,1.5054002999629632,0.01024625385604215,0.09776959786299762,2.3313693401902364
156,88,fit,1.0046882368197194,1.9810101460753078,16,16,0,0.1997156630525767,0.09857755018327059,53,53,0.18868739902973175,0.17839319491253833,0.0,0.0,0.10977108907502481,1.5398359358713836,0.005983898455465723,0.057098267704825595,1.897893813528856
157,91,fit,1.0374100824694694,3.312304318994103,15,15,0,0.3147939181103624,0.13396817593827282,57,55,0.20766842365264893,0.19143464869073393,0.01935897,0.11517563663832647,0.1893943371990451,0.5101623567924518,0.0040030133644051846,0.03819669240844641,1.2029432763047454
158,135,fit,1.1867798392390305,3.2534749461584638,18,18,0,0.357260953841112,0.31132486559156997,98,75,0.3028532862663269,0.31629588170761685,0.2584458,0.250638426785811,0.91682558152356,1.595291020498003,0.009206928929281155,0.08785237527940033,1.8844558326406302
159,108,fit,1.1355119337704958,4.008045105792867,16,16,0,0.3847312065106539,0.1737374938253347,73,66,0.3147444725036621,0.2594654672411664,0.16716297,0.2331706206685323,0.5511000569315495,0.7968078622810026,0.003909850096714761,0.037307729930484354,0.9366172093484278
160,91,fit,1.0061952445742819,3.30926275262522,16,16,0,0.9229422028115021,0.15377248710584676,56,53,0.2090037316083908,0.17464939324251696,0.020425983,0.0294656762496653,0.330297401565052,2.3034144554458402,0.011547338276073698,0.11018452553505437,3.5831170847784817
161,97,fit,1.0589610076579732,0.9839381395752499,18,18,0,0.3221108718778852,0.20897607230453935,59,54,0.2185087502002716,0.18320563882879787,0.18807462,0.24810066430313502,0.34849881647478653,0.16428657429620036,0.0009341059348547645,0.008913224569224852,0.26352960545452103
162,93,fit,1.0894507793158577,4.0205324723524605,15,15,0,0.24395670151859075,0.10532929731803395,60,63,0.23887962102890015,0.23772102809514079,0.0,0.0,0.03204519018733838,0.2784230846258118,0.0016484020788172934,0.01572902746963066,0.4406109840961686
163,93,fit,1.0363938122757193,3.995234965281971,17,17,0,0.8975518744565101,0.07994097818550948,56,55,0.212155282497406,0.19112461749354565,0.19491312,0.16417689763832688,0.21191100583735845,1.1996947934868079,0.013168264217772858,0.1256513761237868,3.7059394122481817
164,101,fit,1.1004436760195704,4.903993149417315,18,19,1,1.0332400074488777,0.22301738775537208,65,82,0.26355651021003723,0.35309859290180584,0.21697521,0.19053671004207423,0.9470562657982141,2.040128096465931,0.014865941079243293,0.141850582817207,2.8597710325361314
165,121,fit,1.1233411331733492,5.433482520243435,15,15,0,0.7482261612083473,0.2586427668120829,87,80,0.3971896171569824,0.356441759244656,0.078774385,0.052804022398815306,0.5703358841196566,2.2601997622260668,0.019345352448046155,0.18459305771036408,3.854041313814381
166,102,fit,1.1833073756976173,3.8408129710602337,14,14,0,0.24843400477923322,0.1333468186966826,70,76,0.3043099343776703,0.3306901766105223,0.24549676,0.2768463956481818,0.4858395645676327,0.20628544093257437,0.0017567717888715764,0.01676308958846924,0.37478375943355763
167,123,fit,1.1715905236860884,5.100642026862266,16,15,-1,0.5269310793724082,0.17945088711758614,88,84,0.40472280979156494,0.3827420780628354,0.06722605,0.10745527241536415,0.2905466768971413,1.48392892857776,0.010706469834743373,0.10216097170556654,2.0171604452129297
168,96,fit,1.1162310732803882,5.067602309249821,11,11,0,0.2769191095004335,0.14150688993408103,68,68,0.29723337292671204,0.2694523908525885,0.0,0.0,0.2678854872952934,0.4212104592058377,0.003109403028019467,0.0296698762215598,0.8230625176489615
169,90,fit,1.063288752671113,7.133256756069043,8,8,0,0.06928901338450091,0.07921320878336026,64,70,0.2597675919532776,0.28265849946956784,0.0,0.0,0.21978100583876833,0.20091831365361357,0.0009372079416678043,0.008942823870875995,0.2568241523829153
170,100,fit,1.1934116318093642,5.236338761713236,12,12,0,0.35979052988709126,0.0801362388670687,69,70,0.29615500569343567,0.2900141970952491,0.19431728,0.15631852614474398,0.07939278607952314,1.041881068070792,0.010561050206501926,0.10077337983303364,2.5156414368790085
171,88,fit,1.0433925351815987,4.127054683130982,14,14,0,0.3024025649752158,0.0671310958437525,55,59,0.2009834349155426,0.2050203414315515,0.17012201,0.15316116243330433,0.09933403711083111,2.3626569806933166,0.01547214824286696,0.14763500231743282,4.840016151628619
172,91,fit,0.9987546452178097,3.5577316414174316,21,21,0,0.31754374546364156,0.4916227281360597,51,50,0.18195030093193054,0.16196062044084697,0.14017135,0.0,0.2053063698409602,0.6471788999354428,0.0015782589631747389,0.015059722931056669,0.45609532320668283
173,102,fit,1.0653587962801796,4.553694404132469,17,17,0,0.45509208478761914,0.674573920614244,66,60,0.2566106617450714,0.21767944032023745,0.26855493,0.34810037970970953,0.37720153506273874,0.02765858618683325,0.00019721065249931252,0.0018817810352987835,0.05225294625420551
174,94,fit,1.037468977084854,4.366763304397313,17,17,0,0.9125864066683806,0.06153524837962261,58,52,0.21669545769691467,0.17217728402193466,0.24038209,0.2897654459672772,0.44118790500081645,1.2795723050865573,0.013901133869886551,0.132644407155406,4.02645379602525
175,104,fit,1.1576467578636325,3.185083167424137,20,20,0,0.6340651818552551,0.4830975381597604,65,60,0.2569165527820587,0.22395606499064516,0.007944206,0.0034056942126178633,0.32495056740327277,1.5853223099198808,0.006783846725945394,0.06473136188879192,1.6068730588468345
176,110,fit,1.182024288304467,1.5957875441536837,20,20,0,1.7311105217128144,0.21815012142034096,70,59,0.28884345293045044,0.2207537430270544,0.052710194,0.10116099339021993,0.6677445383757593,1.5707511701748376,0.02710176794517772,0.25860465596543625,6.09662251814988
177,86,fit,0.957219376471676,3.218853050102721,20,20,0,0.5890783801196243,0.2877711910957168,48,46,0.1537274420261383,0.13989295642424024,0.17987925,0.031929714446313325,0.20411395897546517,1.9620578524013983,0.008302873735725354,0.07922589442486025,2.717101894645806
178,93,fit,1.1387459115033787,5.147925121187033,9,9,0,0.1925397282767215,0.06933651330175218,67,68,0.27827879786491394,0.2625688610658237,0.29178745,0.3197728385300934,0.2057161822253971,2.206969949385785,0.013605221602530212,0.12982081681803637,3.9702472332573007
179,95,fit,1.1040409495794363,5.198847560701682,13,13,0,0.2895036844734304,0.16101946786091048,64,58,0.2504950165748596,0.20724138032666164,0.26011047,0.35674180360235075,0.4129868199284163,1.4222199461174925,0.004512176823233925,0.04305512235910234,1.3157124397121756
180,87,fit,0.9638366677686547,1.369213761208039,25,25,0,2.4096400226272294,0.20301414627370737,44,39,0.13714560866355896,0.11128663632311987,0.0,0.0,0.28651440286759833,1.60396680751772,0.017085136205735065,0.16302610883334986,5.090635785624745
181,108,fit,1.1654165090375719,5.03774754099084,13,13,0,0.3582455441476701,0.12655823704785543,76,80,0.32696565985679626,0.3428379271010278,0.21024999,0.22196087055755107,0.19608931531357374,2.172646893482183,0.01014998788910581,0.09685102947620049,2.159350389742353
182,107,fit,1.2172609411392474,5.1243918048301005,11,11,0,0.3384981255273228,0.07726315785948736,76,81,0.33910173177719116,0.35826796501284164,0.24656409,0.2338162999131885,0.2847729217422802,2.2897375710895385,0.019334483418478616,0.18448934559617,4.25063590975221
183,97,fit,1.066413795122822,7.185084050457808,11,11,0,0.3271228019560409,0.13754180017749976,68,70,0.2873097062110901,0.28801435336357245,0.23095416,0.14581711341750178,0.3311445430913247,0.4002372487201222,0.0027279129068327125,0.026029703309472445,0.6857415171103913
184,90,fit,0.9878838817143882,2.4706917438861398,16,16,0,0.28723494158257223,0.29202626853047814,55,58,0.19240690767765045,0.19704203231412248,0.0,0.0,0.05814265194148492,2.430130293875498,0.015729433357509683,0.15009001295333665,4.986618288623014
185,84,fit,1.04888085001727,4.476426627284381,10,10,0,0.19490224033565282,0.0674252056047846,55,49,0.20281095802783966,0.1559769369701962,0.11897857,0.23543954072161835,0.4746059361282903,0.7092683290838849,0.011055357807000923,0.10549005541031414,4.07637622967658
186,93,fit,1.0754895900286456,3.4032348242592687,16,16,0,0.6171358228785704,0.5154454278984332,59,65,0.2396213412284851,0.24707257839448651,0.11429868,0.22337337619743936,0.09138651738176154,2.2352972254483787,0.013135746712332735,0.12534109458332762,3.3765775845650134
187,107,fit,1.2201064633726801,2.680551394598326,18,18,0,0.3160651428699165,0.2281209467987323,70,75,0.31869378685951233,0.32207024903424675,0.076208495,0.09217969500177566,0.22681431401257926,0.055830843893842776,0.00030546213701695323,0.002914715047871691,0.06064371925497542
188,93,fit,1.1543190513432415,2.5891409448812683,13,13,0,0.14476211333287123,0.03623562811370651,62,65,0.252144992351532,0.25410363043137296,0.019293062,0.0,0.08577452407757882,0.5006532975600462,0.0016312390814520036,0.01556525841080156,0.4284796300008237
189,106,fit,1.2068017819967076,2.3067952552594897,18,18,0,1.6284971133118298,0.37870430676910133,69,61,0.2947015166282654,0.2374713936117569,0.0,0.0,0.5604961727795308,1.9009053667783882,0.02479020947108928,0.23654780029665343,5.64871223341581
190,102,fit,1.1267007676676626,4.950256387102222,14,14,0,1.044302152020716,0.21541193407172338,70,69,0.3025207817554474,0.28635375862212425,0.2834918,0.30909448672220313,0.24791606691918702,2.2313715550496096,0.03589666155548163,0.3425253965217713,7.81324302978678
191,88,fit,1.0860583306496356,2.1174600001940433,15,15,0,0.5214959975026977,0.04904924791188245,54,55,0.20173989236354828,0.1983091039669441,0.0,0.0,0.06605363059921715,0.9702875678828431,0.007103922686562418,0.06778552181834369,2.0403210330889556
192,99,fit,1.1393387181122936,1.946635770651699,16,16,0,0.30955766110387223,0.48196766187766543,64,65,0.25487059354782104,0.250675298710321,0.14188689,0.1811086814029578,0.039893705482231916,0.2907864517381309,0.0010237118965687048,0.00976824328786932,0.2515131385002834
193,99,fit,0.9552128245906221,5.165544864206341,13,13,0,0.6907344513926615,0.08105934193708116,68,57,0.24632126092910767,0.18789291649887402,0.28457835,0.3721467971092075,0.6176676998813228,1.5383701277612818,0.01640521338916981,0.1565382956981852,4.998813644762528
194,252,fit,1.2197176095156645,4.97229820446607,15,16,1,0.4578787440030743,0.2026316998928316,71,86,0.3182612955570221,0.40926885308521405,0.0682302,0.026918800796998744,0.9449045922958859,0.08888950273340467,0.0007634809334742198,0.007285123411013547,0.13440583916558005
195,105,fit,1.091021592258013,3.252020665025737,16,16,0,1.3358673885943289,0.21307094367665352,71,62,0.27967673540115356,0.23013650723254278,0.27260426,0.34115075033818665,0.555645724265043,2.0563635573654966,0.03359108249082042,0.3205255962864544,8.065708457759062
196,98,fit,1.0904729351549285,3.4709433830779015,15,15,0,0.30708078262431876,0.12139635751563121,64,67,0.2347327172756195,0.25456342404700844,0.17433783,0.28892186870860775,0.527821611046823,1.2542559867128134,0.006186729881143948,0.059033682071984235,1.5544960471797553
197,103,fit,1.194230047780074,2.7098442890353907,15,15,0,0.2670533541084776,0.08781196833756354,69,77,0.2980301082134247,0.3279103319835059,0.0,0.0,0.2850854307675053,1.7700492926001197,0.011029844271028337,0.10524660563958337,2.3717826175389574
198,111,fit,1.0936271766315147,3.9759147649750983,19,19,0,1.0789783674947246,0.22846030371709608,74,65,0.29238370060920715,0.24064569228156824,0.3333091,0.3623987593833523,0.5642089695559274,2.435387778452449,0.017298667143990077,0.16506361778616485,4.1676333961980045
199,104,fit,1.2679676682091785,0.5826115930701105,14,14,0,0.849331567638231,0.16711033686951782,71,67,0.3235095739364624,0.27546502795554934,0.17574117,0.16636228793152597,0.46622929291458204,1.611639323579591,0.024156436641703045,0.23050034963457103,5.353250376336007
200,106,fit,1.3099009818481737,2.284926319294527,13,13,0,0.3783458599057062,0.1979662496977308,74,75,0.34523436427116394,0.32538438529377167,0.0,0.0,0.19311474342372395,1.2388911319328009,0.008523669048720612,0.08133271993054018,1.8011876841578376
201,116,fit,1.3238570908481146,1.8019070988722965,11,11,0,0.39000823320597905,0.06586206036551807,86,73,0.38088396191596985,0.3017989271750898,0.35193065,0.34703397984941636,0.7985037344211687,2.410545686335671,0.016249824443528873,0.1550555767512297,3.769392023293947
202,94,fit,1.209336450559495,1.4937700268506657,11,11,0,0.49359921039703175,0.10775204691963484,65,64,0.2740646004676819,0.24955779303973982,0.32892516,0.22629361031717074,0.28955911462174627,2.343984870982893,0.017137109206228348,0.16352203441057583,4.5156787533018115
203,100,fit,1.0416048074835567,3.261345640630486,17,17,0,0.45343969740219786,0.5261163812164855,64,58,0.24509692192077637,0.19979325396038444,0.0,0.0,0.44563167105996593,1.966611559177472,0.01045903807922992,0.09979998167204121,2.971940940037854
204,103,fit,1.1657081037774475,4.891119703691085,13,13,0,0.5137083834238024,0.1307755561618726,72,72,0.3229808509349823,0.30309798982713193,0.025175802,0.0,0.317853295668142,0.811608873641547,0.0054001704913188885,0.05152834438281382,1.241888208422658
205,102,fit,1.2259417097531506,5.403869603650537,11,11,0,0.40064588940452883,0.17540056674943566,73,79,0.3251756429672241,0.3537363429258118,0.10391572,0.14678011363723104,0.276835531619164,1.2074732811745446,0.005842112613507427,0.055745349365528885,1.2451943765774351
206,99,fit,1.06097662136891,3.9576371128691648,16,16,0,1.0926926766176102,0.1900222874353251,64,56,0.2399580180644989,0.1962429565864404,0.18346141,0.3069626908660611,0.4532833288641545,1.9193090436431586,0.01735477308912584,0.16559897985807098,4.813262559447724
207,130,fit,1.1627444196038557,5.803530092335752,18,18,0,0.6696606609780406,0.11802456978165939,92,92,0.4172508716583252,0.45790957637450647,0.0,0.0,0.4812892430189972,0.5864804864983322,0.0037599884929631084,0.035877752795449504,0.5960350000065073
208,112,fit,1.1594987638146863,4.997572283707141,23,23,0,2.7640270398938394,0.6376487386015783,71,57,0.29620644450187683,0.2097875933786545,0.26871708,0.30355720528974456,1.0715721040309383,2.218467739611339,0.02276168771622424,0.217191676681529,5.050493705762568
209,121,fit,1.2463781278069366,5.928706534933875,15,15,0,0.9586010175631565,0.259068912939303,87,77,0.40518394112586975,0.34837546996684376,0.096237056,0.079414355747265,0.5881279737639672,1.3258578195568602,0.02086188619911587,0.19906379960988424,4.006575525444049
210,108,fit,1.2144830247475107,5.583280559039857,14,14,0,0.520687458681513,0.18887088004533806,76,73,0.3446498513221741,0.31554555702651615,0.25850308,0.1894932158430672,0.5770259155225635,1.0183170635091074,0.013813074193459953,0.13180414306736596,2.9251120861084887
211,90,fit,1.1318116975501673,3.1335507249757253,13,13,0,0.2502864353354203,0.10751663991124871,58,57,0.22323566675186157,0.2029875400552263,0.15604343,0.17470577685202107,0.30148715903728884,0.8450546744876246,0.004241530238606266,0.04047261678059414,1.2215678481370946
212,95,fit,1.125363369856699,3.1920522373806373,16,16,0,0.31039418916594036,0.04710692746655826,61,64,0.23175737261772156,0.2377714636988557,0.0,0.0,0.14449539805983783,2.1680295377570817,0.013831717181315085,0.13198203417285387,3.5596002822471466
213,101,fit,1.1666218810106053,3.8193203076144413,13,13,0,0.3850051702643409,0.1865799601660656,69,75,0.2855755686759949,0.3189116339674294,0.106949806,0.12114938352339004,0.3556681567240443,1.5719388064136535,0.008009427055134898,0.07642583067876811,1.8139544683180098
214,95,fit,1.145289414015321,2.559154666967625,12,12,0,0.31269315875142983,0.1718010900670478,64,63,0.2495238035917282,0.2388507921692159,0.11870639,0.19509473283355674,0.24019471877193693,1.8582197311052135,0.009138250207988856,0.0871970439693593,2.5067705886539446
215,104,fit,1.1105964955088485,4.236763548369196,13,13,0,0.2603337649359321,0.13665217918845135,72,71,0.2470652312040329,0.27154906722530114,0.25678036,0.3863570675792377,0.6556316960399369,2.289244791965549,0.01579232556897329,0.15069012947493599,4.088532831270095
216,95,fit,1.0620311998572887,2.988456056851788,16,16,0,0.270198305109446,0.37242993338914615,61,59,0.22493329644203186,0.20916571920742905,0.22834617,0.16525776031169961,0.1744520316201717,0.058411535666333975,0.0004750949481203459,0.004533348741606354,0.13153096490778765
217,93,fit,1.1008460155893602,3.5037265394990507,15,15,0,0.23233895620248723,0.2116023180806611,60,70,0.24192605912685394,0.27787492752305626,0.035295084,0.0,0.3443801091849608,2.025031001741113,0.012086738494653889,0.11533147418562871,2.9729057588238574
218,91,fit,1.177270346297411,3.121466000935031,12,12,0,0.37075017715338016,0.09908468161629504,61,67,0.2414971888065338,0.26380211729129643,0.0,0.0,0.21861139835088092,2.073333645997296,0.011108693081365537,0.1059989797840223,2.8434674100945734
219,100,fit,1.1222000899856506,2.0409294014025736,15,15,0,0.23684374266705832,0.10129235601847619,67,70,0.29056355357170105,0.2852554156422145,0.42578095,0.39066635253468707,0.192006718305817,0.0282374256485059,0.00021452833627914208,0.0020470261095337982,0.049677557857257464
220,93,fit,1.0933176126902615,2.7210017499516477,12,12,0,0.4470761176256981,0.10209689739896566,62,59,0.24286718666553497,0.21501491051678762,0.1436094,0.24985968612360823,0.268604822455285,1.5016717202004028,0.01339522748317637,0.12781705613717909,3.854470405561252
221,102,fit,1.2227101336699113,4.538708354278068,12,12,0,0.20769963234229608,0.0926001386035282,72,76,0.32213979959487915,0.3299920149610851,0.3002646,0.1790488398066551,0.08520719757892778,0.5189166231569441,0.0024471232097451547,0.023350412306728574,0.5480128369970871
222,102,fit,1.226633681614098,3.2145434012325085,14,14,0,0.776970514980552,0.1289282260922295,71,65,0.3143424093723297,0.2647679831972617,0.17234844,0.20947788516264684,0.4824840297508816,1.452638208557843,0.023970841270484957,0.22872940143592516,5.503204636237359
223,117,fit,1.2614225138876964,5.489413875488094,9,9,0,0.34396280878134494,0.10671352219486578,90,84,0.43712860345840454,0.39372715266851926,0.0,0.0,0.4523326187225047,1.876897119705436,0.014460242338879381,0.13797941163052843,2.8920926495296078
224,101,fit,1.2945631862165428,2.8220780574303013,9,9,0,0.0970756540719451,0.07778731044420875,74,80,0.3328515291213989,0.34720671445454415,0.050629757,0.031927258283128056,0.15470621652297809,2.1813981173957577,0.016334925477828756,0.15586760952126674,3.8011506381369236
225,106,fit,1.280212031537055,4.542686626175795,7,7,0,0.2080230573139071,0.0655015767782691,80,78,0.3694470226764679,0.34001349730769015,0.29077226,0.41304522753347095,0.2801135913079322,1.653172317648177,0.00950526523287855,0.09069909573357395,2.3005465809334757
226,104,fit,1.1095533999718181,4.7745239877372745,14,14,0,0.3317454202597681,0.21828883556615555,70,72,0.2696857452392578,0.266428333760995,0.28918058,0.41218375294477344,0.15330073481874543,0.24746928556815814,0.0010055893243382426,0.00959531798032674,0.24557094363150675
227,229,fit,1.3640888375744835,5.364997816756001,13,13,0,0.6644746010284719,0.2983457811387211,80,90,0.39907941222190857,0.43737778922253057,0.13631599,0.29768443403983885,0.36505252840271596,1.2595479730863142,0.009734229125195625,0.09288386569843153,1.710213836407284
228,92,fit,1.031764279394977,2.960055900543958,16,16,0,0.17856264604460068,0.10681905397097598,57,52,0.20548798143863678,0.17369114833257443,0.0,0.0,0.3169503652752263,1.087149218960373,0.0034730787389160747,0.033140064302634296,1.1014092264624928
229,80,fit,0.9763727206771922,4.7884062466674555,11,11,0,0.1901527458366707,0.049900018576624974,51,54,0.18091268837451935,0.17446514714438174,0.06668802,9.552650628500793e-05,0.08750784159704839,2.246519923619856,0.011633850362303858,0.11101002254106734,4.41803558741779
230,94,fit,1.0785379433153721,5.886020739491539,10,10,0,0.40052196962282705,0.07269926719123111,66,63,0.26599055528640747,0.24197459540491245,0.099673264,0.14875444505380303,0.2556561428694379,1.4723209025764281,0.016567666789030173,0.15808842355944822,4.648888682909182
231,98,fit,1.051455328174501,0.8712035722099537,16,16,0,0.8790722566592195,0.10826224170416414,64,82,0.2644634246826172,0.3346032942442727,0.13993295,0.06207949198450106,0.7075479299304493,2.316358037948107,0.020030015295875152,0.19112610015148046,4.285113076933073
232,96,fit,1.0949621021466622,1.5703455104074835,12,13,1,0.575660985939632,0.053114262224423926,65,58,0.2606286108493805,0.2142457760915096,0.20880735,0.2992594079448567,0.3899829033128599,1.6635922493598823,0.022644770228050972,0.2160760517943795,6.280460887153714
233,89,fit,1.079841563808083,2.6329389455984993,15,15,0,0.5138512321141705,0.09152673584620469,56,60,0.20747250318527222,0.21799148528794085,0.025344279,0.0,0.2643743111149022,1.6880806105457773,0.008821317683259628,0.08417287865705751,2.44521058295346
234,121,fit,1.1157204502488045,1.065910339673621,22,22,0,0.5784046024168708,0.24308688057796363,81,85,0.3341906666755676,0.3949523766385583,0.26822487,0.15898019700317148,0.605092890990906,1.613687151680965,0.011757819199579543,0.11219293129369792,1.9920679947356799
235,97,fit,1.05707011386547,1.895475292715498,22,22,0,0.4457109326362053,0.18414841511940142,58,61,0.22573190927505493,0.22012393904428387,0.28427437,0.25318440108289464,0.21300857919276275,0.4535993847978198,0.0014051279063620318,0.013407709030172058,0.33559357881790153
236,110,fit,1.3284448922582082,6.29206708580908,16,16,0,0.4299477279457173,0.08531502516660648,76,87,0.37538862228393555,0.42382767176168945,0.0,0.0,0.5032961294814343,0.638390331182203,0.005593269627083785,0.05337089338820405,0.9251431183208768
237,110,fit,1.2744908502855543,2.983157535838846,10,10,0,0.14222980084190878,0.07822859197562922,80,67,0.3249923586845398,0.2651321922999767,1.6913404e-05,0.002762408323146192,0.5710681851071799,0.8464650100210559,0.0026678806193766017,0.025456876139089712,0.7040258492288134
238,95,fit,1.0625805395831966,3.0368144282313265,15,15,0,0.23847495485836942,0.10969790454733505,61,57,0.22213628888130188,0.19984000022380763,0.15761715,0.043489235382383626,0.25290069674490573,0.4445318345130796,0.0010070530257205446,0.00960928459657008,0.29279416794799107
239,99,fit,1.2057754153945939,3.0958755277535945,11,12,1,0.3159779912389152,0.13388297537331728,71,71,0.30119502544403076,0.2817202399537541,0.24482854,0.33778463264413333,0.20578500302414574,0.7095713313798885,0.005425499418061542,0.05177003261509105,1.2864523455408414
240,117,fit,1.098965288714682,5.282351902852772,15,15,0,0.317536357993326,0.17584543888630283,85,78,0.3643563389778137,0.34642660452027974,0.067506045,0.0,0.2413215328361578,0.3555883238022779,0.0014242068582896823,0.013589760098183992,0.28769009874187645
241,111,fit,1.3083855843548833,4.882052517549414,8,8,0,0.07804665670680433,0.05811959938138904,85,88,0.40745049715042114,0.4299281371774909,0.052620582,0.02158560639477423,0.2152978458422434,0.3791063782587034,0.005818166393114167,0.055516854896127545,1.1026290859527732
242,104,fit,1.1720334722153747,4.944114399346208,8,8,0,0.0863235074206074,0.0630981597445591,77,81,0.3546043932437897,0.3680028335481356,0.13111204,0.09356864319221518,0.3720589587476468,0.6213911370618067,0.0021938593505253018,0.020933772428676542,0.4839979860012012
243,106,fit,1.218287721143387,3.414487806939403,9,9,0,0.2771701754085236,0.10156572950456601,78,73,0.34907066822052,0.31183754267746244,0.26107138,0.2630109393013461,0.6385182403867548,1.5997138026596025,0.020784916768371357,0.19832935847682592,4.873020972809814
244,98,fallback,1.2229487895965576,3.96602470663486,4,4,0,0.8320432977309639,0.10824797370312877,76,80,0.35278546810150146,0.3546024044103187,0.13203108,0.142280972916828,0.294728076810524,0.37853621446468727,0.0022287729345788643,0.02126691731468382,0.5552557958693078
245,99,fit,1.0414173244527303,4.347158355898526,13,13,0,0.3866794192650291,0.35620485828964515,68,74,0.2821715176105499,0.3102382858497617,0.20848034,0.22031059389566937,0.2665201951515985,0.2548339659871306,0.001344681693068928,0.012830932185772212,0.3150855709226511
246,105,fit,1.2132267687631992,6.245511743541553,12,13,1,0.4584621537041548,0.30817006007141673,74,83,0.3333014249801636,0.38650973340091105,0.16617413,0.05132049619660794,0.6535256621705529,0.560854550711508,0.0023376604209487213,0.022305920047220623,0.4515026226892003
247,102,fit,1.1364938839544596,3.8753610749527834,15,15,0,0.3994344969510618,0.1246040903680427,69,71,0.2782750427722931,0.28702054940095223,0.22430305,0.3184555664439332,0.24096665557113697,0.0032226367014282307,0.00018853699030196822,0.001799017083034048,0.043537885932566626
248,109,fit,1.087948359325499,4.230657852495705,12,12,0,0.3562669328821795,0.12043379982003616,78,66,0.2878689765930176,0.2527903165190293,0.24327493,0.34362206180078536,0.43522010016511514,0.701495331248165,0.0027479054740308304,0.026220472080446852,0.7296520905298074
249,105,fit,1.183098061066465,3.8422552340968017,18,18,0,0.5778411266172496,0.25484243520323924,68,63,0.28331780433654785,0.2410800957726337,0.2264751,0.2619597216441803,0.4141855403061443,0.4172191778595141,0.004725594113040268,0.04509154688015522,1.0876651182795987
250,99,fit,1.1210834097987243,4.190351084542188,15,15,0,0.622042788760495,0.1620082084312598,66,61,0.2711530327796936,0.23056110458092502,0.21732438,0.23558438764094816,0.4426256385662453,1.0585686989094856,0.01171077039619543,0.11174399233010905,2.993293199424278
251,96,fit,1.0645467475596013,2.0931407505530086,19,19,0,0.48326684459015545,0.17359901278528836,59,54,0.22015881538391113,0.18534135878874605,0.18611924,0.3064589126052843,0.33607637089636927,0.6363571880569494,0.0035634830007583674,0.034002700388915716,0.9749793406906077
252,98,fit,1.0887973109346514,3.6472649982096796,19,19,0,1.7303543557885157,0.3105225267471347,61,57,0.2337910681962967,0.21173933912253146,0.2602995,0.2584336133720842,0.29499181250179385,1.8119614552743557,0.030236592749587194,0.28851710638919076,7.164607490022657
253,92,fit,1.00013082712708,3.7238108225026463,20,20,0,0.7289621441198069,1.0808560767083535,54,53,0.18719102442264557,0.17804837295033274,0.0,0.08316458873911245,0.10740958315733118,0.8299067313371645,0.003532105527016338,0.033703297013514676,0.9856006642235208
254,108,fit,1.1121410100663012,5.229093006385376,12,13,1,0.6821625897664243,0.30034219174450544,77,62,0.2804824113845825,0.232060825807179,0.33560112,0.3985260334217447,0.36691926596450064,1.6085498983293187,0.015174944774830003,0.14479909136288172,4.036045193841549
255,108,fit,1.1374189068275729,2.955185479144227,14,14,0,0.529645141224902,0.08115393928204714,75,73,0.3291897177696228,0.30509129927606693,0.3924906,0.42703530910524257,0.6225281289822461,1.488396431657648,0.015512215525569778,0.14801732371726886,3.403091450923554
256,103,fit,1.1748792882846117,2.1385383744514703,13,13,0,0.3328400020775651,0.05683425033748332,71,71,0.3065311014652252,0.2924352369844744,0.3941138,0.44037856133070796,0.2502519128396315,0.6760311845298477,0.00902836638812456,0.08614853423782977,2.093540459481311
257,118,fit,1.2216922765865528,2.390758193813245,14,14,0,0.17966098392455288,0.1544777259818648,85,84,0.39733177423477173,0.3976871103566344,0.45298764,0.2687772010551338,0.0900610453695022,0.024856872730791176,0.0002948504586590734,0.002813458574991158,0.05427803249319173
258,99,fit,1.117409525826972,3.883123777494103,14,14,0,0.2573096310408651,0.038797323678516765,67,71,0.27425262331962585,0.2702071552985513,0.15475067,0.15650202861669002,0.040697110527113375,2.360825267032947,0.018103603354754503,0.17274430682017655,4.644030366822433
259,100,fit,1.2264212006876034,2.8269557337980897,21,21,0,1.2972958279280622,0.11882190072887021,61,69,0.2512989938259125,0.27261136960835847,0.22836798,0.16258037527664257,0.2413447268749025,2.3654383597408493,0.014726725019353591,0.14052218529917548,3.09452988992874
260,100,fit,1.1042388310702234,3.6765292407555727,18,18,0,0.7297310010960164,0.14067364982907712,63,63,0.2393438220024109,0.2381149958200519,0.08762134,0.07357002754448028,0.10988547256017116,0.4486016802324987,0.0036972293376622127,0.0352789058937234,0.8969352998150105
261,96,fit,1.1957185421440433,7.7627236647683,7,7,0,0.27462482231944435,0.03928241817309664,70,75,0.3184596598148346,0.3337138173818575,0.0,0.0,0.15172055660135406,1.8665796268781905,0.028515150617131755,0.27209113184286027,6.566340852060662
262,105,fit,1.1578678771468478,1.9753333948615834,20,20,0,0.3925281519943653,0.2710706010831937,65,63,0.26920679211616516,0.24095504346238847,0.19463982,0.0,0.27226434562358753,0.8487330267888995,0.003342523645519426,0.03189430959465101,0.7824713454593892
263,93,fit,1.0988111860744738,3.2352182934621236,13,13,0,0.13190400427916554,0.114035948991133,61,62,0.24220162630081177,0.23430279920029826,0.09493512,0.0,0.09329490283824793,0.5479889380034573,0.002657525801369484,0.025358070623754614,0.7546156791402707
264,99,fit,1.1409495975657902,3.595707098319759,17,17,0,1.7791454495250503,2.3346079632719645,63,58,0.24765437841415405,0.21898498349681633,0.2810692,0.3382518379063431,0.30681880120118815,1.9654860214597174,0.03206127189626548,0.3059281669490981,7.746865254004544
265,107,fit,1.0978573701833896,3.8667599730298723,19,19,0,0.8291472542970684,1.7391153961691241,69,74,0.28197625279426575,0.3125667070272952,0.25866187,0.31503255456981916,0.29282522536064226,0.6169534008388593,0.0037717248942119026,0.0359897413569838,0.770331424332275
266,94,fit,1.0509383241600005,2.473698865638387,21,21,0,0.5093953227575935,0.1722756354960397,54,50,0.1864212304353714,0.16212787011256202,0.1909602,0.20803024483579144,0.23464578496673621,1.2366653824223717,0.003805034579404536,0.0363075818645471,1.0430627415275158
267,102,fit,1.024002971272639,5.198547777094324,17,17,0,0.2248943307076086,0.16531006846678903,66,74,0.26522377133369446,0.3065444172383554,0.1165636,0.192085630407736,0.4373553999132916,1.432408119761416,0.0077276933003414235,0.07373753149180748,1.67609020936939
268,115,fit,1.205748607323682,3.812891175799029,19,18,-1,0.3689855543773586,0.28844769480197974,77,77,0.34945517778396606,0.3364910479511024,0.0,0.0,0.20150824222824218,1.0974406735485003,0.00585181429355412,0.05583792264841717,1.1397414666777643
269,87,fit,1.0186649293996983,4.513107834314025,11,11,0,0.1468332061915206,0.047164586389380495,58,65,0.22218583524227142,0.24972320694484795,0.09696489,0.11066315730567128,0.2657713830404856,0.2603705900837692,0.0017533173862456634,0.01673012773135175,0.49667887542419936
270,100,fit,1.1461822663374797,4.292019112722961,13,13,0,0.2164435069421109,0.1256724757144464,68,74,0.2912440896034241,0.3117199314677879,0.24378178,0.21103320362610378,0.36794250048820953,0.48503298916094584,0.0029793504404856852,0.02842891641684814,0.6878521185620458
271,99,fit,1.1255318593017833,3.5210948815579566,17,17,0,0.3409657164327861,0.20795700525287994,64,66,0.2570880651473999,0.2569718306571368,0.093125805,0.07958014817735644,0.07668387470859447,0.9971751197800157,0.003785894700345776,0.036124949430780304,0.8977597969729469
272,97,fit,1.0848175591986786,4.21331823549568,13,13,0,0.34242331613701676,0.09230987976766174,66,71,0.2661345899105072,0.2887225267656793,0.053812727,0.0,0.22138552354703991,1.9657313261844898,0.011400065555843986,0.10877925148706094,2.82012459910905
273,113,fit,1.2671654792045017,3.316207875302928,16,16,0,0.7070095708946958,0.13621067887413893,79,78,0.3478195369243622,0.3349165076766159,0.17903009,0.36533432964715057,0.1471835573243838,1.9141719097571135,0.013809812824689049,0.1317730231363459,2.7411319175046627
274,83,fit,1.0397093035394183,2.223011914999467,11,11,0,0.2436523708153789,0.0782295859999451,54,56,0.18737047910690308,0.18692185767808314,0.0,0.0,0.06283046493326569,2.405131056356962,0.01407409634049713,0.13429481240932375,5.026254413409191
275,101,fit,1.1921171559288726,2.8182492376808495,18,18,0,0.325652247706872,0.22746809344498384,64,65,0.2634686231613159,0.2504333207056034,0.034662154,0.04546240568274323,0.1625920693261108,0.6369926805793081,0.003843564255486887,0.03667523144548556,0.889694738485276
276,98,fit,1.1551868413637447,1.5014728767022607,19,19,0,0.5036703799167339,0.39721877165298863,60,59,0.23588956892490387,0.2157341328937355,0.0,0.0,0.22761958408486493,0.22836320416927763,0.0021566207199900586,0.020578441984637964,0.5235383009871537
277,96,fit,1.0763213032489465,3.20301732185088,18,19,1,0.5509280885433373,0.2748952687239451,59,62,0.22139966487884521,0.22890973006441143,0.0,0.0,0.16002612429185717,1.4833470702666645,0.005271798701560367,0.05030342272481266,1.3090194697906241
278,90,fit,1.0216625529460548,3.3754229123713815,18,18,0,0.4067509126442934,0.29779030918069505,54,59,0.19456236064434052,0.21108912899451757,0.0,0.0,0.3405350802933784,0.8786798335276363,0.002437034935054568,0.023254150143650457,0.6506560694316094
279,99,fit,1.1706936395121144,5.5492426434437645,13,13,0,0.30042364344937,0.18496551852430124,67,65,0.2829291820526123,0.24806300982415608,0.27429327,0.3052807442203225,0.3324187206451304,1.7216371714405048,0.007629480044338413,0.07280038210246577,2.011615977845928
280,105,fit,1.0793116501271318,4.72098767931059,19,19,0,0.47514481681911014,0.28184963758159987,67,64,0.27291274070739746,0.23805772099899838,0.35435316,0.35499369296204036,0.4263143757948664,0.5296503114255029,0.003974643815831936,0.03792599060908335,0.927448634901688
281,107,fit,1.2405740836212678,4.302060130208068,13,13,0,0.2699302565152559,0.2194721610793706,75,80,0.3502195477485657,0.3607449697914024,0.15850762,0.19938070462849586,0.1398167665969346,1.335984760663781,0.007324097634520016,0.06988642781030549,1.4847701984586243
282,101,fit,1.310989471922511,5.310944229309882,9,9,0,0.31881118201260206,0.05776920877915837,74,79,0.34765294194221497,0.3513115695198975,0.1597175,0.13038535581537336,0.03410803502974336,2.2039716413935175,0.014991853100703188,0.14305203340365638,3.3045891836345955
283,95,fit,1.0881721820786263,3.7455614925583607,16,16,0,0.8483723818889475,0.13243948910456102,60,58,0.22550925612449646,0.20795707058956417,0.18124223,0.04060990078004445,0.19899153142245127,1.3138312890226798,0.015937444625898266,0.15207485330055595,4.192810725238068
284,104,fit,1.2117998051069117,4.198777396653809,13,13,0,0.9434585930735155,0.2127074593244943,73,65,0.3081416189670563,0.25755229887182374,0.23772459,0.39358226863184936,0.5423769779637557,2.0610002715246494,0.03093753625922871,0.2952054986567625,7.300093407318973
285,99,fit,1.1892605706989785,4.281480983788827,11,12,1,0.28439945276977624,0.08376387299511606,69,69,0.30102500319480896,0.28255838317555254,0.2544179,0.33911158477178355,0.10337678305941121,0.6071750000615624,0.0015552630453175786,0.01484029623394636,0.3839558389540917
286,100,fit,1.168315374170438,3.616328004829499,12,12,0,0.2127422155621394,0.08036250945192862,70,73,0.3109586834907532,0.28644998508543884,0.26016355,0.35608054500221725,0.24002281798262765,1.0401324008564208,0.003634883173184765,0.03468399974412943,0.8969738245709922
287,108,fit,1.2697934772748167,5.175752076163286,15,15,0,0.18897374009621024,0.19014158701718817,75,83,0.35539865493774414,0.3809102595448227,0.2159078,0.08483192453971976,0.24573121015159774,1.6567463186350713,0.011790086200328977,0.11250082252222306,2.2418946653986667
288,97,fit,1.119522605195966,2.7174558393728145,17,17,0,0.3463653799688974,0.3136193012686066,61,64,0.23316437005996704,0.24243291112448964,0.14423591,0.24096716157534,0.09772054434251722,1.7599467577692705,0.009149369067852332,0.08730313996042302,2.282161984479664
289,95,fit,1.02396381325758,4.264418082011158,16,16,0,0.6368538527696442,0.19124285213849335,61,57,0.22440464794635773,0.19116780736405228,0.2472974,0.1967371751638794,0.3700197496141308,0.19968783982221547,0.0006244924293328121,0.00595889722645813,0.17916871617078003
290,94,fit,1.1330758046589804,4.147672983379822,14,14,0,0.32396440189021586,0.055025509531397565,61,67,0.2331024408340454,0.25752032817273895,0.14318961,0.20613751736141891,0.2617925089546051,1.6938150064786555,0.009242486907541831,0.0881916689650938,2.3998005999456424
291,97,fit,1.1495508711475935,3.2131929907723733,16,16,0,0.5397857602027228,0.15445576583864598,64,64,0.2621430456638336,0.24959842585814077,0.01649324,0.15332087542000683,0.12230229744893617,1.2360026934792503,0.006918232048394798,0.06601366458391981,1.680040534864646
292,104,fit,1.1753514396157365,3.4977704644517225,14,15,1,1.3105405653449518,0.3822354120631624,71,60,0.3048411011695862,0.23171770518741125,0.0,0.10236505492690999,0.6405462916129622,2.3007031620383094,0.04138905048816409,0.39493368786416116,9.907569304496622
293,105,fit,1.2151303985234854,1.5177860740238303,17,17,0,1.0554979610259432,0.32882611185878874,69,67,0.2963528335094452,0.26831691635502597,0.15008464,0.19465940795681208,0.2842853537204605,1.8756228312717416,0.016491781043745823,0.15736432293650593,3.6585619303704804
294,93,fit,1.155375874783516,3.1465356889319276,15,15,0,0.22071327621627232,0.0685697541904624,60,63,0.2311110496520996,0.23793327601109282,0.17738265,0.12852400317159898,0.21037210103345375,0.2851521785909465,0.0010861369251021786,0.010363901957081856,0.2799381503196666
295,103,fit,1.239709791843832,3.3712837902381825,11,11,0,0.285756785026017,0.09432898782540171,73,77,0.32276350259780884,0.33329508830115795,0.23594943,0.34984911699655263,0.10056756588361161,1.2435103719527123,0.005013090956276154,0.04783483736904727,1.1110768397306838
296,108,fit,1.2183647130946518,2.9200474408752313,16,16,0,0.3161507672627879,0.22449115139404918,73,69,0.32111042737960815,0.28328603390402046,0.06900642,0.0,0.3711280793358885,0.2568734385346196,0.0015364262381985573,0.0146605557080015,0.3423126632464263
297,107,fit,1.252310087900125,5.455611953339058,14,14,0,0.8783094730033806,0.19365445017079308,74,83,0.33478814363479614,0.3924556873231566,0.0,0.0,0.5454698633892584,1.5181397598625173,0.019022419919177896,0.18151164045017076,3.4499019321203988
298,107,fit,1.2491117090062875,4.292705666710435,19,19,0,2.4537940410161867,0.13998113837243917,69,64,0.3034132719039917,0.2512590634240919,0.21062554,0.36793359719364804,0.5413120757320352,2.4938749899433703,0.04065128914152672,0.38789398035807937,8.416812300305805
299,93,fit,1.0422393298951766,2.9953126569977204,18,18,0,1.0709053907733461,1.2684721045403087,57,50,0.2119848132133484,0.16200171742584588,0.11960542,0.18299338928011977,0.4892972974814965,1.0010831908141946,0.008107290693966271,0.07735964402639571,2.4005691210418107
300,88,fit,1.043392419230843,4.127054739743269,14,14,0,0.9254926325988242,0.0671314408033208,55,51,0.2009834349155426,0.17312789167663709,0.17012201,0.152653759131701,0.3032462680620108,1.9349035363094749,0.019553360963674122,0.1865778717907836,6.116813447261416
301,91,fit,0.9987547313844108,3.557729466717336,21,21,0,0.28902410732744904,0.4916284621229373,51,51,0.18195031583309174,0.16479114810387205,0.14017135,0.0,0.18052031800619472,1.0783080261376148,0.0036820910623363554,0.03513445670168278,1.0640739420767136
302,102,fit,1.0653586783184332,4.553693840677142,17,17,0,0.40808048422646387,0.674576996809901,66,61,0.256610631942749,0.22063712079678036,0.26855493,0.34886044501618896,0.34719124547773567,0.9048336628608331,0.0027365744030128434,0.02611235117378667,0.7250830372883924
303,94,fit,1.037469010157219,4.366763338921451,17,17,0,0.23077114237446922,0.06152966287732391,58,55,0.21669545769691467,0.18727490344326816,0.24038209,0.29158243757339875,0.28963190569730296,1.0473686991984703,0.00344440181432917,0.0328664295260417,0.9976688867502849
304,95,fit,1.0290929936489845,4.1566120389922965,18,18,0,0.43319002262519024,0.10843443289783065,59,58,0.22203953564167023,0.20627776539907045,0.1281943,0.0,0.16120198924303314,0.2566370428151336,0.0019862469413508585,0.018952737989989105,0.5422630968389566
305,102,fit,1.091969503520087,5.244521548500298,17,17,0,0.26237528587853554,0.2592468256423064,66,73,0.261505126953125,0.3039709519843923,0.21539335,0.19642969742293487,0.5147728961641906,0.29646228348743325,0.0018206580089688105,0.01737269092527491,0.39453246430690175
306,88,fit,1.082264251509059,5.235075128401485,8,8,0,0.13659692397852524,0.14666353392276413,62,80,0.24810285866260529,0.28796423689175765,0.19414267,0.2959736969813026,0.36814752322856936,1.9827141913597215,0.010034740803016317,0.09575134354023203,2.7911008348197925
307,101,fit,1.002117490586284,4.830066465280499,16,16,0,0.24744280439307662,0.14410978964270424,66,63,0.2555769681930542,0.23698397735697613,0.17647113,0.20262916496854674,0.5276150492674667,0.15314396524751597,0.005992862141560363,0.05718379906069049,1.556379444901333
308,102,fit,1.058051869313687,4.446665887272967,17,17,0,0.234390552433201,0.23494909164646868,66,62,0.24894015491008759,0.21242457051932284,0.25708938,0.3335355166921303,0.4703908657907105,0.9879096943879202,0.0031220498453843975,0.029790551959774782,0.8433080319102078
309,102,fit,1.0759412114093259,4.800689097071236,20,20,0,1.0676082875490485,0.4134905407014791,65,59,0.2723948657512665,0.21317979078438276,0.25079194,0.2876562755738091,0.5932562577725794,0.23783313732162314,0.000669115824339982,0.0063846929803433395,0.16816512287134452
310,100,fit,0.903992473413318,4.652243916157492,19,19,0,3.080692708179952,6.576231533721599,62,48,0.196242555975914,0.142361206482443,0.2642019,0.20743591747141307,0.54844655509316,1.9856850688216678,0.008045949866959395,0.07677433079159728,2.7248293130935104
311,94,fit,1.0217966601618056,2.2637130200861915,19,19,0,1.8727581247030693,0.35056722969844906,57,43,0.20672330260276794,0.13324087727476944,0.23454867,0.19762380796820067,0.717456687929913,2.0755355441350094,0.023392235493403392,0.22320835394468885,7.06442421701197
312,101,fit,1.1492454645021897,3.5730299434791433,16,16,0,0.3283590958363371,0.08049756439355261,66,67,0.26287829875946045,0.2565019101613152,0.019599074,0.0,0.08905844927678602,2.328193453058549,0.01725805970442723,0.1646761422178171,4.34475924394793
313,98,fit,1.1200152603567277,3.3078959528020215,14,14,0,0.2803566562719323,0.19335270711228233,66,65,0.2646794021129608,0.2392403831174767,0.19166712,0.2719971619892554,0.4735384538088484,0.17094253548830374,0.000959191034050203,0.009152586202769111,0.2508373629077068
314,91,fit,1.1705469329024165,3.8363973856444322,12,12,0,0.5366082102354479,0.24237475541034612,62,66,0.25395798683166504,0.25864889621776244,0.15321542,0.08074236086567431,0.24128760729613244,1.2367831751396954,0.005350511409738555,0.051054498184528195,1.4190780241248013
315,107,fit,1.2548655967722981,2.9098808426669005,15,15,0,1.4758358658643085,0.37496952524669086,74,68,0.3280739188194275,0.27166312108664475,0.05913843,0.0,0.5679083617635389,2.018214756380379,0.04145382848319398,0.3955517985037594,8.830617201510265
316,122,fit,1.0920925628128275,0.9867814243923817,12,12,0,0.24158897335495655,0.08357172482688804,92,81,0.3521274924278259,0.3635377214029146,0.4128907,0.052457911609992545,0.18293074437225398,0.9329438868248716,0.007923354401121465,0.07560452672825825,1.6280942684414277
317,101,fit,1.189731288957088,3.6256356569642736,18,18,0,0.650874139129694,0.28279588344991763,64,67,0.26658129692077637,0.27217220081590937,0.080781214,0.0,0.15478427641187736,0.608744318752982,0.007742496012380602,0.07387877874408971,1.7042838803719609
318,98,fit,1.1481315271156343,2.794234363006986,16,16,0,0.21207326133370605,0.30589143156789,63,60,0.25777050852775574,0.21685885160856502,0.0,0.0,0.38797826078379777,2.176656120355135,0.014463108300198497,0.1380067585896803,3.9339604436103466
319,238,fit,1.2664203233749514,4.855421793407802,14,14,0,0.6279141008825576,0.08706190364160987,79,87,0.36815953254699707,0.40748925310546075,0.28364143,0.27961138684444975,0.5380886548037016,2.4904907036309707,0.02383135344972275,0.22739841077979725,4.365934344781455
320,108,fit,1.2140042384165344,5.735481249496186,12,12,0,0.7616331604526172,0.1358869943909431,78,88,0.363707959651947,0.4312376531516294,0.0,0.0,0.6492335504816582,0.12838566628813147,0.0007609049736581254,0.007260543641776006,0.1373586195018744
321,96,fit,1.0703906936018568,1.2970005763091657,16,16,0,0.9467020830084001,0.16957984643374083,62,80,0.25158628821372986,0.35122771772878897,0.0,0.0,0.9463126869985944,2.310154568380857,0.02112224745356342,0.20154816272484177,4.254306479374498
322,104,fit,1.0651295745503788,1.1911525372342324,13,13,0,0.34506492723314486,0.5366920420595456,72,82,0.3049487769603729,0.3749892349705739,0.0,0.0,0.6693371150141533,0.8206673127961388,0.00285760298577713,0.02726720406275887,0.576993320725851
323,98,fit,1.2671290684840697,2.378002710168373,9,9,0,0.31504682946912604,0.3135313174584279,71,78,0.32422494888305664,0.34520614657922205,0.0,0.0,0.2763789768776087,1.453568474699549,0.006443371380177944,0.0614825513375758,1.4693839845447638
324,102,fit,1.0951803519151262,5.708567479976697,16,16,0,1.0760954924024129,0.49247437852110726,68,61,0.2862299680709839,0.2238914401432339,0.3022567,0.4089796626366817,0.6191103943645886,0.672700921745857,0.0038221639124534465,0.03647102969898327,1.031139576931392
325,91,fit,1.006195364370139,3.309262979652827,16,16,0,0.4177430653986302,0.15377648598346785,56,53,0.209003746509552,0.17480912911744487,0.020425983,0.0332371073522789,0.35964153101472046,0.3385681424593981,0.000892249631509616,0.008513832361732976,0.2768633553139379
326,97,fit,1.0589609689658614,0.9839379304719952,18,18,0,1.1156345773732623,0.2089758192660273,59,52,0.2185087352991104,0.17576841039185098,0.18807462,0.24774259652661892,0.45235623286403936,2.056107087965287,0.012131158046211244,0.1157553248684279,3.4224378244607356
327,93,fit,1.0894508039622606,4.020533093162664,15,15,0,1.0989808724963277,0.10533070604631753,60,61,0.23887962102890015,0.22912042088338225,0.0,0.0,0.1511956918754743,2.4749554870265316,0.01812978436813974,0.17299412565018835,4.846014568344836
328,104,fit,1.1322359382722678,4.664280120681994,15,15,0,0.49659839484426144,0.18658240796979864,70,75,0.2982460558414459,0.31575325332322995,0.27875316,0.30531240681723276,0.24359181342911207,1.0361903322009476,0.004829934035697319,0.046087156829172894,1.0679352187564215
329,94,fit,1.1270173673864143,4.049502738618766,16,16,0,0.5490646343189639,0.23794777543682227,60,71,0.2442576289176941,0.29854367506872115,0.13798828,0.11836774976756899,0.5606609801163819,0.23544492697340724,0.0023456836019636975,0.02238247711797421,0.5217058822468095
330,99,fit,1.0474737961345302,3.8997843766619757,17,16,-1,0.7750148637000233,0.22805811497405842,63,65,0.23980852961540222,0.23915271113021078,0.26756856,0.31073713548238974,0.1623106988484675,0.9826691570326275,0.011090795671552762,0.10582820297283169,2.7893427927928407
331,106,fit,1.2391709719838937,3.843231903970563,13,13,0,0.2619828457953349,0.09203283036607131,74,78,0.33403098583221436,0.33526417692421945,0.0,0.0,0.08351726183378716,2.4655061170973616,0.022556332424649495,0.21523217962451807,5.055860312755668
332,113,fit,1.1336980020008878,5.017503545710751,17,17,0,0.4190896511051479,0.05985731224487126,76,66,0.2984939515590668,0.24890453865322168,0.26694572,0.39452848371690613,0.6030505241038905,1.7197681924604773,0.010628681588582314,0.10141871744830452,2.626574234203956
333,117,fit,1.2382956906532412,4.8217975731423035,15,15,0,0.47372780673621506,0.16753543611734503,83,78,0.3832080066204071,0.3382712464963677,0.36947915,0.4250209845588208,0.4460744176067951,0.9981610386045047,0.0061427724735334125,0.05861424115966996,1.2635527337894283
334,114,fit,1.3114511734843333,3.1017005839190115,13,13,0,0.8294015366080274,0.07913162277927094,83,73,0.3965451717376709,0.32170039554497043,0.3331394,0.37555090702840555,0.7300116013366172,1.6239153685482146,0.032030282095651216,0.3056324627447635,6.423867872332865
335,90,fit,1.0778940242776114,2.674998677406174,16,16,0,0.270506312531089,0.12529748920573827,55,57,0.2035822868347168,0.20239843464213575,0.0,0.0,0.10457797539275977,0.9956629890697509,0.0028797359708927803,0.027478396668824238,0.8188787170247643
336,105,fit,1.2528154301163403,4.565418304241261,9,9,0,0.1351099743996004,0.07138266123616212,77,81,0.35603779554367065,0.35698979442871864,0.25974107,0.36309795499409553,0.10506420365791132,1.8438895060870228,0.009013247495602955,0.0860042699962114,1.9868084014345293
337,111,fit,1.154952507633327,4.878771336014453,14,14,0,0.5167705714213522,0.21683645159547774,78,76,0.31478455662727356,0.3171307949750649,0.3304222,0.3421510650711574,0.29572145762460156,2.459432555056645,0.021915900274798523,0.20912118582823017,5.009552959479768
338,104,fit,1.209770610740164,4.17038525729084,15,15,0,0.5682666503070679,0.45310132013709165,70,69,0.307149201631546,0.28313238700782206,0.1802539,0.17661899284936938,0.23397482342891518,0.6582186283798563,0.00792359946564804,0.07560686513022938,1.819223083879036
339,109,fit,1.286507616984224,3.804703166416492,14,14,0,0.22769869755132216,0.14221417071867698,76,78,0.35240161418914795,0.3435992486316281,0.2819141,0.29287594530451194,0.2328212898425221,0.554891669774867,0.0023971198882647617,0.022873281376572154,0.47758206700859746
340,88,fit,1.0990594121652992,3.6520899409695784,8,8,0,0.07119502771359942,0.062274709074679996,61,64,0.23908136785030365,0.23990332289092808,0.026083412,0.0,0.09021974940488832,0.8004077799060503,0.0018730842867625418,0.017872941667581504,0.5879766405991638
341,105,fit,1.1633936708535555,4.09453183226692,11,11,0,0.4744695349296217,0.1191367425462173,76,76,0.27709856629371643,0.27987530150345885,0.21990126,0.38774838599009137,0.3141463572610662,1.0410271202105492,0.008145075383926509,0.0777201849611308,1.9994802850577484
342,108,fit,1.1257831512287828,3.0770818170034047,18,18,0,0.3875168389084271,0.15353575367619013,70,72,0.2905281186103821,0.29449753268210555,0.084943675,0.0990029099809923,0.03575133876661855,1.0370946956841631,0.004369757350469247,0.04169615792432487,0.9369315116946291
343,97,fit,1.0604361771663127,4.192694423055076,13,13,0,0.7675939819019255,0.05233442108300953,66,58,0.2596164345741272,0.20501753375352236,0.23147579,0.3933688732273538,0.5251758345788504,1.9029841671729528,0.0267506164537513,0.2552539737953368,7.413189244204446
344,106,fit,1.2956851126780973,4.306570391096907,7,7,0,0.27623900457874934,0.08145571855201333,80,92,0.3800172805786133,0.45690483085415695,0.0,0.0,0.7982647336412819,1.2126402283642095,0.006027824068494332,0.05751740523372454,1.1354019956448522
345,99,fit,1.2176377415973276,1.596266523480895,15,15,0,0.6801381683335913,0.30420213991076545,66,64,0.2819570004940033,0.2496420801770103,0.13661595,0.22892435197515887,0.32342803640510176,0.9857658560231592,0.013555700819974684,0.129348290266934,3.2411332929908108
346,104,fit,1.1809869166705058,3.0452444876078406,16,16,0,0.5557700393986966,0.2525850604731992,69,61,0.2874376177787781,0.23102802419384208,0.1182285,0.06464674261355359,0.554013372586895,1.351935617628325,0.006699668948353542,0.06392813882016739,1.6921747616204785
347,93,fit,1.069888392187876,2.2802021651455333,18,18,0,0.29502047515737473,0.3535141083698379,57,60,0.21985822916030884,0.21614747386586405,0.0,0.0,0.10221416491032881,0.47133377159277146,0.001504176448048272,0.014352828702750686,0.3886945591612261
348,105,fit,1.2231120659357941,3.0981210847134006,20,20,0,0.759901604838227,0.371294718999218,66,64,0.2954782247543335,0.24975136131219725,0.21377128,0.3100700972832495,0.4413102237540548,1.0476217183371306,0.006149204093106529,0.05867561157544397,1.342604593645596
349,107,fit,1.3449086005924409,4.404875106653258,8,8,0,0.3766145959292936,0.05769894985029798,80,74,0.38462522625923157,0.335030851614726,0.16696705,0.16726358349331036,0.5178421152685292,2.0621428027537387,0.04355709234611942,0.41562111017289527,9.22788949463658
350,107,fit,1.2528648087162084,5.967330798638833,13,13,0,0.5703492330710589,0.08484138928071336,75,83,0.35805732011795044,0.38959754845740896,0.0,0.0,0.31493877330070275,0.4728275036436813,0.00723440032836021,0.06903053748435314,1.3629759509144164
351,104,fit,1.2509090045672795,1.9472600647638265,15,14,-1,0.2546215065657306,0.2471960662274459,71,67,0.3218032717704773,0.26346394807498486,0.23353992,0.21043915073549435,0.6447102580690902,1.5223511568510846,0.007744272358376391,0.07389572861046174,1.8616303366191405
352,118,fit,1.3042446068090225,3.2361735743299644,18,18,0,0.6434710145511615,0.16891582277923156,80,74,0.3704792559146881,0.31309362405976515,0.062133744,0.05668101690798105,0.5870625632485097,0.5421509428985555,0.0078355907875969,0.07476708766790936,1.4970691750322902
353,88,fit,1.0183922386341095,2.5780281969170087,12,12,0,0.26159890539072633,0.09081150682528087,57,56,0.21398667991161346,0.19597158382195295,0.07968489,0.09369191762927746,0.2210761335385635,1.6374460516665945,0.007083813076710216,0.06759363622815091,2.289206162101838
354,93,fit,1.0051419276726608,3.261013280562579,16,16,0,0.4285588543165398,0.13163463763132657,58,52,0.20407092571258545,0.17281631919953652,0.0,0.0,0.302942251545611,0.6035938030573591,0.004514831710743447,0.043080455255185564,1.4097751036930912
355,96,fit,0.9610085816077114,3.815048987973707,12,12,0,0.12259445626499195,0.06036838936051138,64,61,0.2064708173274994,0.2068126703743652,0.21480134,0.3484024821352942,0.021517893912572153,0.3462690410692679,0.0016243704140615715,0.015499717691427209,0.5038990117526128
356,87,fit,1.0599187340676992,2.2712573083121432,10,10,0,0.3206336993698191,0.07973035380947827,59,57,0.2202834188938141,0.20007351527274764,0.10095397,0.1195305247750968,0.19122593705117996,1.453270624404382,0.007359156957277337,0.07022096333279901,2.4123753765522475
357,99,fit,1.1166826738454374,3.1122876517987654,13,13,0,0.36114201876742863,0.10025784885443585,68,63,0.26965534687042236,0.23878778552492042,0.12003305,0.17065021053691054,0.29320454444641364,0.8282428821649902,0.005875861939109386,0.0560673849151659,1.572837271323867
358,97,fit,1.2256005046677705,4.358903280532076,11,11,0,0.17114918853563985,0.05704634381831086,67,73,0.2775404751300812,0.3043113229689407,0.2894726,0.2507997799389468,0.2583982545645601,0.4201455712200997,0.0026892473329064976,0.02566075699338261,0.638931045340242
359,90,fit,1.1489268401375297,2.7373894258366644,13,13,0,0.23850236254410168,0.1754391823099516,59,64,0.22909848392009735,0.24002376385972066,0.0,0.0,0.12734512971125814,1.667565480412592,0.007973280145186959,0.0760809174159061,2.217546848423753
360,97,fit,1.1521378275708551,3.8937027107410884,10,10,0,0.23291606975355425,0.061167228569338816,69,63,0.28637367486953735,0.24646281135358047,0.31326875,0.3847972349003904,0.611037011336243,0.9668344344835753,0.009903381966923926,0.09449791953171685,2.7349399538132153
361,92,fit,1.0933784566199793,4.048198433513082,11,11,0,0.24997684749736385,0.12557582759043878,63,69,0.2537374496459961,0.2716011624314396,0.1300707,0.0048635599776099825,0.21068599338814564,1.694254573618924,0.008365541956670233,0.07982387363234955,2.223318071120506
362,129,fit,0.9950184278455076,1.12948104619803,35,35,0,5.978889980605382,0.7551274127478083,75,71,0.293748676776886,0.28989191214989185,0.0650718,0.08397555272757083,0.6172471747673622,1.9604405997311967,0.03711348618472252,0.3541363185565126,5.823571984815458
363,105,fallback,1.2446191310882568,7.389613808470469,3,3,0,0.3878071151206374,0.015951907364072822,83,84,0.38753604888916016,0.38949806337543713,0.0,0.0,0.13693020330758468,0.7744036853772449,0.004668740539536733,0.044549050949777985,1.0956174891632164
364,104,fit,1.1577002171992468,4.438288598662635,14,14,0,1.0272766548323595,0.27600013523259087,71,76,0.309291809797287,0.34402630705337867,0.060809977,0.0,0.5205693199543124,2.1164343628967774,0.0328211429545608,0.3131788449862672,6.441104065388101
365,115,fit,1.2395148020115778,1.3341562035637482,15,15,0,0.7137702941522762,0.06805011206885021,81,78,0.37167075276374817,0.3490510529185764,0.36098444,0.41334136901992236,0.23819956672322798,1.1584988838141512,0.019813468408,0.1890598130534351,3.7504985779352924
366,103,fit,1.313656285373486,3.5768453015860397,13,13,0,0.9567247177219179,0.10445409747251273,72,69,0.32975155115127563,0.2928986873589476,0.1560267,0.12366815298797229,0.4530589243932825,2.338944062899931,0.03201099204724142,0.3054483973973418,6.906139739814256
367,114,fit,1.335016549118774,2.7712320334999365,14,14,0,0.324173554195,0.1014405273102931,81,80,0.38956087827682495,0.36443696161695294,0.071191736,0.007389814550915148,0.27225367522515814,0.275442128720129,0.0010718398482433963,0.010227479467971338,0.2060771792216029
368,101,fit,1.2967506698807245,1.3986930347242166,14,14,0,0.5385380604196,0.2093386221147695,68,73,0.3006303608417511,0.3126581836709646,0.15890956,0.17836240369550185,0.2839680633687523,0.8419009913583608,0.013361446306460903,0.12749471666470327,2.757179256677997
369,101,fit,1.2047288973313783,4.270950065860174,14,14,0,0.39019965353133834,0.10500785950459127,69,70,0.2951063811779022,0.284300953635751,0.2944967,0.3737646276479245,0.13327466591372014,0.2752675569892985,0.002716934463568086,0.0259249471714512,0.6193164654694855
370,94,fit,1.0538224918224752,3.8283638935541133,15,15,0,0.4326119918066169,0.0861083298460378,61,65,0.23761755228042603,0.23630082527870627,0.2683707,0.3933656182309892,0.020508643348756177,1.1361731865740563,0.005639076672522274,0.053807983516433906,1.4315063439276563
371,107,fit,1.1769832978012058,6.00660114814659,14,14,0,0.4871443965874001,0.13759745415552246,75,93,0.34134578704833984,0.45151306769483107,0.0,0.0,1.0536919646341008,0.5137439206585491,0.003930643222375746,0.03750613761808917,0.6760620033359516
372,101,fit,1.113793829126339,6.241775801597862,15,15,0,0.5180942951989131,0.06810741729501164,68,86,0.29944294691085815,0.3889391360615471,0.0,0.0,0.8639999451741593,0.766684498265222,0.003290179560564041,0.03139484313515306,0.6260955036066534
373,99,fit,1.0970371635430394,4.774307466795685,11,11,0,0.5526296814530551,0.04371571121380492,69,68,0.27301451563835144,0.25449737596902416,0.31414476,0.3917327273946588,0.21879285453981515,2.065934883940746,0.02466719857049663,0.23537403216122738,6.337887944039049
374,111,fit,1.2457071952251169,4.392767993063396,14,14,0,0.19443175762872056,0.12674005590021048,79,79,0.36682918667793274,0.35951736021964775,0.0,0.0,0.24608364662505472,0.6039627968390128,0.0031529323926058027,0.030085232753872163,0.6233524372963567
375,126,fit,1.1941790116306017,6.792405753346618,15,15,0,0.4279041709237655,0.2398929290556332,90,92,0.40952107310295105,0.4455017043052804,0.0,0.0,0.5813873895358609,2.0326101705329767,0.01993635047706529,0.19023235188039397,3.4646554421345486
376,95,fit,1.1231765106258726,4.339686877746099,13,13,0,0.7096139324366176,0.09089363994059581,64,66,0.2639803886413574,0.26325275548853455,0.0,0.0,0.28996550177682856,2.264505079802382,0.01921714696456898,0.1833697229443605,4.782615249219923
377,98,fit,1.21942565110684,3.5703871879294042,12,12,0,0.49578155084526504,0.13096262550752957,68,72,0.2911812365055084,0.30211029640968473,0.0,0.0,0.24758297637344928,1.4775869743374028,0.010453071376645761,0.09974304748707787,2.386524601686285
378,113,fit,1.2040210051015923,2.4141212658043694,15,15,0,1.3393628018098138,0.1077641201103262,79,65,0.3258521258831024,0.2552688248389931,0.25420558,0.3088582722287113,0.7880218453092745,2.3022163968733214,0.034500492140100446,0.3292031692757676,7.78833973226099
379,94,fit,1.1257878704822772,3.458610574290151,14,14,0,1.0267156836696536,0.18017573628508882,61,57,0.23674245178699493,0.21154842577179217,0.06519702,0.040104744018852605,0.25994317799305033,1.9923032834982457,0.016676329941939638,0.1591252857055309,4.5740382755906195
380,110,fit,1.1493780532815672,4.698752641114268,13,13,0,0.20879786723933347,0.12379883375441113,78,82,0.35357266664505005,0.38313459649148285,0.0,0.0,0.28335448618514897,0.3016420596082682,0.001790831322288331,0.017088085136339033,0.3519432345264523
381,97,fit,1.0795156266730859,3.8584005976756504,16,16,0,0.4525958104147058,0.1939486623494986,62,56,0.22630929946899414,0.1904421154370007,0.03455651,0.0,0.36684878800725335,0.3361104446473047,0.0013936810566716278,0.013298483365187288,0.3950774635287418
382,100,fit,1.053760004623499,3.1938464037423864,20,20,0,2.5828548549010506,4.793467857590105,61,56,0.2339777946472168,0.19670827874242727,0.09267977,0.1581570527566821,0.45637299102510703,2.4183214294293025,0.019002955964932955,0.18132591569592513,4.8734110016611245
383,98,fit,1.0534990631179812,5.268051041582189,18,18,0,1.4382131182954236,0.23437693645991578,61,69,0.23647649586200714,0.2762950880029798,0.25131735,0.26839516472615665,0.37037869785438526,1.502731187692304,0.025824170912641494,0.2464138445862738,5.446138430075714
384,91,fit,0.8930694716572184,4.637626524484909,19,19,0,1.567606002665008,1.3352529535040683,53,52,0.17516876757144928,0.16883576893214192,0.11775547,0.0,0.07264167834412473,1.5945639289443816,0.006852083688185927,0.06538247794070541,2.023292127651405
385,94,fit,1.1539084488140445,3.3348481129282974,14,14,0,0.7239419910443836,0.09062804513902865,61,61,0.24071365594863892,0.22497019115287167,0.0,0.0,0.2284428753576949,2.1903493341428746,0.013200625236427312,0.12596016446972627,3.5689596206617358
386,103,fit,1.1486489862607485,4.727692594114088,19,19,0,0.829797637858147,0.2259596309080423,66,69,0.2685161828994751,0.27637066785837927,0.30425495,0.352447046431207,0.18836816938527973,0.3628218676498117,0.0027622054303801406,0.026356922045612026,0.5908161659826455
387,92,fit,1.0700900168275702,4.7866739437207,12,12,0,0.4291089054955914,0.1036253274092495,63,59,0.2519139051437378,0.21210506462719736,0.2449215,0.21088960545554,0.3766600357277233,0.8856410385290718,0.006667909979287727,0.06362509522221113,1.967937998527317
388,107,fit,1.1002966326437558,3.924406965536292,19,19,0,0.5924791827157782,2.7074050219658794,69,82,0.29235196113586426,0.37916889411517635,0.031602874,0.028667263928987847,0.8858009573337002,1.3597588503162048,0.007850569837858444,0.07491001753681721,1.4302326915766073
389,98,fit,1.091782785848433,2.7357706245181515,18,18,0,1.82497885043339,0.44920667414187043,62,54,0.25379449129104614,0.1915079763883653,0.0,0.0,0.6172578208094366,2.465868580487115,0.02315109695304346,0.22090741367407882,6.182222681664764
390,100,fit,1.1367409907345645,4.713722955831216,12,12,0,0.18385007787762486,0.04071178408166565,70,69,0.29476475715637207,0.2806464429034867,0.0,0.056678922419430997,0.2049746976390356,0.22146707699450355,0.0012271467139712618,0.011709415209649444,0.30495021534688216
391,102,fit,1.1475886519171086,6.154303044801621,8,8,0,0.30994878649074864,0.03339145544523142,75,69,0.32016265392303467,0.2826869533440729,0.2801719,0.20905399792834659,0.3588501477767514,1.088758941144273,0.011126247953843229,0.10616648810919112,2.891717702039301
392,108,fit,1.1484260651679288,6.744552637168005,15,15,0,1.4924215208632048,0.21949379050543302,75,81,0.3330768048763275,0.3861853448293338,0.0,0.0,0.566846707509201,1.8969114199986306,0.03920989279112489,0.37414019838859625,6.914558643324395
393,106,fit,1.1880017768972326,4.752720637218994,8,8,0,0.2591492756420206,0.06077377786145224,79,71,0.3534463346004486,0.2937248383983222,0.21905303,0.4306922276003768,0.5970221168399532,0.5661348111576259,0.002932821765842686,0.02798494051376609,0.7724532456948103
394,105,fit,1.1576966259609087,5.3515523791651045,8,8,0,0.262601376480418,0.04262591712084501,77,67,0.34107154607772827,0.27181879667124925,0.26143995,0.38183256671134286,0.6647639083122066,2.281824421675453,0.024907835207421285,0.23767018327692063,6.544219606533662
395,104,fit,1.1810567351050212,3.072318477515911,16,16,0,0.39593774062568293,0.36437960390617524,70,68,0.30932188034057617,0.2741018979110904,0.048321724,0.0,0.36756763149504545,0.643305543334195,0.004592412158557784,0.043820726703795644,1.0569790537168253
396,93,fit,1.1110890906546769,6.134132830079109,10,10,0,0.1444287303594942,0.02936575952941447,64,68,0.25288358330726624,0.27229594048104505,0.28104404,0.2817890953666735,0.19708852453791884,1.685011738747294,0.00793635554110813,0.07572858340752031,2.1358888274400063
397,108,fit,1.3214255594678772,3.691108973516929,10,10,0,0.15754616961626383,0.0785873992422521,79,84,0.38948944211006165,0.39143444309734604,0.13719964,0.2565083350682747,0.05892373030118575,0.3544862531036361,0.00315797970429935,0.030133394124993797,0.6377202530798161
398,97,fit,1.166219914798776,1.957803008917548,10,10,0,0.12279527080416022,0.034251145081084754,69,80,0.29719796776771545,0.358958182920818,0.018832548,0.0,0.6166087419064211,0.1244866099515858,0.0010273701025327402,0.009803149833327673,0.2236412121006864
399,100,fit,1.2277586904469653,2.984822479616358,15,15,0,0.25235115705622596,0.15479722289388292,66,65,0.2835344076156616,0.2544016319814458,0.23389398,0.2636047567243668,0.2830735303137064,0.15503346417442054,0.00041760189883673863,0.003984750943098651,0.09983045853182383
400,106,fit,1.2936020162919422,5.1281704699937585,11,11,0,0.15401261799780908,0.07158535466327445,77,83,0.36566516757011414,0.3794864403071617,0.27653816,0.28947131134566384,0.21627131569978997,1.495897523938726,0.009155037692080596,0.08735722988626522,1.8580335219500612
401,91,fit,0.941174816262799,3.117035864815726,18,18,0,0.5806507553372063,0.3580466391407318,54,50,0.18879136443138123,0.16357886708228866,0.15310334,0.2291861173753627,0.26864963251560764,0.3138006808761539,0.002286593881008169,0.021818643902749704,0.7031625150160131
402,100,fit,1.20575878664032,4.9076918150167925,9,9,0,0.2440786016722551,0.1791560329249104,73,74,0.3238517642021179,0.32021463897466423,0.0,0.0,0.06851896528851673,0.8353067238755914,0.011611028061595014,0.11079225249613563,2.697340459972411
403,104,fit,1.1625137402128853,4.308072031465274,14,14,0,1.1292211770831737,0.14972457699022845,72,62,0.30521729588508606,0.23960639609722012,0.3084726,0.3822962148930055,0.6374151371710927,1.9257144423664412,0.03503880041074983,0.33433969857585716,8.284005848287858
404,106,fit,1.2343111939955282,4.069407294961452,14,14,0,1.170937212894595,0.12059664027373462,72,71,0.3159884214401245,0.3062316006953757,0.15062554,0.09916365104240457,0.21926930540567818,2.012435183320126,0.035754898730216006,0.3411726978074046,7.395957788070197
405,93,fit,1.0987518265026999,2.762201612226675,16,16,0,0.2636809865891734,0.20541963528141835,59,61,0.23110701143741608,0.22110445149222815,0.0,0.0,0.09998320532117726,2.2760301476986466,0.015671324589386765,0.14953553997506455,4.343034721052419
406,102,fit,1.2830608714126996,2.8426735370280922,13,13,0,0.4716861342471474,0.1519054401178213,71,79,0.3191177248954773,0.3472327819100455,0.006968005,0.0,0.2865295302237098,2.322021033751694,0.02029824878665191,0.1936855800253045,4.318209712442222
407,102,fit,1.1257828769193206,2.7908604802930643,17,17,0,1.8377198174469453,0.08557323053041041,65,52,0.2628268301486969,0.18701038139599843,0.0,0.0,0.7421442475117369,2.2304429305471163,0.036501847120363806,0.3483000679424027,9.422518835329493
408,99,fit,1.123811750151103,3.577129666828179,15,15,0,0.3009480009638331,0.27556709186822004,64,61,0.2532323896884918,0.22303700183955114,0.03798089,0.047534549555143794,0.3258873670496382,0.4357091789845435,0.00340338475914847,0.03247504541172204,0.9021984256407365
409,106,fit,1.1396571816185335,4.620683163996948,18,18,0,0.5721401664957178,0.13980989878545494,70,70,0.2847926616668701,0.28805778810474025,0.018234113,0.0,0.0673660216816905,0.9938939749799625,0.007561046374078182,0.0721473890656315,1.6218527465289632
410,114,fit,1.1966258009215394,4.010135315141138,20,20,0,0.5055359983174997,0.16474314331055395,75,70,0.32574227452278137,0.28087790024245024,0.15846388,0.22903909387340163,0.4934118041253969,0.051263097888101586,0.0007059971063102768,0.006736613609830884,0.14708781429414527
411,106,fit,1.04014331139117,5.516370180834303,18,18,0,0.575280260241519,0.20413391402033862,70,72,0.28835198283195496,0.2999766407742103,0.0,0.0,0.21530893751922262,0.5991663036550371,0.004215422428935388,0.04022349645930714,0.8931013847714289
412,117,fit,1.1541076748153267,6.8030810544442675,11,11,0,0.4367393453042558,0.05493202211261875,86,80,0.3837498426437378,0.3642483756283368,0.049474537,0.008044296564510698,0.38014962577937905,0.4700577606661378,0.0023865381065231906,0.022772310176748002,0.5001504767251064
413,96,fit,1.0703909044216413,1.2969992891554203,16,16,0,0.22654645193245515,0.16957776699177132,62,80,0.25158628821372986,0.36715647598946827,0.0,0.0,1.1284098074037014,1.787278293361165,0.009187151806560991,0.08766366227634532,1.8504162119124246
414,104,fit,1.0651297175413936,1.1911517378470013,13,13,0,0.7511758273438875,0.5366996460058397,72,76,0.3049487769603729,0.34262851170937486,0.0,0.0,0.35908124472976927,1.5935160770378511,0.03264736007831314,0.31152061143428567,6.592024951990198
415,98,fit,1.2671292493620445,2.378001660363757,9,9,0,0.3132546332297367,0.31353230731856807,71,77,0.32422491908073425,0.34279976611841956,0.0,0.0,0.22838988168777627,0.499651887987152,0.0022033239339597803,0.02102408333931088,0.5024358599454724
416,102,fit,1.0951803899099672,5.70856746898124,16,16,0,1.785033358612448,0.49247439951523037,68,55,0.2862299680709839,0.1982886656093202,0.3022567,0.40444129990766364,0.8530262777810724,2.20239781062639,0.025327445491799976,0.24167409820419825,6.832812400811714
417,98,fit,1.0355683005994136,6.484631533616376,11,11,0,0.10275322180327741,0.1045658641506592,69,75,0.29756760597229004,0.32238558330721745,0.0,0.0,0.2969812198591109,0.2039959401797175,0.0007948363367511211,0.0075843161903732925,0.18772034296213716
418,117,fit,1.0425454623975852,6.115773126156547,18,18,0,0.9594180284063331,0.23382349060335952,80,68,0.3335665166378021,0.27235513043465026,0.0,0.0,0.591877380104376,0.6605773892025323,0.006652183849183532,0.06347503672885049,1.487060610840002
419,100,fit,1.090056329895311,4.899022098266336,12,12,0,0.5758696045126142,0.23414331033031255,70,77,0.3021358847618103,0.34589115427938166,0.0,0.0,0.48980019331094726,1.930170779532693,0.02191608599031576,0.2091229579228603,4.632735973569351
420,97,fit,1.0184321689740443,3.170887735212129,18,18,0,0.8548281018419038,0.5204675657262744,61,60,0.22191207110881805,0.2206146500653145,0.30570537,0.022877383053998238,0.14058090113972999,0.9635473339474203,0.010629004770788583,0.10142180124798265,2.7495093545063245
421,120,fit,1.2076669567481595,5.321579418456709,17,17,0,0.34595708945376547,0.21909669956752995,84,91,0.3852129578590393,0.45455326595006745,0.0960333,0.0,0.6778199569636009,0.3087393735132522,0.0037552261834459667,0.03583231091074396,0.5997865964148483
422,109,fit,1.1999740930447282,6.272303329301894,12,12,0,0.43091924620421346,0.07661031806021598,79,87,0.3552643656730652,0.4112143844302693,0.0,0.0,0.5468286650288336,1.5209924770618493,0.009595394576733812,0.09155910855662033,1.827360276860555
423,111,fit,1.2891015299130397,3.8449550612988888,18,18,0,0.2899954511558589,0.17240043868044555,75,81,0.34402474761009216,0.36293910614564445,0.2933959,0.18234509297190388,0.24923574838341636,1.6619672601129858,0.012706313363669248,0.12124344812661496,2.3846088225681203
424,93,fit,1.0641613852042708,2.502264989339283,19,19,0,0.5315283680708712,0.20777833924419004,55,60,0.2214217633008957,0.21685505858203064,0.21658443,0.11640670951069255,0.047665307873705716,1.827160120818461,0.010219200067363736,0.09751145102446312,2.7019717406939145
425,91,fit,1.040610605193493,2.799310903515438,17,17,0,0.8052027553652628,0.04181805059979967,56,60,0.2106562852859497,0.2221678967107325,0.12859412,0.02854136938501132,0.14395824864088716,1.1707171230919533,0.014618817918676714,0.13949253739195336,3.780697549632181
426,97,fit,1.073811261668496,1.2630655155344428,21,21,0,0.4534455805352637,0.3633829854552362,57,63,0.21465136110782623,0.23824052319605118,0.08446737,0.05094764942557921,0.33611349268256563,0.02689156071858305,0.0001406386358424176,0.0013419717160536029,0.03261276833601661
427,115,fit,1.3047178364053558,4.620932353624586,10,10,0,0.21287530980141744,0.17229080623338708,87,84,0.4078141152858734,0.394783556887948,0.23574601,0.21512400121485972,0.7150831769362447,1.4326541327296565,0.0075002633732130725,0.07156739859936137,1.4783258909485935
428,96,fit,1.2320515195716386,4.020144366205916,8,8,0,0.12609194485131103,0.08242950236499876,71,76,0.31935757398605347,0.3248895539932701,0.2659574,0.2626361080584061,0.07053500838191698,1.9091527375349004,0.011485537438233408,0.10959482288390657,2.860763985017554
429,106,fit,1.346927753782476,6.433663004228778,5,5,0,0.2613771292515725,0.0456388995868243,83,89,0.41477715969085693,0.4389751784494812,0.21069461,0.35495287882309806,0.23190378180932067,0.13591665774320896,0.0009723839919135348,0.00927847320528182,0.1936137694983504
430,102,fit,1.190692951874297,3.1179627361806195,16,16,0,1.0761468187503047,0.13506940943180823,66,67,0.27505433559417725,0.268846161258335,0.18920577,0.23303049156962027,0.08990565366606959,2.2269562798760116,0.019586053596944562,0.18688982439832597,4.4744205841139
431,104,fit,1.124988485574673,4.413396929196075,14,15,1,1.2493152084374481,0.16584455562565947,70,60,0.2886941432952881,0.23297390422887104,0.26878446,0.340475113604212,0.5732506659630948,2.1563782900699144,0.03873858859986441,0.3696430209910726,9.256430998890405
432,96,fit,1.0354601519513618,4.6538186140646305,14,14,0,1.0072447207674193,0.0682023909581608,64,54,0.2453627586364746,0.1903445994898907,0.3132762,0.32548318568311424,0.5349061560482071,2.006559405171032,0.021730654143214193,0.2073535700688377,6.2982352046621735
433,95,fit,1.0211399866452566,5.0600525428142475,14,14,0,0.40888832966168137,0.33047635695081273,62,69,0.23938636481761932,0.27154246268993354,0.0,0.0,0.3143379517821277,1.469306274746274,0.006299967953949415,0.060114198033868464,1.5948812055422417
434,100,fit,0.9661823479254177,2.6632862012374874,21,21,0,0.4923370370544186,0.3744474794870504,60,66,0.2117273360490799,0.25492104982113556,0.0,0.0,0.42863696557136266,0.06340129739573029,0.0003762614568105501,0.003590281076436546,0.08746759756403345
435,105,fit,1.1516126092579715,4.24302570147301,19,19,0,0.6309221271066829,0.23903834047142827,67,75,0.2764396369457245,0.3100315014791095,0.0,0.0,0.32963989531258986,2.3582360510851066,0.021877873579602854,0.20875833568323335,4.606755729341903
436,120,fit,1.208580796647939,3.1443433132082617,18,18,0,0.4553218285939965,0.2133975988473537,83,84,0.39250946044921875,0.3863263690844763,0.027952626,0.0,0.09973138281945554,1.7061551689699064,0.011816065975810534,0.11274872114323028,2.0904202263685403
437,97,fit,0.9951504048481793,4.608325946560416,15,15,0,1.266128811196732,0.33398292889637077,63,52,0.2206590175628662,0.17111428568173095,0.19016759,0.2964246722405423,0.735241204515865,2.078473811448402,0.025270576442182894,0.24113145460098181,7.5768593925426595
438,118,fit,1.1356618807749232,2.622078194579436,21,21,0,2.78159441376507,0.1932211102676783,79,69,0.35535740852355957,0.29167820870232103,0.2137476,0.09883030813548359,0.8207413730222096,2.290813734283013,0.04962570059440083,0.4735276774274888,9.16876086898589
439,102,fit,1.1997395824805128,4.873923131498177,13,13,0,0.3724746879542385,0.10434162235523138,71,81,0.3155277371406555,0.3747594390317829,0.0,0.0,0.5713077490946519,0.7643607456901782,0.007672527606735777,0.07321114128564672,1.4854000653447916
440,96,fit,1.106302105998825,4.734943667292945,11,11,0,0.24091834954211555,0.04541904918816978,66,65,0.2648017406463623,0.2535610329258276,0.0,0.0,0.12579247802087862,0.9879283314797289,0.003855567299962623,0.036789764312620446,1.0537439187342454
441,108,fit,1.221715711553486,5.70420766785953,11,11,0,0.32866027760374655,0.09955398949054808,77,74,0.3576728105545044,0.3180997601354731,0.33609712,0.4826510714194679,0.3847158909891633,0.8769728112962446,0.009986185566691685,0.09528803021652371,2.2694771880333873
442,100,fit,1.278233600362564,4.352786671166762,9,9,0,0.08697509200950143,0.0526790710308612,72,78,0.34077659249305725,0.34890687076889837,0.09194217,0.039047196081269775,0.07899293055526801,0.0860834703366903,0.0006680149885717497,0.00637418882224952,0.15131984857357328
443,99,fit,1.1295750509382152,4.175055521020738,17,17,0,0.649073511436656,0.3641801839638305,62,63,0.2520867884159088,0.24256753382920487,0.18974248,0.15460378058424565,0.10450984051527205,0.9512939386009159,0.007036028473522504,0.06713767627406969,1.7280305497534072
444,100,fit,1.0925040723010477,4.484622025386712,15,15,0,0.4931321608472981,0.11685082890711894,67,63,0.2720962464809418,0.23949181691970362,0.0,0.0,0.31163241907273637,0.8216445634976498,0.0035299124909147954,0.03368237109651522,0.9402737689238512
445,103,fit,1.171573038895502,3.3189798105897426,21,21,0,2.4587153794625984,0.11165803322198374,63,58,0.2556195557117462,0.21328793590114378,0.0,0.0,0.4589134999990325,2.4355139455540047,0.02925867528894238,0.2791858329097555,6.829080506770837
446,100,fit,1.0546435968535608,6.094529460700778,17,16,-1,0.784108486985342,0.618879081815873,64,70,0.26114723086357117,0.285564887626036,0.18194585,0.15074645921280944,0.21105125805983907,0.02256045759153878,0.00026410078407264884,0.002520045649548176,0.06084372474902656
447,102,fit,0.9315472029443203,5.935120464038766,16,16,0,1.0132233875273604,1.4875132649167082,66,70,0.2529432773590088,0.2790926881541881,0.0,0.07320408418804084,0.2738861884104739,1.207609838220056,0.004984776774527858,0.04756466387908261,1.207230701978654
448,102,fit,1.1171987530040315,5.3982193935443155,16,16,0,0.7114087333720392,1.2127297865046713,67,72,0.28281089663505554,0.29744060705994485,0.23817715,0.190041514296296,0.220179484854905,0.7077678902734964,0.0029826358359642748,0.028460265610346133,0.6694753352144611
449,114,fit,1.2161714990941048,3.2581844571176797,16,16,0,0.3860162761403246,0.1234548904870623,79,73,0.3375644087791443,0.2983518566209648,0.2784532,0.3156372255545125,0.4283667228003848,0.09550208786377923,0.0007600361200216544,0.00725225305364174,0.16356840902586184
450,375,fit,1.3407939109745708,6.74964707953674,13,13,0,1.074474854461432,0.1466026790657001,91,91,0.46596717834472656,0.47060143095746043,0.0,0.0,0.1147199373811549,2.1876264368070095,0.05117770842997037,0.4883369124997172,7.758287044748542
451,99,fit,1.1129573783167492,3.397408617489898,10,10,0,0.20880441053319412,0.14865392649647372,71,70,0.2978026866912842,0.2852623596512562,0.09528642,0.2424754194395216,0.44392145392205334,0.30267966012824765,0.002646562734719816,0.02525346120915855,0.6801266815247379
452,87,fit,1.1872792653984414,2.039995629856984,9,9,0,0.2203798362931051,0.06737218475998719,59,60,0.23069939017295837,0.22207021154050094,0.0862066,0.0,0.1369685924931918,1.2252690496480378,0.007704861811236705,0.0735196737713426,2.372199741150045
453,104,fit,1.1095534333105952,4.7745248620345,14,14,0,0.3337854426992885,0.2182833066568251,70,74,0.2696857452392578,0.2727568454822849,0.28918058,0.4123661880740035,0.22131228513059845,1.194809253265211,0.00957671359173144,0.09138085488293358,2.3385710854790056
454,229,fit,1.3640889060286345,5.364997759197587,13,13,0,0.7351439932841907,0.29834601311117126,80,87,0.3990793824195862,0.4242394983229082,0.13631599,0.296649049836292,0.23798927615241,0.13926877702525953,0.0027090241873321394,0.025849467436375374,0.47595040896730795
455,92,fit,1.0317643571597457,2.960056383803287,16,16,0,0.4484678421757339,0.10681839532854262,57,50,0.20548798143863678,0.16372105679095517,0.0,0.0,0.41165849432929624,0.8953250758582996,0.008169730378418972,0.07795544254216576,2.5907434368798854
456,80,fit,0.976372894761127,4.788406951928238,11,11,0,0.3476454993524512,0.049901072785310516,51,49,0.18091268837451935,0.15881183979334745,0.06668802,0.0,0.21312332085695548,1.8236601114245587,0.007512187033976354,0.07168117398832398,2.8528049037367196
457,94,fit,1.0785378798425023,5.886019750176317,10,10,0,0.32064777643656844,0.07270094174651073,66,65,0.26599058508872986,0.2494844428604107,0.099673264,0.1501844013460143,0.16621950707376612,0.9603603482793597,0.008364372218698532,0.07981271201048216,2.347054769787971
458,98,fit,1.192273551466311,5.700074906374019,9,9,0,0.09432772424692243,0.038460339527979205,72,81,0.32384055852890015,0.371542163288615,0.21699183,0.16312163209754607,0.4853878482320378,1.2579978437297514,0.00461396200822977,0.0440263550403604,0.9931211278420081
459,97,fit,1.1367168886948007,2.8380841459164903,19,19,0,0.8319474553696217,0.28932583337666823,60,59,0.2361467182636261,0.2173336347869312,0.21140274,0.080253812458055,0.2210095226814077,0.7616872848639569,0.009173023838230794,0.08752885341823277,2.271645635665374
460,99,fit,1.2376198389227957,4.624672722972965,13,13,0,0.676360455557753,0.16131632021754977,68,77,0.3066323697566986,0.3420599941869889,0.24093588,0.21078883568975992,0.3491498004561332,1.303535708624828,0.0129529857903283,0.12359719265580438,2.669497599748096
461,85,fit,0.9838150705847054,1.8644723227790188,16,16,0,0.5947920101860581,0.22987444191852824,51,47,0.17271028459072113,0.14504143993198912,0.21200962,0.11647933885403197,0.30424149784363425,1.2906397756572512,0.006128165173818234,0.05847485852879994,2.084908569671232
462,94,fit,1.0988708937952627,3.181530453145417,15,15,0,0.32190713687764594,0.31413300535088395,60,62,0.22785483300685883,0.23242507095162787,0.0,0.0,0.056494588051523596,0.7295406504220795,0.002785531536360005,0.02657949939274814,0.7516204701038255
463,95,fit,1.2753643986295249,2.0484770885716475,11,11,0,0.17471766715751738,0.07222833745984575,65,65,0.2721385955810547,0.2498068303858176,0.19720091,0.3125000949602207,0.2128370033063418,0.4635054171435333,0.0012220173951670787,0.01166047132793014,0.3221981395164032
464,94,fit,1.1801423585023405,2.043963217220869,15,15,0,0.2577427556993729,0.3029904574570709,62,63,0.25546932220458984,0.24055016849496033,0.071412414,0.15623553757455516,0.14787302921329115,0.89189381974617,0.003718139163717685,0.035478427134710736,0.9401150750354458
465,102,fit,1.3521362414837907,2.4947144485119863,6,6,0,0.05970746732228425,0.03226867998349877,78,82,0.3643028140068054,0.37654227348298247,0.03685858,0.0,0.17828546847653698,1.1401224544673905,0.005070851723120301,0.04838598972443035,1.126140998249474
466,115,fit,1.3267987916761732,4.8687287106801636,10,10,0,0.5681385106136374,0.09583762521210569,86,83,0.4354390501976013,0.38936688645270745,0.24290656,0.28907710370203493,0.7512713493421032,1.0791682810102075,0.020559567145481416,0.19617907581566235,3.944422223552193
467,99,fit,1.2112949698758608,3.00557472516769,13,13,0,0.6700455020870908,0.1639444549058328,67,70,0.2980082333087921,0.2929682818359712,0.0020612718,0.0,0.21549550864903763,2.0195156135770858,0.022108533908233127,0.21095929301749167,4.969471648735396
468,99,fit,1.1361622300956074,3.8379708857222252,15,15,0,1.400281429221949,0.1595333358664382,66,61,0.25660738348960876,0.23422563894719411,0.26124516,0.3780071695996548,0.23201599805637524,2.185218248023387,0.0349099663183951,0.333110365633541,8.424207014530008
469,134,fit,1.1134711952342466,3.8580216712676854,21,21,0,0.7013655324768574,0.29564592632817877,95,74,0.30654215812683105,0.284944152221847,0.17490575,0.2540413754146344,0.5732876815509921,1.8751417885077595,0.012955832416931766,0.1236243551233947,2.7460745609469503
470,101,fit,1.145263150561732,3.048449985264329,19,19,0,1.2123209656675067,0.2597342451824752,63,61,0.24041345715522766,0.2278288765306327,0.06456026,0.0,0.39454666262096855,1.6853183584358267,0.01678483963782172,0.1601606835670011,4.004529194341122
471,116,fit,1.1820181721349148,4.278680542574304,17,17,0,0.6935246284790179,0.16134325242906336,80,70,0.3204008936882019,0.2793045208559927,0.26373357,0.3055606110357302,0.5818442429145914,1.4463249187903413,0.011219704761776856,0.10705825154367228,2.4437839174948928
472,84,fit,1.0240271229513815,4.404691762193766,11,11,0,0.431099493302596,0.04513968701585366,53,51,0.1831897497177124,0.17452656085160492,0.26676387,0.2469066281226725,0.14694449297470524,1.4275648909251322,0.014887582038899862,0.14205708052385363,4.985370062551119
473,96,fit,1.1177448166373343,3.293414768258325,18,18,0,0.43727704458189665,0.8545235049882137,58,64,0.21733826398849487,0.2388384757318204,0.058542863,0.0,0.2515899812850459,1.9344194520102873,0.011236328220575189,0.10721687233373271,2.776639738539699
474,103,fit,1.1616041058969508,5.05753025646041,13,13,0,0.30116392884753634,0.07807354240780601,72,77,0.3129861056804657,0.31752851232783047,0.2923196,0.39092698713188767,0.10771796452545435,1.7881852677330232,0.011616664022490836,0.11084603074895835,2.6236293063684504
475,100,fit,1.0786140386187064,4.491917909296024,17,17,0,0.36483368320890847,0.05850614165318628,65,60,0.24216309189796448,0.21920220482697025,0.05595859,0.0,0.23835184883271596,0.20107787325315565,0.0012564984194924653,0.011989488735615126,0.3322541738946015
476,85,fit,1.1021465277197366,2.8636725986969647,14,14,0,1.071303782534911,1.1770478629076842,52,57,0.19647011160850525,0.20425019815563122,0.0,0.0,0.12615041889332984,0.7997181613265408,0.007252570255756353,0.06920391465416367,2.0846517077890088
477,97,fit,1.150552481864944,2.2990349271312716,18,18,0,0.6713024260214814,0.14437575743354208,61,60,0.24498526751995087,0.22295125710765362,0.0,0.0,0.2220347431301442,0.7281856974685882,0.0077864921517798325,0.07429858923454039,1.92557916942579
478,100,fit,1.2103825738135703,4.702800682261482,16,16,0,0.8123391914550688,0.35599069304512626,66,77,0.2917494475841522,0.334193234426995,0.0,0.0,0.4257293077348137,0.49846148572198923,0.003963220301289024,0.03781698760771969,0.8047557530582753
479,93,fit,1.1095524573016142,2.535792315068708,15,15,0,0.3855002561556933,0.19306342551829156,60,60,0.23903922736644745,0.21978585719628316,0.0,0.0,0.18475583900817885,1.8907488925041218,0.008869342804787513,0.08463113363346864,2.4854686742253604
480,95,fit,1.0709718131974253,3.0414686639882427,16,16,0,0.2685409673461896,0.16507859441378148,61,63,0.24125505983829498,0.23823300337664222,0.0,0.0,0.15498997979833817,0.2112066691786169,0.0005425292047215792,0.005176805388564687,0.1402371002813512
481,109,fit,1.209932794058459,4.364762258576682,15,15,0,0.517345861699586,0.21533202201960122,75,70,0.30282437801361084,0.2784055564103869,0.19250259,0.3774538438410844,0.3415062156323308,2.095598630840689,0.013293859503018356,0.12684980441811408,3.0988224749877893
482,106,fit,1.2202920730659528,4.405913548850533,12,12,0,0.2841191493796732,0.07105638807169037,76,81,0.3505602777004242,0.3692199061562612,0.0,0.0,0.178008940799021,0.39573078019166097,0.004454765939110882,0.04250730857930231,0.8958924851014558
483,97,fit,1.0509106866237348,4.259353837348516,17,17,0,0.3941656391786274,0.18333485367862837,62,57,0.25292250514030457,0.2010325098043845,0.25450644,0.13140772579827256,0.4987183584157813,1.1741494879806664,0.004054651320491068,0.03868942099705217,1.1413715060731973
484,104,fit,1.1845815088779414,6.193913171652925,15,15,0,1.4568248946929367,0.15729688429031857,70,78,0.31544601917266846,0.3523320708028022,0.0,0.0,0.43484560934357475,2.446526264318713,0.029165994254696393,0.27830147189595794,5.627402935018131
485,92,fit,0.9816076278276852,3.2915494004225576,18,18,0,0.7991931083864613,0.4479169702966804,53,48,0.19398322701454163,0.15355700905064634,0.07330662,0.0,0.3861134312126625,0.5956029394283555,0.001458307825754135,0.013915151009104341,0.4639615564711001
486,116,fit,1.2325705544722,6.178007058889694,14,14,0,0.4445476858306255,0.07945917274844436,85,88,0.4022326171398163,0.41506157285455775,0.0,0.0,0.22263966963138676,2.41212600957253,0.02265699717430628,0.2161927211288767,4.193527601532635
487,100,fallback,1.3123972415924072,5.142692285499569,3,2,-1,0.22350179530103628,0.02835977299657595,79,84,0.3847613036632538,0.39055123793501995,0.1432468,0.4014323964973871,0.10988579810526561,0.1906848145432482,0.0008255978792404394,0.007877842359164498,0.1942605105938963
488,100,fit,1.1316770003051573,4.526810450592883,17,17,0,0.3122747902074771,0.37867126803137036,65,62,0.2631889283657074,0.23280418856563548,0.25907627,0.39015691146411663,0.4107677037229328,0.1591834806759623,0.000628881840210302,0.006000780918037233,0.1568018833619394
489,94,fit,1.167015790193966,3.355939863821879,11,11,0,0.11770103485254253,0.1094871645114695,65,64,0.2773894667625427,0.24760499666691463,0.16448167,0.07471780176932843,0.3106147302486234,0.516782996848929,0.0012042475077638129,0.011490911333624168,0.3323807885801295
490,106,fit,1.2531577001052696,5.583717163358848,12,12,0,0.4205335987403014,0.09636725798163598,76,85,0.3560332655906677,0.3977138718894697,0.0,0.0,0.45789217475812144,1.3240643354204187,0.008514935629053125,0.08124938577340768,1.6545081622914986
491,104,fit,1.1335525768996222,4.4404840175240805,16,16,0,0.2419474204645616,0.21662378178304892,70,65,0.2909969091415405,0.24682040039891812,0.2640507,0.2763641617068577,0.5105027997211959,0.0466630998754421,0.0002205706240414595,0.002104681527113163,0.05393936097609604
492,96,fit,1.1588378645953,3.7294452795355353,16,16,0,0.21274425775314157,0.1629393763859385,62,63,0.25377824902534485,0.24278690224406263,0.15963301,0.054032263917467065,0.1586056408765565,0.5863560148374872,0.0020422739659577264,0.019487347003413417,0.5117073926518946
493,100,fit,1.1289417915481945,4.66734118624583,14,14,0,0.35979324095980614,0.14240500280858465,67,73,0.26622986793518066,0.2768566563737732,0.31482765,0.4020008955326079,0.38930404398790314,2.319725059928807,0.01801766407189892,0.1719242754952187,4.388919070684136
494,100,fit,1.0514410418529008,5.257881276803424,16,17,1,0.23445565710815996,0.41684344328419026,65,60,0.25734275579452515,0.20953244282099043,0.3025854,0.36752388778070305,0.42370259469597116,0.9381917321624765,0.003597895299624252,0.03433106201931538,0.9668693077321336
495,104,fit,1.112340228199835,5.096932353772974,17,17,0,0.5024202810245665,0.24877879040753123,68,72,0.2794676125049591,0.29447545662246133,0.013153924,0.0,0.1438487951103211,1.835835869364998,0.010778139776277491,0.10284484519348751,2.3867103379941206
496,97,fit,1.1471990874698146,2.196735660475496,14,14,0,1.0922619958913762,0.13565666177486868,62,55,0.26161161065101624,0.20033377224943869,0.12136535,0.0,0.6020383699989008,2.156473022327597,0.03155800976543724,0.3011260473801263,8.619679293717446
497,96,fit,1.1061479716094182,4.4179267391978385,12,12,0,0.43122568204121026,0.12199432594790985,63,60,0.2473594844341278,0.22508022007285025,0.22051038,0.322710656733764,0.21826133623481478,1.1215459659959568,0.010646648074805169,0.1015901533855455,2.988757807321131
498,99,fit,1.1447181809301692,8.094959477156552,12,12,0,0.7241134728130811,0.10743065994805878,69,73,0.3022070825099945,0.3121773116801261,0.0,0.0,0.26310925075997627,0.2619145431673878,0.0009246937120314802,0.008823413282743131,0.2111100209698704
499,116,fit,1.297155658446774,4.919748679960581,14,14,0,1.0842439090701288,0.1766820553337864,83,79,0.40650126338005066,0.37214238993228443,0.0,0.0,0.3418601451188278,1.5911096286640998,0.03856529873091528,0.36798949170720685,6.833855859828248
500,112,fit,1.3026935253379544,3.695108550579911,18,18,0,0.6189769784933898,0.3574940783181974,75,74,0.35773929953575134,0.3148040503207533,0.22572367,0.34216813077924463,0.410708769381663,1.806062643539643,0.012298997384108777,0.11735684526821351,2.428346929635123
501,117,fit,1.2407515179697384,3.472111986428642,17,17,0,0.448491466210723,0.33741106321547654,80,76,0.3501400053501129,0.33639296359508186,0.0,0.0,0.17822421191036342,0.8258424128964187,0.006127601241432585,0.05846947749458573,1.1935799103632545
502,116,fit,1.1737851712650869,6.98297865607347,19,19,0,1.7013457893553667,0.2550364185969842,78,79,0.33219587802886963,0.35241713034813893,0.2851385,0.06702894929682823,0.20281166534405756,0.37608479388180305,0.002037068250112433,0.019437674142294206,0.3738781432564873
503,108,fit,1.2621922236685676,5.8862354789614635,13,13,0,0.2095144320095527,0.16363542305711667,76,79,0.351633220911026,0.3581526966620664,0.26448184,0.2932326893135324,0.16281502900428088,0.09889271250316474,0.0013185421863968873,0.012581509412184038,0.2658810020394889
504,102,fit,1.0872576197383896,3.3477358866649403,15,15,0,0.3235299614905005,0.15899488011680923,67,69,0.2649043798446655,0.2685032959637436,0.058323283,0.0,0.06316969354142908,2.2326442297558917,0.016207298294047108,0.15464979288212888,4.1543404153952475
505,97,fit,1.1021201518268549,2.567735290250371,17,17,0,0.33125615881446285,0.23622175246635355,62,63,0.25025036931037903,0.23369519746508677,0.18525253,0.285846333952849,0.22875319902817898,2.0116629283891845,0.01297807584318071,0.12383660155706784,3.327370586036765
506,106,fit,1.2255365702638028,2.8185259145536627,13,13,0,0.883620854716482,0.10037736208667107,73,68,0.31331223249435425,0.27978715569272605,0.0,0.10478739705556284,0.41000426233316095,2.3467232738439354,0.02365308852742634,0.22569740961284676,5.510527020087475
507,202,fit,1.2300997818127795,1.5496595142247014,15,15,0,1.7937293815953266,0.15569982552132486,74,77,0.34236571192741394,0.36139425188882546,0.0,0.0,0.2697141063937851,2.4660820017834806,0.06783457403821189,0.6472764698302661,11.735039331842664
508,110,fit,1.221342312822378,2.042088351222403,13,13,0,0.3748710285446662,0.15790672319523638,77,85,0.3515234887599945,0.4004125246502815,0.35115793,0.2507910677561255,0.507570164923625,1.698814905566198,0.01417044644109259,0.13521418359821172,2.6425347217131856
509,109,fit,1.0423406336875312,6.391953625013694,18,18,0,0.5177252725232874,0.8263018208808866,71,76,0.2819330394268036,0.3294741969366829,0.0,0.0,0.5462110561226587,0.6975678780740528,0.004065244646343121,0.0387905023506023,0.8309381696173435
510,109,fit,1.185585574722005,5.355451862096132,18,18,0,0.6538090079971876,0.21870015363572742,73,76,0.33974751830101013,0.33425939970207885,0.1888805,0.1768196962059179,0.4348563035197265,1.3309807634557749,0.0075944589476578655,0.07246621133261322,1.5037096093398654
511,99,fit,1.2421066157888332,6.384405360974985,7,7,0,0.078359707216539,0.07220898491583537,73,69,0.3297909200191498,0.28303117397764865,0.35750413,0.46411684254712066,0.4498939623606297,0.022315139510265657,0.00015450671295616806,0.0014743006961466419,0.04235845094683957
512,101,fit,1.140532354538918,5.689205724457621,13,13,0,0.4219551520133011,0.7787393495397036,69,73,0.2996964156627655,0.28445777976175185,0.39216885,0.4114191000600203,0.1534350968551885,1.415599266745148,0.007492591234874871,0.07149419117247015,1.838307346967751
513,95,fit,1.131780375813616,4.6861253352054515,18,18,0,0.5651432623257922,0.47851658470161407,59,59,0.2352011501789093,0.21454769733367113,0.17940257,0.14351096977150862,0.20360573459197456,0.7082014843809838,0.0025540247975573255,0.024370465625546997,0.66576597660794
514,88,fit,1.024038546533292,2.5759011168612593,9,9,0,0.2842017928434027,0.057513560242395054,60,51,0.22180522978305817,0.1734809940069401,0.08382386,0.0,0.46705404348775575,1.8540203727764673,0.015501552776620183,0.1479155799295819,5.706497184105289
515,87,fit,0.9524782676774864,3.506714430835876,17,17,0,1.3055764635486542,0.3589687866274845,51,53,0.17654888331890106,0.17972965464043458,0.16337222,0.26835835894870214,0.09592317818446379,1.9206585237279703,0.01706570824073804,0.1628407274879584,4.992465197138597
516,94,fit,1.0241939767441501,2.108661467601016,18,18,0,0.30597845500820314,0.12662553127321644,58,53,0.21226947009563446,0.17892876561105925,0.1629058,0.006599424966141658,0.3204705245910598,0.07703670137854193,0.0007511655870235094,0.007167610563201425,0.218677896942433
517,101,fit,1.2328652987608733,4.610552098133415,10,10,0,0.16636599921236844,0.15160083441468983,73,79,0.33642473816871643,0.3512124546366394,0.14449419,0.2630969822897403,0.2934166017984328,0.2304970253315566,0.001237696426504278,0.011810080405575171,0.26964684844050923
518,107,fit,1.2456975679122275,7.132795650750908,7,7,0,0.13657652471093357,0.14748070238863079,81,91,0.39231330156326294,0.4395416824064264,0.0,0.0,0.5407691099597848,2.1489825329869627,0.017469717623739982,0.16669577885248074,3.5082950352483193
519,109,fit,1.190297004467771,4.77572505970366,10,10,0,0.3192040131029952,0.10617241199760398,80,73,0.36360788345336914,0.3141131660375621,0.24192162,0.3016905507873349,0.6030267016774574,1.2693976337787796,0.015332355591816938,0.14630110297535245,3.56256451609781
520,105,fit,1.3095746098661392,3.4656422390025274,9,9,0,0.47440746339306766,0.1200934658308358,78,71,0.3684915602207184,0.3100079153839561,0.29188725,0.2736650821887577,0.5682610537398358,2.419391869535058,0.03883047787795221,0.37051982707969666,8.654695431376165
521,102,fit,1.1473213760860599,3.8815807820726125,13,13,0,0.3095896075435895,0.078404500402898,69,67,0.29615479707717896,0.27054077497532664,0.1646153,0.1235054288107954,0.2575373150004107,1.1697193707707345,0.00539936425559709,0.051520651293865356,1.3515566206557108
522,108,fallback,1.2654222249984741,6.080557824616457,3,3,0,0.464734335222633,0.06496329104443524,86,81,0.4131554067134857,0.3765497373151849,0.0,0.0,0.3476009088444259,0.5774067023632212,0.006559043304585637,0.06258629107429042,1.5432476203793255
523,106,fit,1.1716414515837883,2.0082376939575584,19,19,0,1.338287707128469,0.3213532238953732,69,69,0.2971439063549042,0.27453936909983173,0.22077668,0.264953153858688,0.2768158568070176,2.4269884253796876,0.018463387739122043,0.17617736392292024,4.0127137409152445
524,100,fit,1.1331096020230862,6.832841588293884,11,11,0,0.21442182041063348,0.11422601743038659,71,79,0.3131917119026184,0.3530909937932665,0.24975353,0.18496448312386568,0.39331199083900026,0.6282662141871305,0.007892329763557337,0.07530849011027993,1.678011957848256
525,106,fit,1.235559259949717,5.546408306406672,16,16,0,0.5983552603752353,0.598614472748023,72,77,0.32752493023872375,0.34087669020077277,0.16602232,0.045867212841808766,0.2299873913097746,0.4366186313948445,0.0027779980990286406,0.02650761544874657,0.560858863873573
526,99,fit,1.0687382946612527,8.338827727166358,11,11,0,0.10999633109907528,0.04551073765392354,70,75,0.28910139203071594,0.31204582572142486,0.0,0.0,0.23575738881725442,2.202463621337988,0.016331886427522823,0.15583861094964524,4.032597188938329
527,96,fit,1.1428926759930396,1.9587402606167288,16,16,0,0.2595840747123852,0.08960096637339383,62,63,0.24853433668613434,0.23746408223343526,0.06593575,0.0,0.11968548984470911,0.6392458524048125,0.0028933425038516797,0.02760822999858473,0.7450912884081784
528,93,fit,1.0363937739836813,3.9952352675635234,17,17,0,0.976408735387236,0.0799387256128251,56,56,0.212155282497406,0.1968016896841772,0.19491312,0.16337628283995562,0.18258617378880965,1.8999359727223997,0.012915007180363655,0.12323480133934785,3.634665778457708
529,101,fit,1.100443586166188,4.903993464363161,18,19,1,0.8033440122685782,0.22301831565366903,65,82,0.26355648040771484,0.349763393130206,0.21697521,0.19272650094605626,0.8968160047977727,0.2523965355497775,0.0009764669442175478,0.009317432673831562,0.1878436096042886
530,121,fit,1.1233411170883063,5.433482696771857,15,15,0,0.42522478372478106,0.2586446118719481,87,81,0.39718955755233765,0.35982054628633436,0.078774385,0.05140889667469291,0.4262013179274306,0.08617698300445782,0.0009799632526217182,0.009350794395245401,0.1952313250554007
531,102,fit,1.1833074062679447,3.840813178069372,14,14,0,1.086019216081265,0.1333438735154949,70,71,0.3043098747730255,0.3033411113933267,0.24549676,0.27814105541786116,0.5235064003983768,1.995676559784907,0.0306533873305659,0.2924941539176136,6.539489919564326
532,123,fit,1.171590609941971,5.100642301775193,16,15,-1,0.456178418837235,0.17945061270286655,88,84,0.40472280979156494,0.38111098375454094,0.06722605,0.10730443222612299,0.3188780559525738,0.26125790214213135,0.0028802735615667194,0.027483526350827472,0.5427101654934512
533,94,fit,1.0404428883559222,4.752040061613937,13,13,0,0.2730931394750746,0.12577713892223114,62,68,0.2381909191608429,0.2615422379188149,0.16288967,0.2576187005715417,0.22140460184983315,0.7006298153518593,0.0026025992699285788,0.024833962499318497,0.6699211278645688
534,383,fit,1.3781827390186456,6.271301866016669,12,12,0,1.072411936683815,0.14685710981102623,86,80,0.4336966574192047,0.3893439929663137,0.0,0.0,0.44497025746992297,2.3888774016646175,0.05793599065931793,0.5528243383522703,10.02304492717663
535,107,fit,1.1449209178303257,3.018699977477005,12,12,0,0.19559863999984325,0.10362763101667942,76,69,0.3032070994377136,0.280134852888056,0.20760994,0.3463672383155391,0.34904572742280626,0.6121558283525624,0.0036295634481957606,0.03463323900950153,0.9140761485215395
536,96,fit,1.1562950861334247,4.394980468908004,11,11,0,0.6283658104337217,0.052426248990082906,66,61,0.2727242708206177,0.23820111832754298,0.29861274,0.35781993027807724,0.34773595813010066,1.8959627781770287,0.023478244868746,0.22402905409108778,6.272130930702118
537,232,fit,1.3175213480832848,5.4074323054605,9,9,0,0.21123450373289368,0.03873810546427851,88,86,0.419182687997818,0.4183687693213953,0.0,0.0,0.43435678807056816,0.946651000538897,0.015436349783346097,0.1472934139632261,2.853555289392518
538,102,fit,1.2465957372152716,5.317028167073658,10,10,0,0.3999903130197969,0.07151845035958936,73,75,0.3445344865322113,0.32838009187513556,0.06350216,0.08787698660688041,0.16388595963859953,2.417969666797309,0.02203587407346957,0.21026597398348826,4.944150368460863
539,105,fit,1.2650509928017757,2.2435317232495424,15,15,0,0.48728385930633095,0.12252129501036275,71,64,0.3097085654735565,0.24915076607016476,0.13050312,0.035039901640876475,0.5925462398283141,0.8018222853686867,0.008935437976501988,0.08526181275288156,2.119888156695221
540,108,fit,1.200336092064826,3.6561517739604183,14,14,0,0.7303919223700895,0.10576143543630163,75,68,0.32902243733406067,0.27747842680324136,0.2427439,0.314163855555715,0.49809962722066037,1.408764134337593,0.019060028903392968,0.181870504803368,4.267474677175167
541,95,fit,1.0115748343853759,3.250852214863023,23,23,0,1.462820955277733,0.2473830254742993,53,53,0.1870480477809906,0.1773598732037812,0.0,0.0,0.13998344104570887,1.0675442489942133,0.010574141015240773,0.10089829213016004,2.7143166572145514
542,95,fit,1.081862817244131,3.6195738067140373,19,19,0,0.7025028183941546,0.2749492274726764,57,58,0.21924322843551636,0.21348765043883994,0.0,0.0,0.14193682934670335,0.9418298553837691,0.008603133038040936,0.08209096410344403,2.1840035663629314
543,105,fit,1.0886286909201732,4.757679786453732,20,20,0,0.7858273335149487,0.6701423559797528,68,65,0.28311440348625183,0.24974906931133012,0.22161444,0.28947804473303285,0.40074440207271594,1.5269095512487625,0.007833572880350479,0.07474783282777174,1.8096051685721093
544,102,fit,1.0890084962374271,6.460135493323694,17,17,0,0.7795100716729179,0.28270242273429363,66,85,0.28803128004074097,0.40316423175050436,0.0,0.0,1.1029574663759567,1.8919882820395293,0.012243747768964914,0.11682965428401634,2.2651825515494415
545,102,fit,1.0293722259078972,4.832038748873495,16,16,0,0.522256562238828,0.10187905487954874,68,73,0.2792367935180664,0.29840817863404584,0.2370906,0.25488485860797844,0.3644670978287209,1.1350377847459852,0.004345891130985681,0.04146842682238245,0.9808532470034282
546,105,fallback,1.2446202039718628,7.389615959839367,3,3,0,0.38680859343165386,0.015948608502560694,83,85,0.38753601908683777,0.39427953618282263,0.0,0.0,0.07991969853916282,2.190362808503849,0.014334776291532986,0.1367822165222613,3.3641152694277654
547,104,fit,1.1577000984313417,4.438289269852934,14,14,0,0.26160902448672974,0.27599733492027373,71,82,0.309291809797287,0.37388592783556357,0.060809977,0.0,0.6810012797493269,0.46645623476502995,0.0016316699721953736,0.015569369963696312,0.32016942262599396
548,91,fit,1.096912845752458,3.6942103077466566,15,15,0,0.3076808892027441,0.0648016048209475,57,63,0.22358351945877075,0.2333039913703851,0.017151024,0.0,0.09532777131384268,2.2956898056904866,0.015523408437467464,0.14812412631171243,4.30135664247064
549,102,fit,1.137203766508594,5.017749842592159,15,15,0,0.496861044527962,0.32256699622825247,68,72,0.28662389516830444,0.3063659570836183,0.2568955,0.23891449873525666,0.20240229158909587,1.1599442772075435,0.008045282102049302,0.07676795898902006,1.756973296006428
550,97,fit,1.0398767239935665,1.2188339491330513,19,19,0,0.33779906684023847,0.2375597917046526,60,63,0.23643901944160461,0.23662855547852138,0.29349235,0.3337233503732134,0.22576690598273347,0.14676879769497594,0.0015492086113165766,0.014782524917142907,0.3768116126614424
551,115,fit,1.1842809969884485,4.084552060902117,17,17,0,0.783434421419846,0.12172602561215567,78,70,0.33414602279663086,0.2837956245946843,0.2907605,0.29345344521426653,0.7428483845258579,0.551581429962729,0.0027614431039980135,0.02634964793891234,0.5958765535060464
552,117,fit,1.111495393196504,7.58579028028154,11,11,0,0.7192333139389174,0.17868086503225886,87,73,0.3743981122970581,0.3204103333125339,0.0,0.0,0.5361309215633848,2.113171845780218,0.032156377525843306,0.30683566341453533,6.932876403694222
553,105,fit,1.3787550157667694,3.3886811210214134,5,5,0,0.06590426012166499,0.059919833332448165,80,77,0.3665384352207184,0.3381031435750206,0.075018436,0.09902134952019617,0.4764432039055316,0.6363578024444287,0.0076084785154308604,0.07259998583426393,1.8528766853717373
554,103,fit,1.1635249498886209,4.4384254255012126,13,13,0,0.30255891720771905,0.0396465837748447,72,74,0.301760733127594,0.30200506248709896,0.2619271,0.22868482249939234,0.08354419426265003,2.3536608299709125,0.01701670534428971,0.16237314259818425,4.027441725182773
555,117,fit,1.1593482591070914,4.83174483015338,15,15,0,0.48157736773157855,0.16590008082136082,83,74,0.32148122787475586,0.3168843073940215,0.2542824,0.29597568787840545,0.36349291399341244,0.6942062262158758,0.010431081934181154,0.09953322456279727,2.1873678229666607
556,102,fit,1.0526437226785152,5.289668367784672,16,16,0,0.9454065333893756,0.15890166882739332,68,76,0.2738252878189087,0.3350683581623012,0.11962916,0.029230409472448815,0.6596024962961573,1.2373932198759585,0.017971119042336517,0.17148014353374538,3.613553177256383
557,100,fit,1.0606066790658528,4.3242417590158055,15,15,0,0.3355326313506415,0.37523974972191293,67,61,0.2637248635292053,0.22593541915425952,0.2976652,0.36224656914013964,0.35572064029165723,0.9191060607289838,0.002609034508998138,0.024895367452272308,0.7059906850148208
558,96,fit,1.1588378455048833,3.7294478780297307,16,16,0,0.40760299217443885,0.1629280556660496,62,64,0.25377827882766724,0.24588063738617463,0.15963301,0.058926527295726415,0.09698762039113772,1.870983094188196,0.009281676177300639,0.08856561237882288,2.3255977711575198
559,100,fit,1.1289418710349381,4.667338880744321,14,14,0,0.21269511728305282,0.14239935555090727,67,73,0.26622989773750305,0.27690863709104885,0.31482765,0.4026193983686924,0.436814341128901,2.0432541669949664,0.014600532381996476,0.13931805708011905,3.5562128381654747
560,100,fit,1.0514408041118293,5.25788189865812,16,17,1,1.0380299586776003,0.416837182237112,65,56,0.25734275579452515,0.19061315448940933,0.3025854,0.36705764183339085,0.6071962274132823,1.490010967208094,0.017237932244572072,0.16448408630316863,4.632383256072349
561,104,fit,1.1123401945021394,5.096934057237815,17,17,0,0.3583360079258158,0.24877144669712506,68,72,0.2794676125049591,0.2967626300327735,0.013153924,0.0,0.19919115442441332,1.6175731684771077,0.009780744104842816,0.09332771092407267,2.1658469249949857
562,107,fit,1.150213294596094,4.19834395267483,18,18,0,1.0749088763437504,0.2480787004283649,70,89,0.3025803864002228,0.40330372367290357,0.00587207,0.0,1.1228569780280329,2.479417796198946,0.025245610180363073,0.24089322691186138,4.558245359317592
563,367,fit,1.0568148583866612,6.117546753036621,11,11,0,0.8334263822224148,0.610118524365776,80,75,0.36036744713783264,0.3261440243484795,0.0,0.0202346393007003,0.3370874245147158,1.1365880819823608,0.017940316968404216,0.17118623061454405,3.9898387762024186
564,97,fit,0.9925075171146617,3.0345510118141736,21,21,0,0.38324793292234033,0.5254951285545327,58,51,0.20191583037376404,0.16209566837037545,0.1902845,0.25877877188392284,0.3832300575676166,1.3298532921112092,0.005218811717496784,0.04979782173183954,1.479299938137977
565,102,fit,1.2786560944221432,3.179775522528606,13,13,0,0.20963819390526792,0.09166510646273703,71,76,0.3307145833969116,0.3284357704211068,0.097089015,0.18228272790382435,0.1570980279417543,0.962928520139546,0.003943843975312277,0.03763209900107135,0.8434827183404939
566,117,fit,1.1411621544645993,5.187803977403198,15,15,0,1.2007492376052988,0.12423845890690825,84,68,0.3681144714355469,0.2844582819387834,0.0,0.0,0.8079346534702958,1.8601066489690843,0.03668960084124136,0.35009161108054726,7.89747724896585
567,104,fit,1.2795628729657187,3.8636017589377625,11,11,0,0.5383998225484651,0.26169753122551126,75,79,0.3551987111568451,0.35827689102172505,0.0,0.0,0.04186821974706462,1.224830476764271,0.012007787266884416,0.11457812277561466,2.4594817555590875
568,109,fit,1.2124954306914386,5.272282200568487,13,13,0,0.460096218985152,0.23117583607001582,78,89,0.35525357723236084,0.4299907767669051,0.09513785,0.06900581521380683,0.7790230002638311,0.9005240359904375,0.0064847068315535125,0.06187697358352588,1.1668259349227705
