idx,T,quality,v0,w0,tc_real,tc_twin,dtc,air_com_dev_mm,air_ang_dev_deg,contact_frames_real,contact_frames_twin,stop_dist_real,stop_dist_twin,e_z_real,e_z_twin,rest_offset_w,wind_mag,wind_offset_m,wind_offset_w,wind_offset_pct
0,111,fit,1.3391368756721636,5.224510650123767,11,11,0,2.7213575447155978,0.06262086281319375,82,63,0.4031098783016205,0.30057777604743885,0.09632977,0.04610535420965441,1.0170496665994513,5.198470199916289,0.1914991109403293,1.8272815929420734,31.765492327095032
1,99,fit,1.1126430885453118,3.153414366927388,14,14,0,0.5760906415133502,0.07517238152184574,67,58,0.27458685636520386,0.2100641723110873,0.018714849,0.03111600021509279,0.6179000505233492,0.9731189826609999,0.008069839106523148,0.0770022815507934,2.26000853744579
2,104,fit,1.1842271392262225,4.241812957860962,11,11,0,0.5067821628776732,0.06444047815648762,73,73,0.3160378932952881,0.29958232009517505,0.045541037,0.12901953116468795,0.3155691527165456,2.7577632959603577,0.02033079418871353,0.19399612775490008,5.012004793154709
3,111,fit,1.2380356893339635,3.5259657371594844,15,15,0,7.863938523987532,0.11899260517723763,77,96,0.34995049238204956,0.755474455825151,0.14506747,0.09612681268477206,4.11676718514198,8.910168738681028,0.4496163165332348,4.290232027988882,95.00759919700813
4,90,fit,1.0633523305849486,3.9489505054703393,21,21,0,19.451683267583455,0.15059548995604977,51,69,0.18765677511692047,0.549701177608626,0.13458951,0.014166751186549588,3.6644743767945074,9.765295072787938,0.36502260545790827,3.483040128415155,94.22830758713792
5,104,fit,1.1174659284453319,2.0423768550959034,21,21,0,1.1895124072356702,0.11861047112096333,65,62,0.24487075209617615,0.22635873015847063,0.12111304,0.0336135713487083,0.17902325663490704,2.646699163974485,0.02100037160926943,0.20038522527928845,5.102256669947801
6,101,fit,1.2250308705085768,4.0693891478900115,13,13,0,1.387536040753879,0.11759337977939145,70,78,0.306805819272995,0.3285571054479934,0.12965216,0.19183794517938402,0.4862775992547566,3.984522162887078,0.05186564861468626,0.4949012272393727,11.681173094903995
7,105,fit,1.1338154679338635,6.716479673986876,16,16,0,7.3471722311851275,0.11034972978964935,71,89,0.32051464915275574,0.7158450578041873,0.0,0.0,3.8780661472836546,8.215630845166059,0.31830926079786437,3.0373021068498507,57.693222045596656
8,98,fit,1.0227561600505186,0.742771263205658,17,17,0,0.9543064715879086,0.18169824012230698,64,81,0.2512023448944092,0.3660816329087214,0.33558625,0.23130592484441528,1.1109721094531733,3.31849577045194,0.036768431512557195,0.3508438121427213,7.676643269661808
9,102,fit,1.1374396198225898,3.432872903274964,12,12,0,0.5065841622081009,0.06164706623970963,72,65,0.2869386076927185,0.2508621109283205,0.2694296,0.3219816997554522,0.4204231718728398,1.3531032276696993,0.019662259339483918,0.18761697843019004,5.026223876421914
10,105,fit,1.095575096554239,3.1007709324406156,13,14,1,0.36486989406305065,0.3113858944716493,73,66,0.27073797583580017,0.24872076675150445,0.30464384,0.3244848998309634,0.48707693582328365,0.30876365269351164,0.0026901281721268895,0.025669161947775663,0.694547184457699
11,104,fit,1.1074410973691553,2.64173772633113,18,18,0,2.22555663467128,0.20317781737677282,67,70,0.2643454372882843,0.2630866716609189,0.1780551,0.05127706211827715,0.24044972326079125,3.87808116738866,0.049074960323471625,0.4682725221705308,12.153721767902118
12,111,fit,1.1011887256001873,0.547241870203375,22,22,0,11.780819459830585,0.111327693115557,71,89,0.3033127188682556,0.5102690837522161,0.0,0.0,2.3060781030542965,6.56603297352901,0.19234989277744727,1.8353997402428173,31.488872303751265
13,104,fit,1.0563934155188914,2.3882888025506595,15,15,0,1.4144786326445493,0.1281890043419374,70,79,0.277720183134079,0.2920058708287984,0.37782225,0.38377765745608317,0.483646774220589,4.292806414338112,0.07178811291840913,0.6850010774657359,19.47352241981357
14,90,fit,1.0415916414613955,3.1538497335708744,14,14,0,0.6577786353062528,0.0748676506482939,56,57,0.1997862607240677,0.20232319855668668,0.07854188,0.13081252104465368,0.24135476100109862,2.276782531321193,0.012436385497601963,0.11866780054963705,3.748350708409159
15,88,fit,1.1092534485752656,3.8443447981376875,10,10,0,0.10691333732071855,0.07317553905182629,59,67,0.2287186235189438,0.26169063948369636,0.14353503,0.10189068734168072,0.3142978117527598,0.08951743965080654,0.0006619158844883562,0.006315991264201871,0.18427906035942682
16,97,fit,1.077251506237499,5.601974008557652,12,12,0,5.7258255994166705,0.14156210315202647,66,85,0.27268922328948975,0.4161048049638519,0.28928232,0.3998781798000718,2.556727714482564,8.75736683239266,0.2644743254443468,2.523609975613996,78.73021203727951
17,109,fit,1.1379553489908374,5.6966385239428,16,17,1,0.8982054222916787,0.40366375495136636,73,92,0.32441437244415283,0.4313455840583915,0.0,0.026388697568051265,1.1402970778340922,2.194094628772883,0.017667297872087845,0.1685810865657237,3.088943494652466
18,104,fit,1.1198612623814015,4.0674706097623545,15,15,0,3.1612038359081684,0.23875057925410567,70,56,0.30114123225212097,0.2307815461913571,0.10895351,0.06037623468283463,0.7457471808509644,3.732964886658582,0.09603441423713324,0.9163589144764622,20.519507605363934
19,112,fit,1.2068144194819679,5.114613406358618,16,16,0,0.41945275347413313,0.5266936628972382,78,87,0.35990622639656067,0.4120741802862744,0.074919954,0.0,0.5307196931019605,0.6636283372800483,0.005130836978046553,0.04895836811113123,0.9063744833203107
20,111,fit,1.1533922778341785,4.583609570289716,15,15,0,2.7293384484867653,0.125977935770792,78,96,0.35472023487091064,0.51433830971207,0.008177728,0.008536062805224206,1.818371460912622,5.081593061200579,0.12186479817620956,1.1628320436661217,21.98644293054278
21,97,fit,1.1109953247890252,4.610098476690849,15,15,0,7.743033940528016,0.9965005536113571,63,82,0.2618328630924225,0.45368983719243233,0.22496636,0.3159791383785028,2.3871174432555544,8.264284295873404,0.2509155551196879,2.394232396180228,61.27898298869532
22,99,fit,1.1072633927402975,3.13359261347517,10,10,0,0.5047514263851818,0.028252590930257858,69,61,0.27528083324432373,0.22304000707492488,0.0,0.14436457179495443,0.5741344142855738,3.0285996396619255,0.019743917150717688,0.18839615601829854,6.103167560990623
23,96,fit,1.0364965881890906,5.168847615590887,14,14,0,0.853732153980807,0.15189752032756862,63,82,0.2276235818862915,0.295545819499048,0.23864686,0.39496158800663916,0.6635636021833882,3.7522756791778313,0.05061860240489638,0.4830019313444311,13.385303115709748
24,105,fit,1.23300746734812,3.9446184244075977,11,11,0,2.6632098628341723,0.06358854746355475,76,83,0.3339241147041321,0.321858071810828,0.2918901,0.38454472587781185,1.701431200563874,5.859550576797396,0.11995313970527637,1.1445910277221027,27.044995959033052
25,107,fit,1.1332289935238746,3.957914032703484,16,16,0,6.133974558632423,0.44098759521845654,72,44,0.30060192942619324,0.14981187908768384,0.07344079,0.0,1.526048643237125,5.505777322238636,0.10839015903574607,1.0342572427075007,27.13978189833411
26,103,fit,1.1779252162124543,1.592642170314479,17,17,0,1.6913497241512767,0.0337825569751973,67,64,0.27189919352531433,0.24581120189624847,0.13090037,0.07323302881988215,0.34509099472887694,3.0294318705291294,0.027302372259298272,0.26051881926811327,6.499545516641688
27,110,fit,1.2249530563978375,3.561751408525402,15,15,0,3.153192050953432,0.1479572078283869,77,95,0.34328630566596985,0.4557892642533467,0.014559249,0.0,1.2880909003624537,5.594756363487711,0.13486761032427072,1.2869046786667053,27.039381691161136
28,105,fit,1.1023301198345004,3.0641474026919613,15,15,0,0.42204301581951814,0.7492040424180598,72,75,0.2864900827407837,0.30820477867159923,0.21555296,0.22882685253450033,0.6060067176225212,1.6055305991290532,0.00930940385115772,0.08883018941944389,2.062452986320045
29,107,fit,1.2491906502057413,2.58570671033176,16,16,0,9.535924051882162,0.1330448677964897,72,91,0.33909931778907776,0.6456710767040673,0.23848513,0.11647716421600891,3.5719112322860718,8.897094228098501,0.3945205132896851,3.764508714596232,85.78711184096505
30,93,fit,1.0812638674079962,7.499074566926833,15,15,0,13.946908423710415,0.18980779396139258,58,78,0.21137849986553192,0.21362985255583442,0.1604408,0.30431227123320403,2.759458570131175,9.698023237118981,0.28173364815829693,2.688298169449398,80.41518215393768
31,111,fit,1.2722511195594275,3.710826569835496,14,14,0,0.2599091195845147,0.12219948092791613,78,77,0.3596530854701996,0.32808990875894006,0.31765443,0.3638842868400372,0.4392977404954118,0.9791501224424621,0.006717146178219924,0.06409490628072446,1.4038029954198838
32,93,fit,1.0943040421990906,2.5268988601943505,18,18,0,1.3602853067928078,0.07489129478521202,56,55,0.21801342070102692,0.19628841858212634,0.0,0.0,0.23232713711736563,1.9732177922539709,0.019047759336947898,0.18175342878767078,4.990837934275805
33,116,fit,1.1863402179405582,5.789709392509369,14,14,0,0.9771320396553219,0.11112421923137972,83,93,0.39092013239860535,0.4208578272522018,0.0,0.0,0.3143736058698518,3.663422947479624,0.06175772474724437,0.5892912666721791,12.199630751479146
34,91,fit,1.1140369545761641,3.4586693327146367,13,13,0,6.993031384777797,0.10419920192484709,60,78,0.23872195184230804,0.4196096397168343,0.19785726,0.15829830809620368,2.3096879989162344,8.788824223937022,0.2510045292143867,2.395081385633461,66.82253859592251
35,92,fit,1.051560133183086,4.223780842508087,12,12,0,0.7925865630024138,0.03577624385847543,61,65,0.225594162940979,0.23899998507666076,0.3024692,0.35227621865597786,0.29341926781554173,2.7380344573347135,0.026453639103136514,0.2524202204497759,7.044183970446
36,101,fit,1.1418800964507936,2.0170794368385523,19,19,0,4.013849316357941,0.4357641365693337,64,82,0.2574159502983093,0.3080504007331516,0.0,0.0,0.6124407479414579,4.902569950112989,0.0892163970948775,0.8513014989969226,21.63241181689362
37,120,fit,1.2993600090247528,2.632007191463091,23,23,0,16.455201844053693,0.4107514001495976,77,97,0.34541216492652893,0.7086368432972281,0.20697261,0.33621444563339264,3.8544049031708765,8.374594098090448,0.4510105978849658,4.30353623936036,86.39467275050056
38,110,fit,1.156305914963228,4.622235004007164,15,15,0,2.0160753566559815,0.04363442953315205,75,95,0.3159308433532715,0.43866082482114566,0.0067206775,0.2001936177915054,1.1948167272144576,5.088526917024842,0.12893434789006314,1.2302895791036559,28.3594077518604
39,101,fit,1.2967507356028085,1.3986934009209726,14,14,0,0.2390656267617244,0.20933773006584236,68,76,0.3006303608417511,0.32977526097529897,0.15890956,0.17887727355395944,0.39982964966034895,0.6391447084169835,0.004543401996500988,0.043353072485696455,0.9374686085077775
40,101,fit,1.2047288436669652,4.27095049214033,14,14,0,0.8790252650891575,0.10501011147483601,69,73,0.2951063811779022,0.29721966941056455,0.2944967,0.3704760123300321,0.28943250130622766,2.835189851111687,0.02516398746419132,0.24011438420029885,5.736050181469469
41,94,fit,1.0538224688283295,3.8283635076789104,15,15,0,2.4411046431919083,0.08611024447056598,61,79,0.23761756718158722,0.29691404981393854,0.2683707,0.3904876211075616,0.7110542980619086,4.721697053996101,0.06557106651943477,0.6256781156434615,16.64552688240461
42,107,fit,1.1769833011366564,6.0066014196465956,14,14,0,4.89627905184771,0.13759812947971678,75,65,0.34134581685066223,0.28702136689979346,0.0,0.0,0.9685409210171837,5.78471434836428,0.18767802554283852,1.790820854416398,32.28018504848842
43,97,fit,1.1139197440713615,2.724635158825584,21,21,0,7.236382170308083,0.14105390719717406,58,76,0.2173788994550705,0.3550140560473715,0.07510351,0.0,1.421545825250298,6.181256678867681,0.1572144884617522,1.5001382486808417,38.766622091409296
44,98,fit,1.1085902323243808,3.732392083443043,15,15,0,12.017618531933845,0.37529234927177474,64,83,0.2548392713069916,0.5138500157715645,0.27519,0.3481104390838101,3.5556033910203886,9.73189695488277,0.388505923872613,3.7071175942043224,93.55285235697342
45,109,fit,1.0461741526767152,6.51769308229359,14,14,0,5.612749126822692,0.16450980905700566,77,95,0.3313712179660797,0.39489646283642743,0.0,0.0,1.8117687052014664,6.713770188736606,0.18698798979042985,1.7842365438018115,40.111548106498965
46,100,fit,0.9884095993822631,4.027738612451261,16,16,0,5.02416931131164,6.087133872942924,65,67,0.2643054723739624,0.23257668135918771,0.25547045,0.33932885808240554,0.3872429903712178,2.467013175944202,0.017366959490886236,0.16571526231761674,4.698031478562194
47,103,fit,1.1716584745667646,3.8349446182902334,18,18,0,0.5885113843994005,0.5172772115417485,66,85,0.28176388144493103,0.3809229292019978,0.120145634,0.10948190385962693,1.045489347803373,0.7193581747329149,0.003990689736551364,0.03807910053961225,0.7341724984727724
48,98,fit,1.20104456349758,5.077243760323339,11,11,0,0.20941857774026038,0.07758351749268276,69,78,0.3133154511451721,0.3399483362790683,0.090483114,0.12132328392417513,0.25310546686804386,0.0388867524756489,0.0001268665432727969,0.0012105586190152375,0.028049274209289918
49,107,fit,1.1842905386088667,4.811368045683692,15,15,0,11.233316711065484,0.14056300012047582,73,92,0.3152022957801819,0.3742255607235295,0.27980366,0.34080750837538215,3.027902191098961,8.816288221876993,0.3264987272547626,3.115445870751551,68.8284490050564
50,96,fit,1.1633787895197143,5.856899681020988,14,14,0,1.5698430774222316,0.12793822919542938,63,73,0.25745686888694763,0.2827406517128516,0.1963673,0.2922382515543913,0.38818639405726363,4.040676610225862,0.0500493301569465,0.4775699442456727,12.61535146259569
51,105,fit,1.0317740128088562,9.335386400144177,6,6,0,0.9035747876688922,0.025171393633090455,80,53,0.34444084763526917,0.1921161563115804,0.0,0.0,1.6065757317654459,6.740861431903779,0.12314180978186721,1.1750172689109466,35.659932465579644
52,99,fit,1.0582551652679184,2.9604362087952536,18,18,0,10.388733444930363,0.09032555227871493,63,81,0.23153208196163177,0.5182690176561404,0.16320841,0.2587714327186167,2.9329353979388704,8.30028965930573,0.29786806781714215,2.8422525555070814,74.34736584323346
53,96,fit,1.0802632185578414,4.099613054261495,15,15,0,13.608155730197828,0.07102801541539717,63,81,0.25687316060066223,0.18765727058211254,0.35118935,0.3710766860278467,2.5357252946721944,9.555230611390355,0.25810635059694775,2.4628468568411046,69.75919519150686
54,93,fit,1.1431918526962268,4.466051406021348,11,11,0,0.2006074642861235,0.09617506400961504,64,68,0.24739007651805878,0.2590072572917833,0.15254961,0.08531356526947673,0.12589843852991053,2.7932552859205666,0.024392337694777687,0.23275131388146647,7.025757985738618
55,86,fit,1.024428973560522,2.0820159053672094,16,16,0,2.79551364255311,0.06065385824300721,52,45,0.18463930487632751,0.1489420537021691,0.0,0.0,0.4003096677420871,3.535795057016682,0.039513009933570216,0.3770325375340669,11.999858040658728
56,94,fit,1.1160650942629387,3.5280112486505186,15,15,0,2.209019902067705,2.116435995179539,61,58,0.2542005479335785,0.21668038897984337,0.14538994,0.13197811572315796,0.37393212681691973,1.9859162421629586,0.023956165809086445,0.2285893684073134,6.3428929944661725
57,103,fit,1.1726356299641139,3.4977756425974125,13,13,0,0.36358440825824845,0.041344458677779784,71,65,0.29864346981048584,0.2571438546357838,0.0,0.0,0.4073054410946331,0.8003402632524935,0.008810271170040743,0.08406747299657198,2.230565195177644
58,100,fit,1.1440640616911029,4.32188242542826,11,11,0,1.4582105615457597,0.0986150468192998,70,55,0.28340575098991394,0.19775071386405732,0.33187464,0.3894981446952959,0.8407510984359264,3.816351598042508,0.06949263282084343,0.6630976414202617,18.117369978892842
59,109,fit,1.1673629142432853,4.613130620421583,19,19,0,4.6124309200357025,0.21597717493216875,72,60,0.2986084222793579,0.23958156436310593,0.28379974,0.2870999602833529,0.6043224651402274,3.5001124026981367,0.10160013036916982,0.9694668928355898,19.06979307696799
60,109,fit,1.1731080174895274,3.8030900710249638,14,14,0,0.7254354679348343,0.18316025192134192,75,74,0.3183061182498932,0.30001220208069507,0.24997516,0.15372378528030914,0.2532301779307033,2.9271512178114096,0.02965392325133145,0.282957282932552,7.090949225647676
61,104,fit,1.1568794803643132,4.247937422524704,14,14,0,0.3158588712610905,0.15398295610941784,71,68,0.28437772393226624,0.26667733018559187,0.26030034,0.24722474774483397,0.29744164301992526,1.8264472257232047,0.009496682475682772,0.0906171991954463,2.3539384328947746
62,106,fit,1.2874907997746283,3.3409104055059977,8,8,0,0.5024341587509862,0.18902575395215454,79,78,0.3779212236404419,0.3497063486650759,0.13424656,0.3033507490174063,0.2749123822510113,1.4288797050191748,0.01326624974025735,0.12658635248337166,2.9593337027233195
63,129,fit,1.2316117453362203,4.278929976828877,24,24,0,2.7393535296127878,0.2861643471310268,85,91,0.39965054392814636,0.447220792878136,0.084476195,0.058526359900009546,0.4324317853978492,1.5920908320489062,0.04705172285081574,0.44896682109557,6.404881512185827
64,94,fit,1.0953881085582093,2.1709876213127517,18,18,0,22.350898611896074,0.32442457597581764,58,23,0.2171909213066101,0.0427110008843261,0.027715873,0.02060431771227796,1.9518515578515836,9.906116355094424,0.273028551590961,2.6052342709061165,71.06358365830488
65,92,fit,1.1283670761981484,3.0981908070716457,15,15,0,0.35100728237128986,0.3140488297756666,59,64,0.23199637234210968,0.238455576358042,0.0,0.0,0.06588738915073634,1.9560912359735938,0.010845580441205356,0.10348836298860072,2.9164654364479436
66,111,fit,1.146587846960403,3.0006856072325823,13,13,0,0.49724035768976327,0.0957119775065894,79,68,0.28316763043403625,0.2634849059777957,0.19927458,0.12822842414442406,0.4763191172026482,2.445412941440135,0.01611446980423957,0.1537640248496142,4.198961737101124
67,99,fit,1.148097211155367,2.929429522668411,17,17,0,2.1258552326600357,0.33690137522597313,65,56,0.26332345604896545,0.2100706984316203,0.0,0.08860894643264466,0.574880094456437,2.526790277902184,0.04430534912894599,0.42276096497085863,10.775693096759646
68,90,fit,1.0247877353034052,3.0664947016778057,13,13,0,7.531599747594587,0.10018136644566163,58,29,0.21796637773513794,0.07544355474934918,0.15987691,0.11082583816301596,1.444293248967412,7.98906697626613,0.15191060172226067,1.4495286423879834,45.00502874491435
69,99,fit,1.1021548857278833,2.85383874336586,21,21,0,10.023490980758158,0.2969806424085257,59,78,0.22696039080619812,0.41562406039905087,0.0,0.0,1.940497210391888,7.122761255583817,0.2232184947805438,2.129947469279998,56.10464171186453
70,116,fit,1.0232970106756654,0.47461976504156456,21,21,0,2.4285779422764224,0.2375283727876797,77,83,0.3287889063358307,0.39595985088195745,0.0,0.0,0.6275355328560509,2.5462273630814196,0.0445071150279009,0.424686212098291,7.154029822146052
71,107,fit,0.9878906284495405,4.72642180599078,16,16,0,1.4347562980133772,0.2038540461320801,72,60,0.23090748488903046,0.20054570968431656,0.22430255,0.35584743462275875,0.35506551727168617,2.0212006265621305,0.02730348772372248,0.2605294630126191,7.202669256882794
72,102,fit,1.1365742732935187,2.8602338515597037,20,20,0,24.262322632146827,0.31928570841190795,63,19,0.24736909568309784,0.044105779296511036,0.026399886,0.0,2.1953354568356445,9.12800153368185,0.2609355843405903,2.489843362028533,61.10681561757234
73,98,fit,1.1974167044172825,3.411154635804437,17,17,0,0.6666215193492333,0.11368086682161437,63,63,0.26198673248291016,0.2468834281778634,0.08436871,0.15444352447719825,0.1695370282448014,0.7867892373740398,0.008677851686788026,0.08280392830904605,2.0275433623866044
74,105,fit,1.2504920952600274,3.876831220741934,14,14,0,11.24324083867674,0.13844042808234794,72,91,0.3208972215652466,0.21603804612728827,0.0,0.0,2.6659514740158508,9.119099167489356,0.30060199017162365,2.8683396008742714,63.043619755419456
75,100,fit,1.0605938268605963,5.194314811576786,18,18,0,19.620303278560893,0.15788879761001906,63,82,0.24242925643920898,0.19518396975133387,0.2490876,0.18909049796715116,2.8845317501800856,9.385494062783488,0.2819870898165494,2.690716505883105,74.3461910352566
76,93,fit,1.1517734467697824,4.4560065643179145,9,9,0,0.20498706755262666,0.0687324602342536,66,64,0.2839421033859253,0.25187635090696914,0.268148,0.17025605829123916,0.30791816520933024,1.084117910767805,0.01054710270024844,0.1006402929413019,2.980245593187558
77,109,fit,1.257017349904867,5.183963404954346,11,11,0,1.0529085714888693,0.07575147490601407,78,66,0.38417455554008484,0.2860816021396602,0.34995744,0.3711575759368857,0.9517153557090475,2.9310455083378053,0.07186997696543859,0.6857822229526583,15.108724233194486
78,98,fit,1.1871861799067356,8.156857670808275,8,8,0,0.2665358080899218,0.03355465560394416,72,90,0.3140000104904175,0.35585397424100046,0.1350605,0.18432705098139895,0.4146050379061379,4.021429637874453,0.06331616387468644,0.6041618690332675,17.04080891929763
79,96,fit,1.107451068780589,3.8242547944305496,14,14,0,4.475684899928276,0.3545067976651439,63,52,0.25008273124694824,0.17991328027080328,0.12801367,0.11248696255983419,0.9577996835533888,5.760796806317594,0.10203797066867973,0.9736447582889287,26.949991390957834
80,108,fit,1.1441545403055735,4.6933689073399325,18,19,1,12.078610244832554,1.225974612723055,72,89,0.3018993139266968,0.3101159432706768,0.25283462,0.2533427070056848,2.8220455568600236,7.317363287550769,0.2443592538862253,2.33167226990673,51.56696396832314
81,96,fit,1.0282140608798267,4.819596767282451,14,14,0,1.218254334083138,0.18257797572663453,63,63,0.2478310614824295,0.23481239426508016,0.2983442,0.313265178991392,0.6983266460081985,2.789801785440226,0.03103047760505563,0.2960923435596911,8.096519740562941
82,98,fit,1.1200276710870567,1.548567437264247,25,25,0,26.643705752024218,0.459629717016759,55,73,0.2034716159105301,0.17872558284538856,0.19680111,0.2951156985437369,1.944296097877334,7.946568695919057,0.20135801890405738,1.921355142214288,47.65135581850853
83,96,fit,1.017378224416585,4.565716708766947,20,20,0,0.37780258786629556,1.1340820868779362,58,64,0.2127426117658615,0.23574949957296532,0.17853124,0.29357283560897507,0.2317761510128956,0.7492017647933986,0.004213438744616935,0.040204568173825714,1.0200064862374298
84,120,fit,1.2085809506764846,3.144343791940508,18,18,0,21.433747945708156,0.2133978139175946,83,30,0.39250946044921875,0.08582647329077532,0.027952626,0.0130962911140203,3.1570781250200555,9.618863054144647,0.39349862705290695,3.754757891726211,69.61763099978303
85,98,fit,1.1499987395188416,5.861429242302061,14,14,0,1.0435112705102372,0.18338605730833205,66,84,0.27718284726142883,0.3654124504946832,0.18553689,0.11465221667822663,0.8641127994663895,3.4482687600652038,0.04001938326977759,0.38186434417726706,8.642139307620214
86,96,fit,1.05001795930007,3.4711797077217947,19,19,0,4.26619398620074,0.33009523061807494,60,77,0.2345188707113266,0.3366902716591937,0.0,0.0,1.0203341399312085,5.577645658394265,0.12855918918489337,1.2267098204665396,33.34825386318171
87,104,fit,1.2330559155516652,3.1637627172509846,15,15,0,1.9935024819348102,0.16560300053728885,70,56,0.3155215084552765,0.21715773993870305,0.10723839,0.03174751278201063,0.9574086084876167,2.8589797438014304,0.0522389344404178,0.4984631148894828,12.372596949008813
88,98,fit,1.1785323585461267,2.4073951603885573,13,13,0,0.5948329330558155,0.17939294780906678,66,75,0.2835600972175598,0.32067176375776957,0.07839246,0.16241129008868058,0.3426425521715961,1.4348528305515116,0.017758996541901845,0.1694560738731092,3.7448065013788012
89,100,fit,1.1904658775702466,1.8747676098798223,15,15,0,1.044387226502236,0.2003548919106624,67,85,0.2919447422027588,0.34815439033605755,0.0662308,0.0,0.5987452077831859,3.1130767393480854,0.032907137434720214,0.31399940300305546,6.939043919736582
90,97,fit,1.2920657778657354,4.390311273387328,6,6,0,0.39451196967627034,0.027213058893465997,73,61,0.34540849924087524,0.25905506063453004,0.0,0.0,0.8754933295250144,3.7922599341554495,0.07840609457091689,0.7481497573560771,19.493659108084696
91,103,fit,1.1916757260264081,2.2545020810712697,24,24,0,0.6949326334969076,0.16150614318971684,61,60,0.24060168862342834,0.22232284455555776,0.036569465,0.0,0.2082149143910161,1.4712422902451536,0.0069736175205068925,0.0665421519132337,1.5273211609554012
92,107,fit,1.1639147454545669,6.168156480063085,16,16,0,4.728641554693462,0.24075267363037586,73,68,0.3221352696418762,0.2837555946787893,0.0,0.0,0.8817519363920666,5.138847118041242,0.11174242434695861,1.0662445071274675,21.616194773609816
93,97,fit,1.07357044190817,3.426044184197474,19,19,0,14.257984576273353,0.133352128255847,59,78,0.2265939563512802,0.5914624797478195,0.001410076,0.0,3.641719514490839,9.313863224881626,0.39389339166354154,3.7585247296139457,101.12267392463927
94,98,fit,1.2052378829033104,3.553246830722848,13,13,0,5.3979266732943865,0.09326766939973156,67,85,0.28759780526161194,0.4064701666386506,0.14927827,0.03426449244183644,1.9333545522655147,7.665264596962688,0.20826387233345697,1.987250690204742,49.81717981688228
95,106,fit,1.1478675716713218,2.496386229215596,19,19,0,0.48986385726648934,0.5477192865610238,66,59,0.26108887791633606,0.21772223390867604,0.015153091,0.0,0.42105327196010145,0.26887600318034,0.002213268666537551,0.02111897582573999,0.5432063295139614
96,100,fit,1.2498024864195787,2.1540408336619064,14,14,0,10.988378618484475,0.06766074730254186,68,86,0.2959176301956177,0.2873011264205135,0.0,0.0,2.826668576244354,9.33172372548929,0.2882625726937822,2.750597067688761,67.81700793817708
97,103,fit,1.1357890179299883,5.032065170673433,19,19,0,22.618597066099923,0.31245887969993663,66,25,0.274862676858902,0.0733898701536571,0.20005718,0.21295793833303914,2.1859777149676476,9.379232270358315,0.3076928611663772,2.936000583648637,63.29224962093577
98,102,fit,1.2213849739933675,5.661981031354807,9,9,0,2.626750079863779,0.033900851831387795,76,93,0.34798166155815125,0.6036589019202176,0.29914907,0.39300005540522487,3.1111755371017473,8.522597114585942,0.3179576896018007,3.0339474198645107,73.31773485537286
99,112,fit,1.3304772403590515,4.479864803858675,5,5,0,0.060295752907732335,0.016005572271018696,88,90,0.4277842342853546,0.4428358016391219,0.0,0.0,0.30062566894969744,1.0832698785044572,0.006056936390792021,0.057795194568626154,1.2073039182679752
100,116,fit,1.048552371804086,5.855753705001037,16,16,0,5.924666481366705,0.16033266234274973,80,50,0.3473624587059021,0.20133082360201018,0.1531031,0.09340142730135455,1.4866441634906398,5.337421454710885,0.16354240584235363,1.5605191397171148,32.31861181825892
101,103,fit,1.2079885663630403,5.1103074282125736,8,8,0,0.24429441272659969,0.047189759283628466,76,69,0.3383234143257141,0.28802924830292,0.18390651,0.31066625314417057,0.48260256144426644,1.7292463992540716,0.023957724872182846,0.22860424496357676,6.0445921173728605
102,95,fit,1.103505341334137,3.3529896965397334,18,19,1,14.713047307337902,0.2021812669828976,59,76,0.2308068573474884,0.4565904710718133,0.0,0.0,2.9612544991620697,9.283620164700967,0.31787428038004856,3.0331515303439747,76.1380986225161
103,114,fit,1.238920236431987,4.222045979252412,20,20,0,7.066140018059244,0.30238666310329054,75,68,0.33846405148506165,0.26353218299604,0.32494307,0.350702917858898,1.0322664896095741,5.0589892379318036,0.08298712171873153,0.7918618484611787,16.512616382168932
104,105,fit,1.2052177128749189,3.939620494074746,19,19,0,0.5520354461956307,0.4535007200219607,68,71,0.2815135419368744,0.2829624002824274,0.20613468,0.26921607112879015,0.17920791549571535,1.3126770785779693,0.007536053778752027,0.07190891010259567,1.5792170778431012
105,106,fit,1.2477165054116,3.2861147949776646,16,16,0,3.6976620555392974,0.2230254154878318,72,53,0.3198355436325073,0.21001592066058344,0.19765395,0.0,1.0872802447024894,3.7949409685510456,0.10105744186680367,0.9642885674313326,21.541020267679453
106,101,fit,1.1445912919028312,1.656408040678447,15,15,0,6.434829770163279,0.09908138186977111,67,86,0.27019497752189636,0.5699677079132145,0.0,0.0,2.9368004552467135,8.253431533545497,0.33456510649908583,3.1924151383500554,87.75009577798697
107,101,fit,1.1152536885098587,3.6161795463226096,15,15,0,9.207131658436156,0.17781638229929628,67,44,0.27776795625686646,0.1289784890270647,0.30294767,0.3737687106350621,1.6500836940169945,7.721603250412806,0.15978204624948675,1.524637845892049,42.09758639072035
108,117,fit,1.1791345080164601,5.316997403610506,14,14,0,11.567997259003215,0.19136829786737014,83,103,0.3483065962791443,0.4917164856722965,0.05910349,0.01005271714268039,3.813312404811506,9.88387762550059,0.3908292045764229,3.729286303210142,76.26532781561903
109,122,fit,1.2554296177933828,4.809865003681238,10,10,0,3.411022145485738,0.07794191428824748,93,112,0.43639838695526123,0.5499213065000318,0.19121492,0.1888207681101719,2.7865718638740473,8.097266069006695,0.30810286333630843,2.939912818094546,60.99250238937057
110,103,fit,1.211073141648642,6.677851107266189,10,10,0,0.18190242746496588,0.04131908903612195,74,84,0.3438223600387573,0.39475325024039903,0.0,0.0,0.4854671615767462,1.1219594431608426,0.006701919613908477,0.06394961463653126,1.3336569175287099
111,103,fit,1.1662773622261584,5.048016883513371,15,15,0,1.967257415985457,0.1878369945337797,71,68,0.3126063942909241,0.2722309505784702,0.22545953,0.30118680454018754,0.4916123583364785,3.6540491778026696,0.04419849993705514,0.4217414116131215,9.877482942197984
112,100,fit,1.1128605888439473,4.90737239899043,16,16,0,2.907135138744764,0.29118900252115093,66,59,0.2773553133010864,0.2416965194660772,0.26353776,0.13844793324851423,0.442370575412387,3.203337680087882,0.07827027895951913,0.7468538068656405,16.39735928500932
113,96,fit,1.022420489570556,5.19169125991369,17,17,0,4.077658195211842,0.39061545186853,60,79,0.23798473179340363,0.4050065125975615,0.17822033,0.17371227721083424,1.7289156360684497,5.942241384725809,0.1402492246490292,1.3382559603914999,33.181739508267086
114,113,fit,1.2635212540970309,2.605085089754248,13,13,0,0.2508316538912386,0.0750841308284296,82,76,0.366098552942276,0.322227164588877,0.0,0.04789913048181202,0.41753936903031247,1.823048321581732,0.012341791301987464,0.11776518417926969,2.760889840808757
115,95,fit,1.2974938871555262,2.4836784214487118,7,7,0,0.17116845851938184,0.03859438059767426,70,70,0.3115204870700836,0.29647720476295397,0.0,0.0,0.15883820904009313,1.5626421345629227,0.02047167265071675,0.1953403878885186,5.150651880153694
116,120,fit,1.2210971468751044,4.843525259050053,12,12,0,4.436793212352648,0.11707433581448798,89,58,0.41981470584869385,0.2528873063901285,0.08597752,0.07602163105840319,1.7169874776690157,6.6498225009794885,0.1968560979978709,1.8783978816590734,35.184870502970206
117,104,fit,1.2036798709720975,2.598281523818344,18,18,0,1.9620019474989274,0.32323733911732105,69,73,0.3145838975906372,0.30901924257697055,0.18596175,2.8283318900845913e-05,0.2853405313097523,3.1284672492230685,0.03686543447065373,0.35176941288791724,7.3599692227298
118,92,fit,1.0814923527795313,3.758610238655494,11,11,0,2.797375086501344,0.13197104831343404,63,64,0.2439415603876114,0.21343681723962835,0.13269454,0.09618361741495408,0.7944050226439408,6.313824016700379,0.093922260383638,0.8962047746530344,28.123691167340443
119,101,fit,1.0941147290627093,4.844853931159453,13,13,0,2.5597456648222074,0.09578198206748138,70,74,0.27765730023384094,0.2819840455663995,0.27338642,0.3200944634163047,0.689294924791838,5.182617806050305,0.0864361624635655,0.8247725425912739,21.310823142057277
120,102,fit,1.0660664629332703,2.166850589873423,19,19,0,1.224718780623805,0.5345798453148979,63,62,0.24291326105594635,0.22144358343613124,0.005857012,0.0,0.22907400447353776,2.7309354191909008,0.02104796307252375,0.20083934229507394,5.470947054429678
121,98,fit,1.0992206188839198,2.399876200673236,18,18,0,7.078592131739124,0.2160915353353443,60,39,0.23032861948013306,0.12641963516492083,0.0,0.0,1.100304511756267,5.212668245436674,0.08693909058360777,0.8295714750344253,23.42687446056383
122,99,fit,1.1031637019538587,3.166592908285717,15,15,0,1.3559709596169465,0.29524492294333915,65,84,0.2588321566581726,0.32954260722769524,0.21611004,0.27488393610543094,0.6996001396632375,4.319758187758767,0.06920625720245321,0.6603650496417292,17.266919884597787
123,107,fit,1.1055399185268733,4.836472694068038,15,15,0,10.56555940142314,0.5092099767368966,73,92,0.2872193455696106,0.18320908098339908,0.31036842,0.34548886158828485,2.393775876590814,8.144736638275026,0.243581573298293,2.324251653609666,58.000964367197284
124,99,fit,1.0984565313403878,4.668709516742698,16,16,0,16.88285042335824,0.3222646688266937,64,83,0.24591168761253357,0.2288255428712563,0.21712966,0.32664660768259696,3.519133595486001,9.787383538957215,0.3455344303035417,3.297084258621581,91.56647252154667
125,93,fit,1.1554551351814648,4.9221508654076755,10,10,0,0.14636415756528948,0.06150621623916736,65,60,0.258470743894577,0.2187258203797954,0.1769524,0.21727621456005064,0.4123745969698296,0.3314803942533713,0.002722184877067438,0.025975046536903034,0.8283443761826922
126,106,fit,1.2658557497178116,4.749943904733555,15,15,0,0.4620666048831062,0.16187475080328947,73,82,0.34208565950393677,0.359242325653813,0.31826413,0.3252794361559069,0.6003284137657655,0.07258764017255996,0.000750154982896918,0.007157967394054561,0.14364846335937012
127,442,fit,1.1964915262072642,0.7895417820586178,36,36,0,59.3993353571468,0.8976321601933787,65,406,0.25924527645111084,2.0910516911315824,0.29582214,0.30537364882867024,18.966393026592083,8.845117654096681,2.0437245399561856,19.501188358360547,394.37791932133354
128,100,fit,1.0716770342557758,4.478340430191407,20,20,0,16.345094222687525,0.11034311235128916,61,30,0.230417862534523,0.07853698791923702,0.18202189,0.16908396024823136,1.6766300812693713,7.400557273312147,0.15404354530704437,1.4698811575099653,39.593481977038635
129,120,fit,1.1099478622245875,4.933075109331123,16,16,0,3.485797408061901,0.1407478290970687,85,65,0.3827625513076782,0.26934590862997226,0.12785839,0.13853313334520548,1.210949420834749,3.802840023292922,0.10718660891916437,1.022772985869889,20.154988952709296
130,106,fit,1.2216181890890088,5.260124229652859,13,13,0,10.869795295603216,0.24405660615036023,74,27,0.3290983736515045,0.07596308309919753,0.3065112,0.3701768569083634,2.590614561241501,9.66697844561196,0.32458693236456243,3.0972035530969695,76.57562637431128
131,101,fit,1.07177029587963,2.945274136809279,14,14,0,1.221400770712496,0.16479280064270702,67,77,0.2652549743652344,0.30600707173447905,0.07112008,0.0,0.6984584288447567,3.7152514289335428,0.04872161140233209,0.4649008721596573,12.181591692231871
132,88,fit,1.180872626371531,3.02181812873534,8,8,0,1.9898645545267388,0.053529492105065773,61,80,0.24002009630203247,0.53492206473738,0.0,0.0,2.847644797081524,8.979704864908644,0.3084407865539584,2.943137276278229,100.23704097836081
133,104,fit,1.2930324361397603,3.971469594397253,11,11,0,0.15222372631237568,0.09525079462400646,75,81,0.3495290279388428,0.36851181353253504,0.053234212,0.16202229290397063,0.1865553831021619,0.09326135799879064,0.0003457519504981037,0.003299159832997173,0.07087065433796301
134,91,fit,1.1927238878740045,6.725071077907303,10,10,0,2.5672052506038674,0.07642950831710012,63,50,0.26823893189430237,0.17687623712965078,0.0,0.0,1.0449694708650525,6.143961977657751,0.10317994165704146,0.9845414280252047,28.719597223192967
135,106,fit,1.0233635639368728,3.4997557240940966,21,21,0,10.275070744246113,0.5041270285062635,66,51,0.2211020588874817,0.1418892652570201,0.23297209,0.2928036376358346,1.439775390896634,5.7039326001114725,0.11519865931076248,1.0992238483851382,29.137016672418017
136,99,fit,1.1844098236657026,5.668258150615341,10,10,0,0.38195604101855285,0.0302672948622346,71,70,0.31505605578422546,0.2985166627858891,0.2665148,0.26380285757433647,0.1904551044958299,1.477304604699352,0.021760273979290333,0.207636202092465,5.063638186937572
137,111,fit,1.1241714924479491,3.9947189402040686,16,16,0,0.34253555019102483,0.14590866093068097,74,66,0.31056445837020874,0.2510465907241684,0.28765082,0.3541255191250694,0.5830235908368522,0.13025203029664864,0.0008056877221302618,0.007687859943991047,0.19799109317551455
138,107,fit,1.1581066165133376,3.695139741167612,14,14,0,3.035553080466293,0.09813099102979284,74,53,0.310243159532547,0.19983363615003683,0.2745328,0.2519834843612197,1.1221130067565606,4.463709029932148,0.0796135038621636,0.7596708383794237,19.589805193056275
139,112,fit,1.2565060228368792,4.102196484955789,14,14,0,2.84076828696482,0.11364507383791714,79,98,0.3774113655090332,0.5121643131238561,0.29959676,0.19262696462163495,1.5030326530428229,6.049399428944601,0.18888920046527313,1.802377867035049,39.36480152604161
140,94,fit,1.116064890426395,3.5280098784638687,15,15,0,2.1204856154494744,2.1164405615524493,61,57,0.25420060753822327,0.2135642679333275,0.14538994,0.1337074418650792,0.3999776669810364,1.6817476863554075,0.025167441322185555,0.24014734086054917,6.663603683811591
141,104,fit,1.087992887358169,4.314471078441751,19,19,0,3.4891680144121144,1.1588953648281117,66,85,0.26286447048187256,0.35707080403607544,0.24128176,0.1557328791958351,0.9383370297052718,5.136518573584742,0.12158950649812472,1.1602052146767625,29.95872005281378
142,107,fit,1.1009025395750838,4.339518043126392,18,18,0,0.7470188865994173,0.2284502934292045,70,59,0.2825862467288971,0.21132752242948996,0.24476753,0.3350104099029978,0.6868450740318283,0.7978652130774878,0.007722569890102748,0.07368864398953004,1.945798911939786
143,90,fit,1.0961921669202521,10.86118087861388,13,13,0,0.6514072957237692,0.19939386888586463,58,55,0.22077356278896332,0.18879275873721144,0.17138408,0.1640902642970879,0.30379704882312597,1.0987199203758802,0.0033689530873363665,0.03214649892496533,1.078377421520024
144,108,fit,1.1209266046822417,3.44240588216695,25,25,0,10.610910984192827,2.179990873056851,65,41,0.2728177309036255,0.13209769978330893,0.28259954,0.23556648034112956,1.467464613211662,4.249448498612842,0.09797565416350622,0.9348821962166624,21.16362590052375
145,99,fit,1.1453895653818524,2.7788055773336784,18,18,0,0.35589295436472734,0.24281287376896651,62,64,0.2549665570259094,0.24307909010734863,0.0,0.0,0.1254536033036269,0.2102015509867351,0.0018694962229859812,0.017838704417805162,0.45476253239598624
146,97,fit,1.210205711567616,3.1609132108195626,10,10,0,0.14366073600674767,0.028153890793157364,69,71,0.297112375497818,0.29430647427784373,0.18564501,0.07401226344835937,0.05821322770157127,0.16898289576605502,0.0015464974707627443,0.014756655255369696,0.3876760194682197
147,93,fit,0.9811862570112032,5.060449799454406,25,25,0,1.1685499562773816,0.512083124124193,51,56,0.17076051235198975,0.19214803365614758,0.0,0.0,0.2845164240872486,0.23522424652781107,0.001996990394746685,0.019055251858269895,0.4914505908504465
148,117,fit,0.9444294604054964,6.878699555102847,26,26,0,1.6084784771990275,0.7446052741512813,72,77,0.23225152492523193,0.3213835323883179,0.086237445,0.11741325627869895,0.8668129007708735,0.12133483106033481,0.000377098253449543,0.003598265777190296,0.06987738495806445
149,104,fit,1.1845982042513066,3.0189313224230014,13,13,0,1.180903435669909,0.1613477105449639,73,66,0.3086070716381073,0.2703443410161142,0.06944033,0.16759926604636566,0.3826570563400592,2.855465350334674,0.043895986938693364,0.41885483720127253,10.035007521450567
150,99,fit,1.1658225913066276,1.549300016563908,11,11,0,0.44315802334730825,0.0889165574945659,69,67,0.286848783493042,0.26254660611770075,0.116507605,0.31258535816722915,0.31921896883414225,2.5330261641184673,0.01815237047039728,0.1732096418931038,4.760271019566812
151,103,fit,1.2773391375228995,3.247129064234868,11,11,0,4.19535066262233,0.08676562810302924,74,40,0.33931782841682434,0.1524412948762303,0.22043782,0.21117600910953777,1.8553102555565317,6.865973770229895,0.1712173517491905,1.6337533563854054,39.83631370740557
152,97,fit,1.1376622217713577,3.4404758207622548,16,16,0,0.9247868072651119,0.1392368721093544,63,60,0.27024245262145996,0.22851774282888446,0.0,0.0,0.420243289387928,1.3263335703413381,0.01942185912024816,0.1853230832084748,4.832685408320383
153,103,fit,1.2940994529086136,2.3069765023472284,12,12,0,2.8698409882435465,0.17788533660001973,71,91,0.3252074420452118,0.5935702277149921,0.0,0.0,2.633062084053867,7.249914055453955,0.2547123301793143,2.4304611658331514,54.744773029561685
154,103,fit,1.0102687115530171,3.022761429877937,20,20,0,12.256281802096051,0.6829596297920906,63,83,0.2342858761548996,0.40806075565382577,0.2752509,0.3119373904987525,2.4519229687563966,7.806585592254388,0.2503074493858687,2.388429860552182,70.02413739189534
155,105,fit,1.0680430605149596,3.803035443171324,18,18,0,3.94720776006776,0.1420637302580047,69,53,0.28323814272880554,0.19770735465179337,0.27783442,0.29587734400488375,0.9465248575619984,3.6645615828903058,0.07726843669743054,0.7372942432960929,17.581183016912227
156,88,fit,1.0046882368197194,1.9810101460753078,16,16,0,5.976431104995656,0.09857755018326689,53,72,0.18868739902973175,0.2804441780110412,0.0,0.0,1.2601809432974609,6.768427552676313,0.13285359535670432,1.2676869785945069,42.136747240797064
157,91,fit,1.0374100824694694,3.312304318994103,15,15,0,0.28722427197856515,0.13396817593826954,57,55,0.20766842365264893,0.19210598104965676,0.01935897,0.11573382615441338,0.18905524366001988,0.5602419036717008,0.0032614475937296533,0.031120683146275318,0.9800957670498194
158,135,fit,1.1867798392390305,3.2534749461584638,18,18,0,0.2904377527787786,0.3113248655915701,98,78,0.3028532862663269,0.3304939718689706,0.2584458,0.24925764129000438,1.0305340487580652,2.273324838666966,0.021339991366662592,0.20362587181929953,4.367826830020703
159,108,fit,1.1355119337704958,4.008045105792867,16,16,0,8.811238088916747,0.17373749382533818,73,92,0.3147444725036621,0.6276692885676004,0.16716297,0.2576592357068035,3.3269900842768974,8.698384882562372,0.39429425816361297,3.762349791637528,94.45446209142831
160,91,fit,1.0061952445742819,3.30926275262522,16,16,0,1.909963076369496,0.15377248710586047,56,75,0.2090037316083908,0.2428565017867923,0.020425983,0.03385824802788735,0.5271751965046293,4.463874394621543,0.06676618677246882,0.6370819348518016,20.717420654908445
161,97,fit,1.0589610076579732,0.9839381395752499,18,18,0,0.31813272796846415,0.2089760723045389,59,54,0.2185087502002716,0.18364537310631254,0.18807462,0.24848279895775358,0.3442299460698655,0.2427400347494237,0.001397895113701304,0.013338693833027708,0.394373629408301
162,93,fit,1.0894507793158577,4.0205324723524605,15,15,0,7.293738215563583,0.10532929731803395,60,78,0.23887962102890015,0.5260294596139291,0.0,0.0,2.878631110589957,8.57962814069547,0.2988996157369405,2.852095570008974,79.89461765924968
163,93,fit,1.0363938122757193,3.995234965281971,17,17,0,5.0547205389388585,0.07994097818550948,56,76,0.212155282497406,0.2587466870269007,0.19491312,0.1668381526318932,0.945385104636454,5.611431182459626,0.09987246511438583,0.9529815373510098,28.107068520560293
164,101,fit,1.1004436760195704,4.903993149417315,18,19,1,5.087616219678177,0.22301738775537697,65,82,0.26355651021003723,0.5053325291900306,0.21697521,0.17429967950536548,2.438596090585092,6.1735876308168915,0.16337053877899313,1.5588791868224534,31.427699859669215
165,121,fit,1.1233411331733492,5.433482520243435,15,15,0,0.7004133581320875,0.2586427668120829,87,78,0.3971896171569824,0.3464598584410438,0.078774385,0.050429538146325004,0.5220719203474182,0.9940450478990148,0.014511176199426672,0.1384654217502545,2.890961678513065
166,102,fit,1.1833073756976173,3.8408129710602337,14,14,0,0.7579540695789984,0.1333468186966862,70,88,0.3043099343776703,0.3691031604395118,0.24549676,0.28078666438169314,0.6526636731470463,3.482451506010082,0.043201829002903785,0.41223119277579945,9.216532272819645
167,123,fit,1.1715905236860884,5.100642026862266,16,16,0,11.08295758423497,0.17945088711757629,88,52,0.40472280979156494,0.18445005936640077,0.06722605,0.1191125809692524,2.6234439946713306,7.593899893042068,0.2657545447531911,2.5358258087136556,50.06968347980739
168,96,fit,1.1162310732803882,5.067602309249821,11,11,0,0.28180103031804876,0.14150688993408103,68,68,0.29723337292671204,0.2726339479569594,0.0,0.0,0.2384623153105338,0.2591003879629815,0.00156497657482113,0.014932982584171087,0.41425107910645004
169,90,fit,1.063288752671113,7.133256756069043,8,8,0,3.4370789715824825,0.07921320878336026,64,40,0.2597675919532776,0.11528444730607633,0.0,0.0,1.5569592660284564,9.496855339218309,0.2455101511855101,2.3426541143655544,67.27742443946265
170,100,fit,1.1934116318093642,5.236338761713236,12,12,0,3.1961082725350107,0.0801362388670687,69,51,0.29615500569343567,0.1958482489730908,0.19431728,0.14112042559483595,1.0787406151453298,5.4940316180390365,0.12065205736389438,1.1512600893501372,28.73931181223388
171,88,fit,1.0433925351815987,4.127054683130982,14,14,0,0.2834562831171647,0.06713109584376346,55,58,0.2009834349155426,0.20284959991611665,0.17012201,0.15329395190406309,0.083851554230059,2.2657654648114156,0.013875970067912835,0.132404294541153,4.340697761810533
172,91,fit,0.9987546452178097,3.5577316414174316,21,21,0,0.5419442173776988,0.49162272813606456,51,49,0.18195030093193054,0.1581968631455053,0.14017135,0.0,0.2455756118599637,0.3954641469184959,0.00305232842883525,0.029125271267511924,0.8820813020964454
173,102,fit,1.0653587962801796,4.553694404132469,17,17,0,0.34874289029633776,0.674573920614244,66,61,0.2566106617450714,0.22175841031763402,0.26855493,0.3499823929168067,0.33610351736661054,1.0612822337598942,0.004162110719311528,0.039714796939995495,1.1027931045509627
174,94,fit,1.037468977084854,4.366763304397313,17,17,0,3.1503768443064946,0.06153524837962261,58,77,0.21669545769691467,0.2830144556328366,0.24038209,0.2923082956657136,0.79319670924487,5.20644985513019,0.0996422705415543,0.9507850242514724,28.86131463964462
175,104,fit,1.1576467578636325,3.185083167424137,20,20,0,2.439409574477803,0.4830975381597599,65,53,0.2569165527820587,0.19236196465197006,0.007944206,0.002800271918048418,0.6384051371954673,2.2025274222177478,0.03198370493812875,0.30518802421878577,7.5759013821208265
176,110,fit,1.182024288304467,1.5957875441536837,20,20,0,2.518635182330125,0.21815012142034074,70,70,0.28884345293045044,0.26854529092082663,0.052710194,0.10008516769375406,0.35509468251597226,3.53948149329702,0.04133701724270929,0.3944371874304321,9.298883772632005
177,86,fit,0.957219376471676,3.218853050102721,20,20,0,18.853333809269344,0.2877711910957167,48,66,0.1537274420261383,0.26847398503389786,0.17987925,0.00951806320296582,1.9248585618273855,8.981346529802705,0.21582650105695786,2.059413178024407,70.62887062986323
178,93,fit,1.1387459115033787,5.147925121187033,9,9,0,1.6155662426193367,0.06933651330175218,67,84,0.27827879786491394,0.4624690732988388,0.29178745,0.3246014597082538,1.9274464479614328,7.24531305530532,0.21284596082358168,2.0309729086219623,62.112261876914935
179,95,fit,1.1040409495794363,5.198847560701682,13,13,0,1.7915058407432067,0.16101946786091065,64,47,0.2504950165748596,0.15921195205655314,0.26011047,0.3572802188422917,0.8909352178670908,3.374728306032064,0.05142374104133243,0.490684551921111,14.994726145534077
180,87,fit,0.9638366677686547,1.369213761208039,25,25,0,0.6062565774218197,0.20301414627370737,44,43,0.13714560866355896,0.1251117674109916,0.0,0.0,0.14633799834928862,0.2994424161744805,0.0014946670269462877,0.014262089951777555,0.4453464908527932
181,108,fit,1.1654165090375719,5.03774754099084,13,13,0,4.708344019824843,0.12655823704785563,76,81,0.32696565985679626,0.29652700022911593,0.21024999,0.23470041561322258,1.4953746203575942,6.6409585084087075,0.17097597651536348,1.631450157589346,36.37413616239839
182,107,fit,1.2172609411392474,5.1243918048301005,11,11,0,7.8604039273058195,0.07726315785948736,76,35,0.33910173177719116,0.1155662311623357,0.24656409,0.29685991426679476,2.280064208733517,9.897295015019004,0.3413196413808988,3.256866807069645,75.03823572399108
183,97,fit,1.066413795122822,7.185084050457808,11,11,0,6.309411627681461,0.13754180017749976,68,86,0.2873097062110901,0.44377730327698467,0.23095416,0.18458993276301064,2.7549008786360893,9.6864501038774,0.3253087323007001,3.1040909570677493,81.77596251639436
184,90,fit,0.9878838817143882,2.4706917438861398,16,16,0,1.4930776050648606,0.2920262685304766,55,54,0.19240690767765045,0.18100532801678132,0.0,0.0,0.25731181061020764,3.106344578711623,0.020215734245994144,0.19289822753811206,6.408886310001007
185,84,fit,1.04888085001727,4.476426627284381,10,10,0,0.6855755666715805,0.06742520560477795,55,53,0.20281095802783966,0.15398439921521087,0.11897857,0.23105726280163572,0.49259048075366024,2.795201838259991,0.016234592671314812,0.15491023541330926,5.986084649555276
186,93,fit,1.0754895900286456,3.4032348242592687,16,16,0,0.4704261078982402,0.5154454278984321,59,65,0.2396213412284851,0.24611042768408942,0.11429868,0.22325282941590158,0.16237665139071736,1.1493958814875507,0.004950306241447779,0.04723574657870018,1.2724889918828584
187,107,fit,1.2201064633726801,2.680551394598326,18,19,1,9.435898844235915,0.22812094679873965,70,88,0.31869378685951233,0.6569241799600454,0.076208495,0.09192030891333706,3.4368664062794707,8.29602950420836,0.35643373095263353,3.4010852190136784,70.76316339558407
188,93,fit,1.1543190513432415,2.5891409448812683,13,13,0,0.12133858334371353,0.036235628113703976,62,66,0.252144992351532,0.25663177496939465,0.019293062,0.0,0.10621795934527342,0.6049121931103788,0.0028830003119179777,0.027509544961049404,0.7572813335512407
189,106,fit,1.2068017819967076,2.3067952552594897,18,18,0,0.4363882238261977,0.37870430676910166,69,66,0.2947015166282654,0.2612864295884452,0.0,0.0,0.33408905259219807,0.7068315637319268,0.0029326331345444147,0.027983140596797847,0.668231572731995
190,102,fit,1.1267007676676626,4.950256387102222,14,14,0,8.860775893307315,0.21541193407173034,70,88,0.3025207817554474,0.33690915416288736,0.2834918,0.30331756386171155,2.3081110150574884,8.380645510686795,0.25986179881674293,2.4795973169536536,56.561343042295334
191,88,fit,1.0860583306496356,2.1174600001940433,15,15,0,8.984066268527194,0.04904924791188247,54,33,0.20173989236354828,0.10662919093778715,0.0,0.0,1.0434322804509724,7.476321729695204,0.11975561785715354,1.1427062772629153,34.395068291874885
192,99,fit,1.1393387181122936,1.946635770651699,16,16,0,13.529699872504215,0.48196766187766366,64,34,0.25487059354782104,0.09284915758108583,0.14188689,0.1953877322148323,1.817126016839759,8.738340335490795,0.23689043353929862,2.260404900184147,58.20100032037003
193,99,fit,0.9552128245906221,5.165544864206341,13,13,0,1.9970353132190344,0.08105934193708116,68,65,0.24632126092910767,0.20837164651804602,0.28457835,0.3686985639845881,0.8020958237300284,4.591101809440549,0.049059283410727066,0.46812293330846433,14.948797647320623
194,252,fit,1.2197176095156645,4.97229820446607,15,16,1,9.549698146408002,0.2026316998928263,71,68,0.3182612955570221,0.24809289929643774,0.0682302,0.049152740615842495,1.4602292532249042,7.708256866823272,0.28338333056340076,2.704039413772908,49.88778721243203
195,105,fit,1.091021592258013,3.252020665025737,16,16,0,1.193548798184539,0.21307094367665091,71,79,0.27967673540115356,0.3048382429769459,0.27260426,0.3437410429195443,0.3003462831180853,3.6580249691245017,0.05186588346980232,0.49490346822330455,12.453754507192517
196,98,fit,1.0904729351549285,3.4709433830779015,15,15,0,5.8729487869496415,0.12139635751563121,64,83,0.2347327172756195,0.40450440862494635,0.17433783,0.2910637627355734,2.391602439655038,7.141690780308984,0.1965484055216976,1.875461884749023,49.38533366297032
197,103,fit,1.194230047780074,2.7098442890353907,15,15,0,3.518044834665618,0.08781196833756412,69,61,0.2980301082134247,0.2445518470470179,0.0,0.0,0.7267345800849158,4.409673249569884,0.09487928681737706,0.9053367062726818,20.402195870437954
198,111,fit,1.0936271766315147,3.9759147649750983,19,19,0,0.9905399386471659,0.22846030371708312,74,63,0.29238370060920715,0.2209690911918673,0.3333091,0.36019399547664777,0.7029122760459785,1.0062501019085721,0.012178314834928422,0.11620529422641623,2.934026719688318
199,104,fit,1.2679676682091785,0.5826115930701105,14,14,0,10.309211516569166,0.16711033686951648,71,32,0.3235095739364624,0.10563622024814893,0.17574117,0.11403109119782645,2.2863591906087253,8.653814397106473,0.25462118914878634,2.42959149951132,56.42599514370122
200,106,fit,1.3099009818481737,2.284926319294527,13,13,0,9.868956563359433,0.1979662496977296,74,93,0.34523436427116394,0.2561503611700493,0.0,0.0,3.1302904040293362,9.237969044953742,0.318899101524311,3.0429303580564024,67.38848386432892
201,116,fit,1.3238570908481146,1.8019070988722965,11,11,0,0.8905283393032591,0.06586206036551627,86,65,0.38088396191596985,0.26536341024841503,0.35193065,0.3455751091856952,1.1484770671916655,2.866897706732905,0.04155302810505206,0.3964983597810311,9.638851990506682
202,94,fit,1.209336450559495,1.4937700268506657,11,11,0,0.46159937545890667,0.10775204691963512,65,73,0.2740646004676819,0.28526469049780806,0.32892516,0.22678125283079412,0.24151766814843423,3.3330051167108468,0.03356726651310075,0.320298344590656,8.84507359879216
203,100,fit,1.0416048074835567,3.261345640630486,17,17,0,6.873213643204026,0.5261163812164857,64,83,0.24509692192077637,0.2671222307417556,0.0,0.0,1.3659450626075167,6.344058909373368,0.12835841811749835,1.2247940660066636,36.4731091819466
204,103,fit,1.1657081037774475,4.891119703691085,13,13,0,1.915164006194468,0.1307755561618726,72,60,0.3229808509349823,0.2439545647242515,0.025175802,0.0,0.8730847092587507,3.4213697538226477,0.0697892167276459,0.6659276405309723,16.049568336489532
205,102,fit,1.2259417097531506,5.403869603650537,11,11,0,0.6085627354042061,0.17540056674943558,73,75,0.3251756429672241,0.3326751874653507,0.10391572,0.14592525362194203,0.10061152462824173,1.5599749434365964,0.02328711745187214,0.22220531919725323,4.963442099819525
206,99,fit,1.06097662136891,3.9576371128691648,16,16,0,3.228110134381904,0.19002228743532834,64,63,0.2399580180644989,0.2187066404386091,0.18346141,0.3080805888301867,0.5133948680059013,4.546793037712157,0.05958219817071553,0.5685324252930871,16.524835109736664
207,130,fit,1.1627444196038557,5.803530092335752,18,18,0,1.1641619933904412,0.11802456978165822,92,103,0.4172508716583252,0.513240152386754,0.0,0.0,1.0132861165740545,3.2429797035407333,0.06037257866371694,0.5760742238904287,9.5702872473058
208,112,fit,1.1594987638146863,4.997572283707141,23,23,0,0.6634039773010119,0.6376487386015768,71,60,0.29620644450187683,0.2233580486239822,0.26871708,0.3042562853691457,0.8784004524776077,0.22219095842733724,0.002105355293917,0.020089268071727097,0.4671482973005812
209,121,fit,1.2463781278069366,5.928706534933875,15,15,0,2.449634612395291,0.2590689129393052,87,69,0.40518394112586975,0.30603623847940176,0.096237056,0.0827610255459936,1.0493463424751732,3.4222040557302518,0.07018137154682615,0.6696695758284937,13.478501555316019
210,108,fit,1.2144830247475107,5.583280559039857,14,14,0,0.2561926421720551,0.18887088004533734,76,75,0.3446498513221741,0.3278510412004724,0.25850308,0.1859653764416445,0.5711393216510353,0.29176168232946703,0.0009087952290342481,0.008671710200708473,0.19245012884274842
211,90,fit,1.1318116975501673,3.1335507249757253,13,13,0,3.7187795100725967,0.1075166399112495,58,48,0.22323566675186157,0.15645416318805835,0.15604343,0.17572212376083318,0.9552483380924727,5.666945413399854,0.08105249910552786,0.7734017090222124,23.343256171387747
212,95,fit,1.125363369856699,3.1920522373806373,16,16,0,5.3556558189849826,0.04710692746655978,61,68,0.23175737261772156,0.22915421733877378,0.0,0.0,0.9066016219915263,5.890368963116579,0.08661960859347406,0.8265229827621571,22.291605529209665
213,101,fit,1.1666218810106053,3.8193203076144413,13,13,0,2.6722998904587385,0.18657996016606682,69,57,0.2855755686759949,0.22617614031296962,0.106949806,0.1259165298736179,0.6232078354553569,4.347740329852381,0.0974490548207643,0.9298573933279035,22.070011651103663
214,95,fit,1.145289414015321,2.559154666967625,12,12,0,2.0872543359903655,0.1718010900670478,64,83,0.2495238035917282,0.3453260167654083,0.11870639,0.18820864772830254,1.16626238090546,5.696342191076189,0.11472836994602079,1.0947363544467632,31.47185696595065
215,104,fit,1.1105964955088485,4.236763548369196,13,13,0,0.3348331947402933,0.13665217918845135,72,71,0.2470652312040329,0.27138922366552637,0.25678036,0.3854715962415685,0.695827092211566,2.394110309760059,0.016744009170763057,0.1597710798736933,4.334917673952376
216,95,fit,1.0620311998572887,2.988456056851788,16,16,0,1.11080255604996,0.37242993338915026,61,55,0.22493329644203186,0.1913974703439721,0.22834617,0.1656213552779785,0.33371252135850904,1.586888226274613,0.019184009256256317,0.18305352343756026,5.311130455624525
217,93,fit,1.1008460155893602,3.5037265394990507,15,15,0,4.48818925329869,0.21160231808066668,60,78,0.24192605912685394,0.426038248555748,0.035295084,0.0,1.8908805338984276,6.838217247152816,0.16834638844221117,1.6063586683417095,41.407195820312914
218,91,fit,1.177270346297411,3.121466000935031,12,13,1,1.071896335281749,0.09908468161629504,61,78,0.2414971888065338,0.33655545716695,0.0,0.0,0.9925913850330026,4.692501517947865,0.07744281152914655,0.7389581252781159,19.822863870333485
219,100,fit,1.1222000899856506,2.0409294014025736,15,15,0,2.336947565227661,0.10129235601847619,67,85,0.29056355357170105,0.397678655088683,0.42578095,0.39960181746994367,1.0506286654107,5.2240798652149465,0.112744556568993,1.0758068374903913,26.107852832826648
220,93,fit,1.0933176126902615,2.7210017499516477,12,12,0,2.6462146917352927,0.10209689739896566,62,41,0.24286718666553497,0.14141171165081257,0.1436094,0.2520709396835572,0.9986139952293545,4.822363032185629,0.0900531382952825,0.8592856707565123,25.91274817266281
221,102,fit,1.2227101336699113,4.538708354278068,12,12,0,1.7198703638265675,0.0926001386035282,72,90,0.32213979959487915,0.41245002958729343,0.3002646,0.1743837897730135,1.0478561977280745,5.171591933338948,0.10415597683531792,0.9938547407950183,23.32486248686665
222,102,fit,1.226633681614098,3.2145434012325085,14,15,1,8.480111328486668,0.1289282260922304,71,87,0.3143424093723297,0.4505478693885508,0.17234844,0.2109127662919973,2.7338576517557436,8.678465049132791,0.28968085127317816,2.7641302602402495,66.50467481584083
223,117,fit,1.2614225138876964,5.489413875488094,9,9,0,0.2783620055431584,0.10671352219486578,90,85,0.43712860345840454,0.39910485698631487,0.0,0.0,0.366073867920241,0.14031694013276602,0.0005051326637791509,0.004819968165831592,0.101028076135701
224,101,fit,1.2945631862165428,2.8220780574303013,9,9,0,0.8100205553100414,0.0777873104442074,74,64,0.3328515291213989,0.27141585800615775,0.050629757,0.03243991150635082,0.647397453303976,3.208741927622297,0.064480980418789,0.6152765307136354,15.004777352626974
225,106,fit,1.280212031537055,4.542686626175795,7,7,0,0.24684656616426384,0.0655015767782691,80,70,0.3694470226764679,0.3036284243345496,0.29077226,0.4082163516584776,0.6315489380848985,1.819590439103669,0.02799330620131193,0.2671117003941978,6.775182311346121
226,104,fit,1.1095533999718181,4.7745239877372745,14,14,0,1.7705526679083623,0.21828883556615555,70,65,0.2696857452392578,0.22736405030073797,0.28918058,0.4110937184822606,0.42875750373605603,2.9084715299090296,0.042601482842577865,0.40650269887955975,10.4035375958649
227,229,fit,1.3640888375744835,5.364997816756001,13,13,0,0.7510380322145258,0.2983457811387195,80,89,0.39907941222190857,0.43460070652315724,0.13631599,0.29512948083563534,0.34436107079337497,1.7928702786268196,0.012477836675163743,0.11906332705308915,2.192240254039268
228,92,fit,1.031764279394977,2.960055900543958,16,16,0,3.4220542539352876,0.10681905397097598,57,76,0.20548798143863678,0.30068964429176404,0.0,0.0,0.9452901710620836,5.727039468290761,0.12675822825368083,1.2095250787564964,40.19853640640895
229,80,fit,0.9763727206771922,4.7884062466674555,11,11,0,7.2742398290555,0.04990001857662496,51,69,0.18091268837451935,0.1876867677499502,0.06668802,0.0,2.060306930840432,9.924799218343118,0.20452751478178158,1.9515984234902821,77.67074620797226
230,94,fit,1.0785379433153721,5.886020739491539,10,10,0,0.668551761852143,0.07269926719123462,66,72,0.26599055528640747,0.27598240914436706,0.099673264,0.14608137915804825,0.3264291058927199,3.532112370261769,0.034512398746858686,0.3293167819356745,9.684181967044038
231,98,fit,1.051455328174501,0.8712035722099537,16,16,0,9.407053874647945,0.10826224170416414,64,82,0.2644634246826172,0.5854078996114873,0.13993295,0.0982760608584171,3.4064665933811837,8.543531579601755,0.3025426561787832,2.886857406286099,64.72433860740726
232,96,fit,1.0949621021466622,1.5703455104074835,12,13,1,1.1831286924190563,0.053114262224423926,65,52,0.2606286108493805,0.18942563168993606,0.20880735,0.2999426316622572,0.633394153632391,2.8069482960477297,0.04847245120382938,0.4625233893495169,13.443692774281661
233,89,fit,1.079841563808083,2.6329389455984993,15,15,0,0.9026852112891574,0.09152673584620469,56,74,0.20747250318527222,0.27178014761073277,0.025344279,0.0,0.6687800179786061,3.693749290136078,0.04449547690892155,0.42457516134467127,12.333850218060904
234,121,fit,1.1157204502488045,1.065910339673621,22,22,0,5.715159101666671,0.2430868805779562,81,99,0.3341906666755676,0.457454523292873,0.26822487,0.13679671678473898,1.465277744041331,4.755162481200261,0.10834834188645766,1.0338582241074203,18.35691300325573
235,97,fit,1.05707011386547,1.895475292715498,22,22,0,0.4156083953829778,0.18414841511940053,58,61,0.22573190927505493,0.22026142389077932,0.28427437,0.2529587301268265,0.22457552739521747,0.07459119073647742,0.0006362534011805387,0.006071120240272315,0.15195951555048318
236,110,fit,1.3284448922582082,6.29206708580908,16,16,0,1.7922594772226905,0.08531502516660648,76,83,0.37538862228393555,0.39759813121301024,0.0,0.0,0.2073293921586274,2.897656750755225,0.04651259941126441,0.44382251346626345,7.693319673377219
237,110,fit,1.2744908502855543,2.983157535838846,10,10,0,1.0265106518953317,0.07822859197562922,80,83,0.3249923586845398,0.3250095494280203,1.6913404e-05,0.006782519989706538,0.46941925988026584,4.802415084999322,0.08396909336336278,0.8012318069023165,22.158567304232903
238,95,fit,1.0625805395831966,3.0368144282313265,15,15,0,0.9612402772984477,0.10969790454733411,61,63,0.22213628888130188,0.22365741288948218,0.15761715,0.042080702913969814,0.2621819238497574,3.32140226972512,0.029276026351551722,0.27935139648427215,8.511815721215775
239,99,fit,1.2057754153945939,3.0958755277535945,11,12,1,1.4103425224520214,0.1338829753733183,71,87,0.30119502544403076,0.4221891596517658,0.24482854,0.34014429938819274,1.2556164055438357,5.733989273055899,0.13044462255877692,1.2447005969348943,30.930017261689216
240,117,fit,1.098965288714682,5.282351902852772,15,15,0,0.310697381524462,0.1758454388863022,85,79,0.3643563389778137,0.3481403489578067,0.067506045,0.0,0.23938399920086972,0.18993092985210738,0.0015353181513821834,0.014649982360517016,0.3101346043943113
241,111,fit,1.3083855843548833,4.882052517549414,8,8,0,2.5581838752448034,0.058119599381388234,85,103,0.40745049715042114,0.8708482508006768,0.052620582,0.0,4.98850798839458,9.731091557218031,0.49732531703585897,4.745470582403234,94.25054608156547
242,104,fit,1.1720334722153747,4.944114399346208,8,8,0,0.14603172697224065,0.0630981597445591,77,82,0.3546043932437897,0.37215516682901045,0.13111204,0.09963354377203505,0.25977826295350065,2.2266000744697445,0.015649259903467827,0.14932499907889146,3.452459372053271
243,106,fit,1.218287721143387,3.414487806939403,9,9,0,2.1965167930930813,0.10156572950456601,78,97,0.34907066822052,0.6418161119186345,0.26107138,0.2730286185291901,2.866317528348741,8.203047296482733,0.333394874114777,3.1812487988051235,78.16438390847104
244,98,fallback,1.2229487895965576,3.96602470663486,4,4,0,0.7921540682063606,0.10824797370312877,76,94,0.35278546810150146,0.38961165975728734,0.13203108,0.13504636028445785,1.5546835801239713,6.490938917263513,0.1327426091162928,1.2666279495829464,33.07026118592142
245,99,fit,1.0414173244527303,4.347158355898526,13,13,0,1.7244896660923719,0.3562048582896428,68,67,0.2821715176105499,0.27239827686231977,0.20848034,0.21950737554662242,0.30086620632273964,3.3791357020986226,0.05275939134901403,0.503429306765401,12.362571031063737
246,105,fit,1.2132267687631992,6.245511743541553,12,13,1,0.47482966839484636,0.3081700600714166,74,83,0.3333014249801636,0.3857448295183905,0.16617413,0.05158489597901535,0.64170670559965,0.17182650855614567,0.0015461421194089165,0.014753264498176684,0.29862644535858257
247,102,fit,1.1364938839544596,3.8753610749527834,15,15,0,3.0184985381626266,0.12460409036803693,69,55,0.2782750427722931,0.21038468419975526,0.22430305,0.3221941618449335,0.7558821776978497,3.73074334017916,0.0825726495163269,0.7879069610336535,19.068080964025622
248,109,fit,1.087948359325499,4.230657852495705,12,12,0,1.5596893544554453,0.12043379982003559,78,62,0.2878689765930176,0.22831401327318107,0.24327493,0.336051836056153,0.8062772379442225,3.764521042525255,0.04437464102361192,0.42342214717186943,11.782810542567054
249,105,fit,1.183098061066465,3.8422552340968017,18,18,0,5.822736187469813,0.25484243520324623,68,62,0.28331780433654785,0.22565208795006095,0.2264751,0.2532354523773605,0.9662448595144844,5.255414412443727,0.08103340860066967,0.7732195477163136,18.651033043026683
250,99,fit,1.1210834097987243,4.190351084542188,15,15,0,7.218238146799106,0.1620082084312598,66,64,0.2711530327796936,0.20454280865057614,0.21732438,0.2286519255072818,1.4740663794989228,6.853645640444353,0.13579027182214448,1.2957087005929817,34.70822870246428
251,96,fit,1.0645467475596013,2.0931407505530086,19,19,0,22.209819450228913,0.1735990127852898,59,77,0.22015881538391113,0.20871225477360528,0.18611924,0.2588375629286799,2.91689274802268,9.566956569914773,0.2883215740968385,2.7511600581759397,78.88562346445585
252,98,fit,1.0887973109346514,3.6472649982096796,19,19,0,3.384874577317403,0.3105225267471316,61,56,0.2337910681962967,0.20536034228946667,0.2602995,0.264290946059881,0.3555112998906087,3.6053870400626677,0.052377166496765735,0.4997821230607417,12.410850736282608
253,92,fit,1.00013082712708,3.7238108225026463,20,20,0,11.95670820756952,1.0808560767083553,54,72,0.18719102442264557,0.4308638790847861,0.0,0.0864156345513296,2.521892218087021,8.156619495375322,0.2624127596794688,2.5039385465598167,73.2238004393053
254,108,fit,1.1121410100663012,5.229093006385376,12,13,1,5.69505134013344,0.3003421917445017,77,95,0.2804824113845825,0.6219844846322972,0.33560112,0.4167782717461355,3.8339211346881856,9.127225130074335,0.41579842438498227,3.967542217413953,110.58895154132091
255,108,fit,1.1374189068275729,2.955185479144227,14,14,0,4.782149746620151,0.08115393928205267,75,94,0.3291897177696228,0.39251618964442625,0.3924906,0.4206062983915345,2.1022061558801495,6.612354828855282,0.1672407288980312,1.5958084818514429,36.68950407638234
256,103,fit,1.1748792882846117,2.1385383744514703,13,13,0,3.4900857710841735,0.0568342503374827,71,58,0.3065311014652252,0.22231798005272851,0.3941138,0.428049512744945,1.12736832723812,5.256546612695301,0.10683241045659819,1.0193932295476926,24.772806514475377
257,118,fit,1.2216922765865528,2.390758193813245,14,14,0,0.16923826240749937,0.1544777259818648,85,85,0.39733177423477173,0.40180582844483836,0.45298764,0.2699311926014103,0.10705111057859971,0.5261217761606376,0.004031115013613237,0.03846483791615684,0.7420744491555472
258,99,fit,1.117409525826972,3.883123777494103,14,14,0,2.301201059504922,0.03879732367851271,67,72,0.27425262331962585,0.2702465724695472,0.15475067,0.15183835350947908,0.5435845369167126,4.484805346388269,0.059611799661679926,0.5688148822679382,15.291928486550235
259,100,fit,1.2264212006876034,2.8269557337980897,21,22,1,17.2936291192769,0.11882190072887942,61,35,0.2512989938259125,0.10716093801426337,0.22836798,0.14501172094571316,1.5481327926330992,7.085953556946245,0.17977459457714182,1.7154064368047883,37.776074153464805
260,100,fit,1.1042388310702234,3.6765292407555727,18,18,0,1.1254695168486064,0.14067364982907238,63,76,0.2393438220024109,0.2897047765721491,0.08762134,0.07358822735981038,0.5009850768575227,3.4767607244133316,0.047369333382616646,0.4519974559409985,11.491639646687283
261,96,fit,1.1957185421440433,7.7627236647683,7,7,0,0.3629657817567537,0.03928241817309327,70,89,0.3184596598148346,0.451055752157809,0.0,0.0,1.2786604394863006,4.706224181334568,0.0850600986346256,0.8116421625441373,19.58725759664364
262,105,fit,1.1578678771468478,1.9753333948615834,20,20,0,10.553889988911845,0.2710706010831937,65,35,0.26920679211616516,0.1170839458762122,0.19463982,0.0,1.5861316781422563,5.725902153438085,0.13759911034087713,1.3129686101228732,32.21139845839733
263,93,fit,1.0988111860744738,3.2352182934621236,13,13,0,0.9748236412159277,0.114035948991133,61,55,0.24220162630081177,0.20291069744177112,0.09493512,0.0,0.39652064667643705,2.118279228766459,0.030858808221368893,0.29445427692145887,8.762488970540783
264,99,fit,1.1409495975657902,3.595707098319759,17,17,0,13.993928386028568,2.334607963271969,63,82,0.24765437841415405,0.19120937831009346,0.2810692,0.3184733946554065,2.0462607087628317,8.465952564108433,0.2139215942844037,2.041236586683241,51.68920843830086
265,107,fit,1.0978573701833896,3.8667599730298723,19,19,0,1.025820132601657,1.7391153961691281,69,74,0.28197625279426575,0.3118494718464469,0.25866187,0.3112075084185368,0.2912948512664389,2.0765353858330005,0.01668927845469205,0.1592488402165272,3.4085931513218646
266,94,fit,1.0509383241600005,2.473698865638387,21,21,0,1.3895786300781945,0.1722756354960397,54,59,0.1864212304353714,0.19449860554470222,0.1909602,0.20854882667188163,0.12360126732182063,3.3376020755809357,0.03790429590007041,0.3616822127869314,10.390591194938585
267,102,fit,1.024002971272639,5.198547777094324,17,18,1,11.68460915814631,0.16531006846678542,66,84,0.26522377133369446,0.6934774611783318,0.1165636,0.14771037994953712,4.425556126328044,9.367821889541153,0.41841580910376924,3.992517262440546,90.75187301406159
268,115,fit,1.205748607323682,3.812891175799029,19,19,0,12.091998732047825,0.31944404033917617,77,96,0.34945517778396606,0.48143288286180475,0.0,0.07635686577796827,2.512138421860296,7.540016277602561,0.265970398031731,2.537885477402013,51.80230888042112
269,87,fit,1.0186649293996983,4.513107834314025,11,11,0,2.1761052815604396,0.047164586389380495,58,76,0.22218583524227142,0.4074650435664412,0.09696489,0.11902204218101614,1.8258931266052132,6.724499056910485,0.15479485434788032,1.4770501369072548,43.85020919890972
270,100,fit,1.1461822663374797,4.292019112722961,13,13,0,4.351725275953811,0.1256724757144475,68,87,0.2912440896034241,0.6058665721159135,0.24378178,0.20609497011673159,3.055509489354769,7.9778411370649485,0.29703392128151507,2.8342931419991895,68.577166774975
271,99,fit,1.1255318593017833,3.5210948815579566,17,17,0,0.3880541673408532,0.2079570052528795,64,66,0.2570880651473999,0.25552590047729506,0.093125805,0.07901958557414238,0.11369929313293621,0.28012419379826936,0.0031028005144458333,0.02960687513784192,0.7357757625012743
272,97,fit,1.0848175591986786,4.21331823549568,13,13,0,0.2729651197895679,0.09230987976766566,66,74,0.2661345899105072,0.3005987166627187,0.053812727,0.0,0.3496581258142164,2.218484441830484,0.01573194684710687,0.15011399663269914,3.891736418362865
273,113,fit,1.2671654792045017,3.316207875302928,16,16,0,16.447407303146445,0.13621067887413338,79,97,0.3478195369243622,0.2924753646417738,0.17903009,0.334871156946078,3.794964946493137,9.625861208483112,0.3973022466079508,3.7910519714499125,78.86116074841763
274,83,fit,1.0397093035394183,2.223011914999467,11,11,0,2.826590967768485,0.0782295859999451,54,72,0.18737047910690308,0.3714237146109645,0.0,0.0,1.793914911547576,7.590616468930777,0.19400665017714042,1.8512084940566833,69.2852143464254
275,101,fit,1.1921171559288726,2.8182492376808495,18,18,0,9.602301709638171,0.22746809344498214,64,83,0.2634686231613159,0.575019941405018,0.034662154,0.05892262261554436,3.088841382064521,8.33482921990938,0.3350973008447703,3.197493328671472,77.56714487512667
276,98,fit,1.1551868413637447,1.5014728767022607,19,19,0,9.688914870696918,0.3972187716529806,60,79,0.23588956892490387,0.5039047806302348,0.0,0.0,2.659817120220176,7.948869424390762,0.29060944607318157,2.772990897644862,70.54795228373429
277,96,fit,1.0763213032489465,3.20301732185088,18,19,1,1.0679504738254544,0.27489526872394515,59,70,0.22139966487884521,0.26035310215901364,0.0,0.0,0.46989272880482036,3.231435365379422,0.03460484314384171,0.3301988849603217,8.592591634982533
278,90,fit,1.0216625529460548,3.3754229123713815,18,18,0,13.195558426709487,0.2977903091806941,54,27,0.19456236064434052,0.07799635965875171,0.0,0.0,1.331354489157232,7.447282039863704,0.15471132965491893,1.4762531455622034,41.30587715500006
279,99,fit,1.1706936395121144,5.5492426434437645,13,13,0,5.71611921577266,0.18496551852430124,67,86,0.2829291820526123,0.579435993178444,0.27429327,0.31432341343516956,3.0333492172705427,8.803321201530952,0.3510755962928532,3.349957979893637,92.56584653610304
280,105,fit,1.0793116501271318,4.72098767931059,19,19,0,1.4899791821892994,0.28184963758159987,67,70,0.27291274070739746,0.26326635950583377,0.35435316,0.35456493682870177,0.4484880636653189,3.2296662083487218,0.030867773822692443,0.2945398265524088,7.202727092243349
281,107,fit,1.2405740836212678,4.302060130208068,13,13,0,0.6254171124382453,0.2194721610793706,75,79,0.3502195477485657,0.3523574447639695,0.15850762,0.2001967985729746,0.043002260082347345,2.3523969504376763,0.022685862488953122,0.21646815352054505,4.598968259403252
282,101,fit,1.310989471922511,5.310944229309882,9,9,0,3.1057774880190734,0.05776920877915837,74,92,0.34765294194221497,0.7750932939591992,0.1597175,0.1278072716131284,4.253906275174741,9.665496026394253,0.44116297196012855,4.209570343130998,97.24364130083109
283,95,fit,1.0881721820786263,3.7455614925583607,16,16,0,0.2320103644358116,0.13243948910456912,60,61,0.22550925612449646,0.2231239944105322,0.18124223,0.043184550268244706,0.09915907100346066,0.31892122656867866,0.0010048684225146276,0.009588439146131942,0.26436001493777267
284,104,fit,1.2117998051069117,4.198777396653809,13,13,0,0.6206345491121598,0.2127074593244943,73,78,0.3081416189670563,0.3156833975532582,0.23772459,0.3994718851915678,0.08222796915515503,3.2622238509264987,0.03553561473560195,0.33908029327864453,8.385066757829218
285,99,fit,1.1892605706989785,4.281480983788827,11,12,1,1.394571946664215,0.08376387299511606,69,87,0.30102500319480896,0.3475976450647535,0.2544179,0.33991451258783384,0.7051626108993424,4.869672226031804,0.07940281112973313,0.757660411543255,19.60258301926322
286,100,fit,1.168315374170438,3.616328004829499,12,12,0,0.41411444511767415,0.08036250945192862,70,70,0.3109586834907532,0.27082820546063646,0.26016355,0.35820123161120687,0.39470430437351955,1.028424219508904,0.01298192394447102,0.12387332008083034,3.2035268854485444
287,108,fit,1.2697934772748167,5.175752076163286,15,15,0,0.24807168103096272,0.19014158701718817,75,81,0.35539865493774414,0.3729051395065154,0.2159078,0.0839564498827246,0.16654094639690514,1.1772658159993579,0.0058931772443881125,0.0562326072937797,1.1205925386765936
288,97,fit,1.119522605195966,2.7174558393728145,17,17,0,6.200347910506364,0.31361930126860893,61,44,0.23316437005996704,0.1516524803112358,0.14423591,0.23700942797486768,0.8828527315637889,5.285246435788934,0.09904450382897553,0.945081143406255,24.705047936512706
289,95,fit,1.02396381325758,4.264418082011158,16,16,0,9.495341877772155,0.19124285213848682,61,79,0.22440464794635773,0.23100347709525756,0.2472974,0.1923679583907298,1.8535187412918304,7.553920712434682,0.16619937950528263,1.5858719418443,47.683091188399715
290,94,fit,1.1330758046589804,4.147672983379822,14,14,0,6.581587682084273,0.05502550953139452,61,37,0.2331024408340454,0.11179835175194167,0.14318961,0.1995602862397033,1.2492721978867303,6.6749812531094035,0.15033178758161347,1.4344636219619606,39.03346768442518
291,97,fit,1.1495508711475935,3.2131929907723733,16,16,0,5.845183729921379,0.15445576583865359,64,81,0.2621430456638336,0.48317416656631695,0.01649324,0.16079112184686692,2.2606644992961167,7.3702401821777475,0.23622796078902378,2.2540835953151124,57.366180668377616
292,104,fit,1.1753514396157365,3.4977704644517225,14,15,1,10.09538358734789,0.3822354120631624,71,89,0.3048411011695862,0.5018298127564602,0.0,0.09815843721229724,3.411731389788002,9.477618505989927,0.3622255603600718,3.456350766794578,86.70831538292497
293,105,fit,1.2151303985234854,1.5177860740238303,17,17,0,1.278501313672511,0.3288261118587919,69,64,0.2963528335094452,0.25534611081356856,0.15008464,0.1929369879836908,0.40424452085904844,1.6246381969935897,0.025397809568997634,0.24234551115455757,5.634288919884228
294,93,fit,1.155375874783516,3.1465356889319276,15,15,0,5.940668724936643,0.06856975419046224,60,39,0.2311110496520996,0.13014200025022607,0.17738265,0.12175115073949777,1.0450455838841626,5.697780387348529,0.11674479915831129,1.1139770912052605,30.089505641974316
295,103,fit,1.239709791843832,3.3712837902381825,11,11,0,4.316851606572705,0.09432898782540297,73,92,0.32276350259780884,0.7690369915602953,0.23594943,0.35378023706252115,4.313090727646063,9.361876536149527,0.4354032402732377,4.154611071309519,96.50063412586515
296,108,fit,1.2183647130946518,2.9200474408752313,16,16,0,8.169598368666227,0.22449115139405446,73,92,0.32111042737960815,0.6919475767241318,0.06900642,0.0,3.649856052641158,8.687087322548921,0.41485540244969504,3.9585439165047234,92.42894591622476
297,107,fit,1.252310087900125,5.455611953339058,14,15,1,7.116240268520022,0.19365445017079344,74,92,0.33478814363479614,0.47587982442550303,0.0,0.0521057661826678,2.5024266931492125,7.953839972017566,0.26852033434701783,2.5622169307921547,48.69878933455002
298,107,fit,1.2491117090062875,4.292705666710435,19,19,0,17.90653473973965,0.13998113837244308,69,88,0.3034132719039917,0.36189440041584936,0.21062554,0.35774899041304026,3.2726688063885248,8.84155970195309,0.3319832958823463,3.167779540862083,68.73683829682483
299,93,fit,1.0422393298951766,2.9953126569977204,18,18,0,8.312762082241557,1.2684721045403011,57,35,0.2119848132133484,0.10224655808322915,0.11960542,0.17643448475403295,1.1737389002687884,5.891486298453556,0.0873397222585784,0.8333942963604809,25.861295494233538
300,88,fit,1.043392419230843,4.127054739743269,14,14,0,2.3088427376177703,0.067131440803315,55,74,0.2009834349155426,0.2945066179538435,0.17012201,0.16176650448880064,0.921332848791184,5.450387829320986,0.10184079777762071,0.9717633375727167,31.85852102271674
301,91,fit,0.9987547313844108,3.557729466717336,21,21,0,11.12862372354852,0.4916284621229372,51,28,0.18195031583309174,0.07815879719850172,0.14017135,0.0,1.1465772116070818,5.727704232213597,0.10040358241980411,0.9580494505706499,29.015261691077033
302,102,fit,1.0653586783184332,4.553693840677142,17,17,0,1.7441263986151139,0.6745769968098925,66,55,0.256610631942749,0.1953829789205204,0.26855493,0.3449886518374566,0.6130175284192811,2.3008759998260286,0.026295591885070774,0.25091213630792725,6.967282749678499
303,94,fit,1.037469010157219,4.366763338921451,17,17,0,1.2572175522601428,0.06152966287732408,58,51,0.21669545769691467,0.16864444674106768,0.24038209,0.29012681914076677,0.47154019522616836,1.8648376457026015,0.01905362288280675,0.18180937865273616,5.518870258100763
304,95,fit,1.0290929936489845,4.1566120389922965,18,18,0,3.8703245932008987,0.10843443289783065,59,57,0.22203953564167023,0.19631831191160387,0.1281943,0.0,0.5302705742178969,4.146195604118513,0.04875551690717748,0.46522439796925075,13.310690144141548
305,102,fit,1.091969503520087,5.244521548500298,17,17,0,10.07983769964245,0.2592468256423091,66,42,0.261505126953125,0.139645926664593,0.21539335,0.21713960899113846,1.4113980125117767,6.744518352512093,0.18516764929310275,1.7668668825677742,40.12540994829714
306,88,fit,1.082264251509059,5.235075128401485,8,8,0,0.21620330847226982,0.14666353392276413,62,73,0.24810285866260529,0.27804116315262234,0.19414267,0.30308109949999035,0.2998268061846609,2.34278468375586,0.012278800423784935,0.11716412618115396,3.415272081876814
307,101,fit,1.002117490586284,4.830066465280499,16,16,0,1.3669490610512753,0.1441097896427032,66,72,0.2555769681930542,0.2600534220717049,0.17647113,0.19458860541876444,0.864231079171287,2.8462278931416987,0.053055727209074546,0.5062569390178868,13.778865809350314
308,102,fit,1.058051869313687,4.446665887272967,17,17,0,1.8044309695566485,0.2349490916464709,66,77,0.24894015491008759,0.27404106782636234,0.25708938,0.3398715650740099,0.6018445768766889,4.229303044641552,0.06896694956481858,0.6580815798169711,18.62890901320533
309,102,fit,1.0759412114093259,4.800689097071236,20,20,0,13.320366366226825,0.4134905407014837,65,82,0.2723948657512665,0.5079776375994625,0.25079194,0.28066307160908355,2.631194774446609,8.439404145672793,0.31023908890402685,2.9602966498475842,77.97064814077845
310,100,fit,0.903992473413318,4.652243916157492,19,19,0,3.721978437681198,6.57623153372159,62,41,0.196242555975914,0.11703192537426028,0.2642019,0.20378159413234187,0.7926674824974593,2.2793767232381787,0.020907948994942263,0.1995033301044109,7.080654644895539
311,94,fit,1.0217966601618056,2.2637130200861915,19,19,0,1.2104882592974173,0.3505672296984508,57,49,0.20672330260276794,0.1542922280247977,0.23454867,0.19872339525782143,0.5024060765882497,2.2198445621298015,0.010205135089919357,0.09737724322442134,3.0819373158001624
312,101,fit,1.1492454645021897,3.5730299434791433,16,16,0,1.0767801186636494,0.08049756439355656,66,59,0.26287829875946045,0.22117758109863575,0.019599074,0.0,0.40985511140078384,1.5786488683355555,0.022368903873346415,0.21344373924948867,5.6314269127121435
313,98,fit,1.1200152603567277,3.3078959528020215,14,14,0,2.671853216185217,0.1933527071122846,66,78,0.2646794021129608,0.2806921314637018,0.19166712,0.27336458244596146,1.1506218688908258,5.149751093811158,0.08433362044693049,0.8047101187684207,22.05402490893209
314,91,fit,1.1705469329024165,3.8363973856444322,12,12,0,5.465885050127507,0.24237475541033826,62,36,0.25395798683166504,0.12278464403554815,0.15321542,0.07993787131441846,1.329392334636568,7.303120430479525,0.1479860885613653,1.4120809977229514,39.249296015216174
315,107,fit,1.2548655967722981,2.9098808426669005,15,15,0,1.6164558581857889,0.3749695252467029,74,92,0.3280739188194275,0.41900367795782945,0.05913843,0.0,0.8901215072123725,4.660677205260075,0.10256175804166154,0.9786427294051673,21.848009168731135
316,122,fit,1.0920925628128275,0.9867814243923817,12,12,0,3.439773838944679,0.08357172482688804,92,110,0.3521274924278259,0.680321600246996,0.4128907,0.08734459075467564,3.28738554787881,7.372445386259182,0.32389232210428404,3.09057559259813,66.55353358112217
317,101,fit,1.189731288957088,3.6256356569642736,18,18,0,0.9368096921699892,0.28279588344992096,64,74,0.26658129692077637,0.3016884899011704,0.080781214,0.0,0.443272436601331,2.8553730359656715,0.02617195100871486,0.24973235695338608,5.760988982198105
318,98,fit,1.1481315271156343,2.794234363006986,16,16,0,0.4646305985942465,0.30589143156788745,63,57,0.25777050852775574,0.20473747438115447,0.0,0.0,0.512878739553072,1.6631693029614683,0.006521228841898343,0.06222546604864831,1.7737719842287916
319,238,fit,1.2664203233749514,4.855421793407802,14,14,0,0.7064051084734085,0.08706190364160987,79,84,0.36815953254699707,0.391737546826033,0.28364143,0.2801064519201979,0.45268400329345226,2.1728417810466114,0.0225814316276663,0.21547167583651047,4.136947072920421
320,108,fit,1.2140042384165344,5.735481249496186,12,12,0,2.598073176153012,0.1358869943909428,78,96,0.363707959651947,0.6413506830539797,0.0,0.0,2.7015183959068074,6.572463699284608,0.213976006433775,2.0417557865818226,38.62696377047616
321,96,fit,1.0703906936018568,1.2970005763091657,16,16,0,1.2289612154022436,0.16957984643374083,62,80,0.25158628821372986,0.4002218307523538,0.0,0.0,1.428907735915355,3.783964284269088,0.046494641055005476,0.4436511551050141,9.364649909123719
322,104,fit,1.0651295745503788,1.1911525372342324,13,13,0,0.38491948496288714,0.5366920420595456,72,81,0.3049487769603729,0.3705503435970653,0.0,0.0,0.6284094475996409,0.2998705773183584,0.004054051547831778,0.038683697975494064,0.8185744054089077
323,98,fit,1.2671290684840697,2.378002710168373,9,9,0,0.6312685689663977,0.3135313174584279,71,82,0.32422494888305664,0.3596837548813518,0.0,0.0,0.432810505287042,4.0689330045604315,0.05034294780463523,0.4803716393572064,11.480499396088062
324,102,fit,1.0951803519151262,5.708567479976697,16,16,0,12.588669498021877,0.4924743785211182,68,25,0.2862299680709839,0.06720189108538523,0.3022567,0.3884454573326644,2.224281264477302,8.191081068043228,0.18640961187352764,1.7787176705489278,50.289399598206124
325,91,fit,1.006195364370139,3.309262979652827,16,16,0,0.4274897442241469,0.15377648598346833,56,53,0.209003746509552,0.17441217460817546,0.020425983,0.0312843048934793,0.3627559097209505,0.11976254989437854,0.0005079024659442672,0.004846397575804076,0.15760116443605102
326,97,fit,1.0589609689658614,0.9839379304719952,18,18,0,1.3555279329230592,0.20897581926602699,59,51,0.2185087352991104,0.1708013361928983,0.18807462,0.2487930620462068,0.4640891453703174,2.0060945967330865,0.015775469494654117,0.15052928907112706,4.450569623399875
327,93,fit,1.0894508039622606,4.020533093162664,15,15,0,7.5513787247823485,0.105330706046319,60,34,0.23887962102890015,0.11356509210997318,0.0,0.0,1.2809077372942024,6.6321224926386275,0.1331673010157561,1.2706803532037796,35.59505549793432
328,104,fit,1.1322359382722678,4.664280120681994,15,15,0,3.226377967205684,0.18658240796979864,70,89,0.2982460558414459,0.42641428630195277,0.27875316,0.2949283260626524,1.5095464011947266,5.502163977961923,0.12972487914765718,1.2378328162944388,28.68315926610834
329,94,fit,1.1270173673864143,4.049502738618766,16,16,0,3.90791891648006,0.23794777543682227,60,67,0.2442576289176941,0.269512959426533,0.13798828,0.11554297007060121,0.7819348242166407,4.44627480829947,0.07636318304928416,0.7286563268061466,16.984013423869243
330,99,fit,1.0474737961345302,3.8997843766619757,17,17,0,7.7580624005656755,0.27387531690465594,63,82,0.23980852961540222,0.2709005574048311,0.26756856,0.2786954377238125,1.1909235103815852,6.501131983329271,0.14423285988022347,1.3762677469486972,36.27466415441364
331,106,fit,1.2391709719838937,3.843231903970563,13,13,0,4.752170546465861,0.09203283036606111,74,42,0.33403098583221436,0.16122903073239003,0.0,0.0,1.7200595972035368,5.924908499335721,0.16283770215621451,1.5537948679028102,36.49904870404596
332,113,fit,1.1336980020008878,5.017503545710751,17,17,0,1.5237092501521476,0.05985731224487343,76,64,0.2984939515590668,0.23573513427412227,0.26694572,0.3911322021995685,0.8199884045164525,2.7154478158957303,0.02370019659011415,0.22614691402780676,5.856824780228027
333,117,fit,1.2382956906532412,4.8217975731423035,15,15,0,9.771064730287756,0.16753543611734165,83,90,0.3832080066204071,0.24610961415539462,0.36947915,0.4017365236963747,2.814087090779657,7.803066365986135,0.26390455129541407,2.518173199383722,54.284497543335405
334,114,fit,1.3114511734843333,3.1017005839190115,13,13,0,6.485159407031979,0.07913162277926833,83,44,0.3965451717376709,0.16084681904691203,0.3331394,0.3575464328054697,2.323041569569135,7.048812838853839,0.2058136487598853,1.9638706942737147,41.27717895234315
335,90,fit,1.0778940242776114,2.674998677406174,16,16,0,0.9248355780655338,0.12529748920573536,55,53,0.2035822868347168,0.18529553838876567,0.0,0.0,0.2390366981477293,1.5304686853044644,0.017068685725801173,0.162869138604973,4.853633669794299
336,105,fit,1.2528154301163403,4.565418304241261,9,9,0,0.5884753222345702,0.07138266123616212,77,96,0.35603779554367065,0.4617947954910212,0.25974107,0.36987676862505403,1.016612548915277,4.866629318831856,0.10341729675073759,0.9868062667055113,22.796484190437518
337,111,fit,1.154952507633327,4.878771336014453,14,14,0,8.117006420852547,0.21683645159547774,78,97,0.31478455662727356,0.4251384423022929,0.3304222,0.38818372842472015,2.6492678118358186,8.536218871595313,0.2957044775196431,2.821607609920259,67.59235175902738
338,104,fit,1.209770610740164,4.17038525729084,15,15,0,2.604745865079619,0.45310132013709165,70,89,0.307149201631546,0.37528950647471326,0.1802539,0.18006690347051899,0.9407074491740344,5.0704968872533875,0.1024865676392087,0.9779252637329074,23.530458656459867
339,109,fit,1.286507616984224,3.804703166416492,14,14,0,1.486949864294129,0.14221417071867698,76,95,0.35240161418914795,0.4434768139485627,0.2819141,0.28695465267022635,1.0636515304097245,4.568146330859094,0.10001751533561852,0.954365604347505,19.926651121995516
340,88,fit,1.0990594121652992,3.6520899409695784,8,8,0,0.15929479265051116,0.062274709074679996,61,61,0.23908136785030365,0.22732602443724617,0.026083412,0.0,0.13308293600182414,1.1098344576920547,0.011135572588717025,0.10625546363279603,3.4955482826555877
341,105,fit,1.1633936708535555,4.09453183226692,11,11,0,2.8334479442021574,0.11913674254621175,76,68,0.27709856629371643,0.19057148025964568,0.21990126,0.3812487592449419,1.3235623935199095,5.444014905360454,0.14741089359275808,1.4065924961141039,36.18691806378066
342,108,fit,1.1257831512287828,3.0770818170034047,18,18,0,8.213058931003959,0.15353575367618943,70,71,0.2905281186103821,0.252106677464526,0.084943675,0.11028389889348673,1.2401274654281238,6.281901206122628,0.14756438875639155,1.4080571446220567,31.639680362337064
343,97,fit,1.0604361771663127,4.192694423055076,13,13,0,3.224831412243684,0.0523344210830099,66,50,0.2596164345741272,0.16298445004371925,0.23147579,0.3831446347689738,1.0833382627670238,4.95220835906385,0.09146373906172273,0.8727456017339954,25.34663108864552
344,106,fit,1.2956851126780973,4.306570391096907,7,7,0,1.272015408025171,0.0814557185520142,80,99,0.3800172805786133,0.6728863186746503,0.0,0.0,2.9690356920772984,7.863839390318187,0.2725678936654963,2.6008386800142773,51.340936115579225
345,99,fit,1.2176377415973276,1.596266523480895,15,15,0,5.257065639393993,0.3042021399107658,66,84,0.2819570004940033,0.46179409940773575,0.13661595,0.23132922878142076,2.0457014125187314,7.272173369146129,0.21931995739627677,2.092747685078977,52.438839214196115
346,104,fit,1.1809869166705058,3.0452444876078406,16,16,0,0.28726098859723725,0.2525850604731992,69,63,0.2874376177787781,0.23983675310576452,0.1182285,0.06365573074342304,0.45830449393467065,1.1427961738144319,0.0058939124507088,0.05623962262126718,1.4886601074133894
347,93,fit,1.069888392187876,2.2802021651455333,18,18,0,0.7332476383792947,0.3535141083698379,57,67,0.21985822916030884,0.2432246423772142,0.0,0.0,0.23852455139252118,3.025431667581469,0.028825476711196493,0.275052258694623,7.448797631028419
348,105,fit,1.2231120659357941,3.0981210847134006,20,20,0,5.451369484792858,0.3712947189992165,66,50,0.2954782247543335,0.18223364935910535,0.21377128,0.3042372452380196,1.1702528328990833,3.829055527443154,0.08211537851076181,0.7835436880797882,17.928903111394213
349,107,fit,1.3449086005924409,4.404875106653258,8,8,0,1.2216931292306659,0.05769894985029798,80,99,0.38462522625923157,0.4745177573950423,0.16696705,0.15851426102174956,1.6219493139506482,6.246763993369834,0.15549710404269745,1.4837509927738306,32.9432020264286
350,107,fit,1.2528648087162084,5.967330798638833,13,13,0,9.509463287691155,0.08484138928071336,75,94,0.35805732011795044,0.4004054958519623,0.0,0.0,3.1847768895067583,9.480286791362554,0.36837358306875456,3.515015105617887,69.40234323315251
351,104,fit,1.2509090045672795,1.9472600647638265,15,15,0,14.462435147697715,0.27344339053876127,71,89,0.3218032717704773,0.27291448694121223,0.23353992,0.20117731709081785,3.7271396289439194,9.969380016731947,0.33221958447027905,3.170034202960678,79.86160974825795
352,118,fit,1.3042446068090225,3.2361735743299644,18,18,0,0.9617771868212558,0.16891582277921943,80,73,0.3704792559146881,0.30814416766953934,0.062133744,0.05524018761561944,0.6544453266513731,1.1172420501909126,0.014557322264854712,0.13890574680204879,2.7813242197668457
353,88,fit,1.0183922386341095,2.5780281969170087,12,12,0,2.2432592925578207,0.09081150682528087,57,76,0.21398667991161346,0.3323994709928358,0.07968489,0.10033138273304687,1.2359154128921623,6.228047083898478,0.1320934122967264,1.2604333234420457,42.687328156202106
354,93,fit,1.0051419276726608,3.261013280562579,16,16,0,4.825737988139843,0.13163463763133273,58,77,0.20407092571258545,0.275983436504013,0.0,0.0,0.9811195620384638,6.106902038828127,0.11860166879174179,1.1316953128982994,37.03386762372117
355,96,fit,0.9610085816077114,3.815048987973707,12,12,0,6.484106084173441,0.06036838936051616,64,84,0.2064708173274994,0.37578063833043013,0.21480134,0.3735859460489187,2.6393513600720913,9.165466026619919,0.27826491943489223,2.655199612928361,86.32108581568124
356,87,fit,1.0599187340676992,2.2712573083121432,10,10,0,0.13214944307488477,0.07973035380947871,59,59,0.2202834188938141,0.20737673030000783,0.10095397,0.12238737110478427,0.11814925557050657,0.5872525330630857,0.002217781710275156,0.021162039220182782,0.7270020220380105
357,99,fit,1.1166826738454374,3.1122876517987654,13,13,0,0.4147015338153894,0.10025784885443585,68,64,0.26965534687042236,0.24573784480992308,0.12003305,0.17503196211797617,0.23205235034098076,2.1495414751951767,0.011046043490582896,0.10540117834525663,2.9567796321107087
358,97,fit,1.2256005046677705,4.358903280532076,11,11,0,3.152339730615019,0.05704634381831106,67,86,0.2775404751300812,0.5384315824763245,0.2894726,0.26548748801131544,2.633861154530835,7.722542322304831,0.2503442983010257,2.3887814723380316,59.4786289275852
359,90,fit,1.1489268401375297,2.7373894258366644,13,13,0,4.799386204102496,0.1754391823099627,59,37,0.22909848392009735,0.12474745591455111,0.0,0.0,1.088467656410987,6.243697449760127,0.12202479855365024,1.1643587648249067,33.93781511935643
360,97,fit,1.1521378275708551,3.8937027107410884,10,10,0,0.2667700928050038,0.061167228569338816,69,71,0.28637367486953735,0.2778067054517368,0.31326875,0.38606907346008146,0.6176471530017332,2.787066149039404,0.025464254515904023,0.24297952782351165,7.0322650688637705
361,92,fit,1.0933784566199793,4.048198433513082,11,11,0,1.9803653658329075,0.12557582759044375,63,73,0.2537374496459961,0.2724727555822378,0.1300707,0.01217643693210979,0.7695247885882025,5.321660746253788,0.08241743744881759,0.7864259298551296,21.90416102202371
362,129,fit,0.9950184278455076,1.12948104619803,35,35,0,20.99462840441552,0.7551274127478117,75,79,0.293748676776886,0.31617250350827586,0.0650718,0.08813205101382279,0.42422480075539204,5.251054407284902,0.11264393191390419,1.0748466785677881,17.67524729119372
363,105,fallback,1.2446191310882568,7.389613808470469,3,3,0,0.3865435876484199,0.015951907364072822,83,83,0.38753604888916016,0.3836807634411381,0.0,0.0,0.12496201383434546,0.463392884937347,0.0019357633287767607,0.018471024129549242,0.45426729969857593
364,104,fit,1.1577002171992468,4.438288598662635,14,14,0,0.8025185938339364,0.27600013523258915,71,90,0.309291809797287,0.4327444549454564,0.060809977,0.0,1.2008669430253696,3.8251757103943564,0.05635331148234945,0.5377224378086779,11.059259703099519
365,115,fit,1.2395148020115778,1.3341562035637482,15,15,0,5.204245787081291,0.06805011206885478,81,100,0.37167075276374817,0.4088053020990014,0.36098444,0.40285301941094515,1.3098383969585292,6.107911615078755,0.15193210019306008,1.4497337804681305,28.759282018827154
366,103,fit,1.313656285373486,3.5768453015860397,13,13,0,0.41505492587842263,0.10445409747250603,72,72,0.32975155115127563,0.30975295124341545,0.1560267,0.12196571644247459,0.2497815837545798,0.8982425440243726,0.009747890669036568,0.09301422394118862,2.1030368265203263
367,114,fit,1.335016549118774,2.7712320334999365,14,14,0,10.876013372542136,0.10144052731029105,81,100,0.38956087827682495,0.21136193189934036,0.071191736,0.018316296570697516,3.275254570964777,8.886919310071068,0.3303711707683215,3.1523966676366557,63.51877948898009
368,101,fit,1.2967506698807245,1.3986930347242166,14,15,1,7.283669556779721,0.2093386221147695,68,49,0.3006303608417511,0.17358553562678444,0.15890956,0.19167748441821575,1.3572504846239544,7.24974673945548,0.18873933075824711,1.8009478125786937,38.94699389199309
369,101,fit,1.2047288973313783,4.270950065860174,14,14,0,2.655389177345262,0.10500785950459127,69,68,0.2951063811779022,0.2634538922432016,0.2944967,0.36638279831240866,0.7338009205152858,4.4324342836455335,0.07041504299649144,0.6718992652336969,16.050882393091662
370,94,fit,1.0538224918224752,3.8283638935541133,15,15,0,5.3618555821551555,0.08610832984603936,61,49,0.23761755228042603,0.15224254314622973,0.2683707,0.3800832544580816,0.9840721792214494,5.640877119644383,0.1081831807876279,1.0322822594239303,27.462813257776318
371,107,fit,1.1769832978012058,6.00660114814659,14,14,0,0.5648757610612332,0.13759745415552205,75,93,0.34134578704833984,0.44304137848200004,0.0,0.0,0.9698328241482785,0.40405998703360824,0.00509899860232121,0.04865456681604208,0.8770165632099588
372,101,fit,1.113793829126339,6.241775801597862,15,15,0,0.6804860317612663,0.06810741729501164,68,86,0.29944294691085815,0.3887904510384127,0.0,0.0,0.8490567176930318,2.0986574897076067,0.01596327698547917,0.15232134528128977,3.037687080434814
373,99,fit,1.0970371635430394,4.774307466795685,11,11,0,0.19392590944078317,0.043715711213803916,69,73,0.27301451563835144,0.2774197548622449,0.31414476,0.39482804646465514,0.21836305945527928,1.330506105268701,0.005321297338591518,0.050775737963659515,1.367232122144758
374,111,fit,1.2457071952251169,4.392767993063396,14,15,1,6.825956344819887,0.12674005590020995,79,96,0.36682918667793274,0.6225494530900584,0.0,0.0,3.1371210117388824,8.428418624106882,0.35067252094619894,3.3461118410896846,69.32992636864336
375,126,fit,1.1941790116306017,6.792405753346618,15,15,0,0.7379415948297019,0.2398929290556332,90,88,0.40952107310295105,0.4235399844302697,0.0,0.0,0.5885322165767222,1.9349817816462918,0.017796823574927626,0.16981701884472925,3.0928359592451353
376,95,fit,1.1231765106258726,4.339686877746099,13,13,0,4.659388656044289,0.09089363994059446,64,75,0.2639803886413574,0.25933580861549904,0.0,0.0,0.9947621491095638,6.627052682169608,0.13145363944667693,1.2543286206743982,32.71516743574197
377,98,fit,1.21942565110684,3.5703871879294042,12,12,0,3.3773549555035745,0.13096262550753088,68,86,0.2911812365055084,0.5529066587945773,0.0,0.0,2.6422855561977694,7.567857614122801,0.24740534812815185,2.3607380546579373,56.48473339766455
378,113,fit,1.2040210051015923,2.4141212658043694,15,15,0,7.609495964633638,0.10776412011032885,79,98,0.3258521258831024,0.7129829805434779,0.25420558,0.29966024712983247,4.06572528950104,8.721297373288772,0.45271919562238,4.319839652885305,102.19943775018717
379,94,fit,1.1257878704822772,3.458610574290151,14,14,0,8.224757062332007,0.18017573628508463,61,80,0.23674245178699493,0.4159059415302114,0.06519702,0.04986323220289354,2.4692627979379593,8.84181116642113,0.26020066966109756,2.482830817376885,71.36869002399587
380,110,fit,1.1493780532815672,4.698752641114268,13,13,0,5.390390026815578,0.12379883375440942,78,97,0.35357266664505005,0.7924382740872236,0.0,0.0,4.262590092333152,8.752594957609515,0.41070530876063976,3.918943785883967,80.7138857822214
381,97,fit,1.0795156266730859,3.8584005976756504,16,16,0,9.441281030726774,0.1939486623494926,62,35,0.22630929946899414,0.08716284363177026,0.03455651,0.0,1.5193455832734286,7.043112550548327,0.13668256988500513,1.3042229950859268,38.74645691728095
382,100,fit,1.053760004623499,3.1938464037423864,20,20,0,17.77896731225312,4.793467857590095,61,80,0.2339777946472168,0.6106766396713443,0.09267977,0.15472113239410132,3.918904534743413,9.636377695030468,0.429939698767918,4.102478041678607,110.2603648554965
383,98,fit,1.0534990631179812,5.268051041582189,18,18,0,0.6912355002572264,0.23437693645992008,61,74,0.23647649586200714,0.30414225082900903,0.25131735,0.2649721896891471,0.6461595568971341,0.2568495069529091,0.001910641849469624,0.01823131535753458,0.402941106520236
384,91,fit,0.8930694716572184,4.637626524484909,19,19,0,1.4671030514406211,1.3352529535040663,53,52,0.17516876757144928,0.1687755812207363,0.11775547,0.0,0.1116753647101848,0.09886637061853826,0.0005474949704094737,0.0052241886489453595,0.16166502249062567
385,94,fit,1.1539084488140445,3.3348481129282974,14,14,0,8.624798671355666,0.09062804513902865,61,80,0.24071365594863892,0.6479810711177368,0.0,0.0,4.026808984127239,9.982463237064097,0.4279523312599195,4.0835146112587735,115.70244306458899
386,103,fit,1.1486489862607485,4.727692594114088,19,19,0,0.9938795466077931,0.22595963090804286,66,72,0.2685161828994751,0.2888659166048744,0.30425495,0.35141735830334736,0.3246427203864185,2.270238349856237,0.013941214682039729,0.13302685765305083,2.98192701997915
387,92,fit,1.0700900168275702,4.7866739437207,12,12,0,3.5667006389143765,0.10362532740923933,63,63,0.2519139051437378,0.20609212406587132,0.2449215,0.20781076324176173,0.961355563176986,6.2225439822923025,0.09417403620380287,0.8986072156851418,27.794116131715967
388,107,fit,1.1002966326437558,3.924406965536292,19,19,0,15.962122207547651,2.70740502196588,69,34,0.29235196113586426,0.13409439381535385,0.031602874,0.11122971361931087,1.697580860269346,7.624349387262078,0.2581930567014542,2.4636742051665474,47.03813328960172
389,98,fit,1.091782785848433,2.7357706245181515,18,18,0,13.671846401812617,0.44920667414186854,62,30,0.25379449129104614,0.08584125333075719,0.0,0.0,1.8324557673610191,7.710835421075139,0.16259789499795443,1.5515066316598705,43.41981706033817
390,100,fit,1.1367409907345645,4.713722955831216,12,12,0,1.4859598218203767,0.04071178408167075,70,88,0.29476475715637207,0.4144891269374911,0.0,0.05580818671261025,1.1730246100142043,5.4233797689938275,0.12890154645775434,1.2299765883373506,32.03248144928731
391,102,fit,1.1475886519171086,6.154303044801621,8,8,0,1.640308030738046,0.03339145544523142,75,94,0.32016265392303467,0.5464281458507557,0.2801719,0.20364459356522674,2.4278712446410626,7.897060373138315,0.26922160730074857,2.5689084666101962,69.97083750359292
392,108,fit,1.1484260651679288,6.744552637168005,15,15,0,6.416767578640179,0.21949379050543186,75,93,0.3330768048763275,0.4998544414960644,0.0,0.0,2.449180049804564,6.945547458151964,0.19456371081980187,1.8565239582042161,34.31078466582395
393,106,fit,1.1880017768972326,4.752720637218994,8,8,0,2.2453279330872515,0.06077377786145224,79,98,0.3534463346004486,0.4441274834254068,0.21905303,0.41411683569539687,2.3015803280950506,8.25939867851845,0.26390400663572594,2.5181680022492934,69.50763556511528
394,105,fit,1.1576966259609087,5.3515523791651045,8,8,0,0.0883037741071482,0.04262591712084501,77,71,0.34107154607772827,0.28837696753455944,0.26143995,0.3814407838645176,0.5316270821019597,0.6839671674527088,0.002828435388737409,0.026988887297112678,0.743135731092118
395,104,fit,1.1810567351050212,3.072318477515911,16,16,0,0.581965527850465,0.36437960390616897,70,68,0.30932188034057617,0.2738217401297763,0.048321724,0.0,0.3976190365725464,1.5508263691053332,0.009918303734041692,0.09464030280574133,2.2827740484372585
396,93,fit,1.1110890906546769,6.134132830079109,10,10,0,1.2222704994231688,0.029365759529431223,64,74,0.25288358330726624,0.28649556506027224,0.28104404,0.27700845302606514,0.545237351142576,4.761734731604553,0.05911742103536817,0.5640975289634367,15.910103629112264
397,108,fit,1.3214255594678772,3.691108973516929,10,10,0,2.740655422703775,0.0785873992422529,79,84,0.38948944211006165,0.3336829708238096,0.13719964,0.2548318091094346,1.57460729621832,6.629816762199835,0.1735046565630561,1.655578783998627,35.03741121049025
398,97,fit,1.166219914798776,1.957803008917548,10,10,0,0.10744579537375416,0.03425114508108998,69,81,0.29719796776771545,0.363959988726549,0.018832548,0.0,0.6628300421407808,1.1107550985625465,0.005489070802531593,0.05237662979514878,1.1948785005114866
399,100,fit,1.2277586904469653,2.984822479616358,15,15,0,6.189917593508037,0.15479722289388292,66,85,0.2835344076156616,0.5127086371869563,0.23389398,0.27102127366441414,2.497749082776052,7.885950150077035,0.27626977152044435,2.6361619419889726,66.04409138510795
400,106,fit,1.2936020162919422,5.1281704699937585,11,11,0,2.8820519026132896,0.07158535466327445,77,50,0.36566516757011414,0.21324578703389113,0.27653816,0.29009378549298775,1.4889562207083573,5.411050020616681,0.1634127740127742,1.5592821947783797,33.16495488524651
401,91,fit,0.941174816262799,3.117035864815726,18,18,0,5.627154471115138,0.35804663914073287,54,33,0.18879136443138123,0.09950914292298027,0.15310334,0.22184052171902044,0.9222781261012409,4.425520630873311,0.07367883778367966,0.7030423452641189,22.657367060121135
402,100,fit,1.20575878664032,4.9076918150167925,9,9,0,0.2751807203951299,0.1791560329249104,73,75,0.3238517642021179,0.3254992063818919,0.0,0.0,0.12873105574774382,1.6573073008779342,0.011459911810498708,0.10935030353529301,2.6622348710375565
403,104,fit,1.1625137402128853,4.308072031465274,14,14,0,1.3915244460414504,0.1497245769902293,72,63,0.30521729588508606,0.24176339228212368,0.3084726,0.3838085679270347,0.6668765290912294,2.8334885637970064,0.039011033436474885,0.3722426854625466,9.223136218909023
404,106,fit,1.2343111939955282,4.069407294961452,14,14,0,0.7829384289867662,0.12059664027373082,72,74,0.3159884214401245,0.3217846158568927,0.15062554,0.10100934585527935,0.14098081490170158,1.1845870412182735,0.017980888493855814,0.1715733634909906,3.7193754426766152
405,93,fit,1.0987518265026999,2.762201612226675,16,16,0,4.45484232430079,0.2054196352814146,59,77,0.23110701143741608,0.3188581056153862,0.0,0.0,1.0842104872713727,6.054196388074596,0.12455204270536419,1.188473689936681,34.51742977831892
406,102,fit,1.2830608714126996,2.8426735370280922,13,13,0,4.268023611873088,0.15190544011781895,71,89,0.3191177248954773,0.45186692117615157,0.006968005,0.0,1.9293609193876695,6.839607946096839,0.1815858732955193,1.7326896306824362,38.63022322510175
407,102,fit,1.1257828769193206,2.7908604802930643,17,17,0,18.306637572581735,0.08557323053040855,65,85,0.2628268301486969,0.1736711424821961,0.0,0.0,3.0200971536769963,9.604876728944273,0.2837824599002794,2.707847899811826,73.25507568779354
408,99,fit,1.123811750151103,3.577129666828179,15,15,0,10.418888004631487,0.2755670918682315,64,84,0.2532323896884918,0.30917317216745577,0.03798089,0.033851092396588754,2.853381090302688,8.599933734975346,0.2749398081008175,2.623471451343678,72.88340272070388
409,106,fit,1.1396571816185335,4.620683163996948,18,18,0,18.937467853579317,0.13980989878545308,70,28,0.2847926616668701,0.07524579792611996,0.018234113,0.0,2.2325419182777337,9.04068203106894,0.287312111713148,2.741527783522405,61.6287633270621
410,114,fit,1.1966258009215394,4.010135315141138,20,20,0,4.758833427999195,0.16474314331055515,75,72,0.32574227452278137,0.28272236355474056,0.15846388,0.24035738705627585,0.5773180263246366,4.618136095454809,0.06877986771755275,0.656296447686572,14.329634384604862
411,106,fit,1.04014331139117,5.516370180834303,18,18,0,2.4459046475102015,0.20413391402033862,70,88,0.28835198283195496,0.4085652166567733,0.0,0.0,1.2025194930883105,4.572872288951768,0.0999299811360593,0.9535303543517109,21.171687069885653
412,117,fit,1.1541076748153267,6.8030810544442675,11,11,0,1.8156145314434673,0.05493202211261829,86,77,0.3837498426437378,0.3336773006103516,0.049474537,0.01720309813870528,0.6677341776432179,4.998592606992061,0.09327185445070876,0.8899986111708851,19.547126585176702
413,96,fit,1.0703909044216413,1.2969992891554203,16,16,0,7.841693214005506,0.16957776699177132,62,62,0.25158628821372986,0.24216924779677118,0.0,0.0,0.723650639058241,6.720509237157547,0.1722021767165628,1.6431505411885763,34.68383958730013
414,104,fit,1.0651297175413936,1.1911517378470013,13,13,0,5.549859238890677,0.5366996460058397,72,58,0.3049487769603729,0.23296947961939674,0.0,0.0,1.1169056817402057,6.823241533901483,0.18585318696011824,1.773408272520212,37.52673548210827
415,98,fit,1.2671292493620445,2.378001660363757,9,9,0,2.5602597795644755,0.31353230731856807,71,89,0.32422491908073425,0.5367587264409587,0.0,0.0,2.5081784627870674,8.282282381978948,0.2601828519120231,2.4826608006872433,59.33090133893545
416,102,fit,1.0951803899099672,5.70856746898124,16,16,0,1.1829474815473255,0.49247439951523037,68,64,0.2862299680709839,0.23444051685626427,0.3022567,0.409029284337424,0.575912821858046,2.7039350167304645,0.01892405412708223,0.18057303556376172,5.105312012418435
417,98,fit,1.0355683005994136,6.484631533616376,11,11,0,4.265686287860792,0.1045658641506592,69,38,0.29756760597229004,0.1465618206962697,0.0,0.0,1.4961405528336134,7.117993064608825,0.1871509095302263,1.785791121471625,44.20033571476051
418,117,fit,1.0425454623975852,6.115773126156547,18,18,0,14.707224162154692,0.23382349060335952,80,99,0.3335665166378021,0.36927519193899755,0.0,0.0,2.7698924009624686,8.37563683434913,0.2827096576853647,2.69761123745577,63.19825275117217
419,100,fit,1.090056329895311,4.899022098266336,12,12,0,5.1302444187815555,0.2341433103303135,70,88,0.3021358847618103,0.7285349543380395,0.0,0.0,4.2102509034811275,9.12427003431661,0.3662169152894023,3.4944362145935335,77.41283175930675
420,97,fit,1.0184321689740443,3.170887735212129,18,18,0,9.846197657970858,0.5204675657262745,61,79,0.22191207110881805,0.4222742395374259,0.30570537,0.02281051233142368,2.3084884374079557,7.887452177445132,0.24206558721998753,2.309786137595301,62.61748967265194
421,120,fit,1.2076669567481595,5.321579418456709,17,17,0,0.19144825199384433,0.2190966995675254,84,94,0.3852129578590393,0.4710758061751838,0.0960333,0.0,0.8432390019258037,1.4705983599994779,0.012751802840347555,0.12167750801858354,2.0367243010504286
422,109,fit,1.1999740930447282,6.272303329301894,12,12,0,3.6289315234594826,0.07661031806021598,79,54,0.3552643656730652,0.23904235552480999,0.0,0.0,1.1646109786232601,5.620274068939079,0.174145521130076,1.6616939039129388,33.164515034941154
423,111,fit,1.2891015299130397,3.8449550612988888,18,18,0,10.643587648238654,0.17240043868043906,75,93,0.34402474761009216,0.3879739231805379,0.2933959,0.15338380237824237,1.915376956493694,7.3235164411576585,0.22071723826480366,2.106080517793928,41.42226455425086
424,93,fit,1.0641613852042708,2.502264989339283,19,19,0,14.493304240798606,0.20777833924419004,55,74,0.2214217633008957,0.4928078844111951,0.21658443,0.11968245812843736,2.9402304559176082,8.96882791628241,0.31518678779808795,3.0075075171573276,83.33585682408686
425,91,fit,1.040610605193493,2.799310903515438,17,17,0,0.9024202593372083,0.04181805059980056,56,62,0.2106562852859497,0.23104753304744405,0.12859412,0.029575380104634865,0.19755737263266404,2.298700443255157,0.01614828560502033,0.15408669470439246,4.1762462708877734
426,97,fit,1.073811261668496,1.2630655155344428,21,21,0,5.711121078653686,0.3633829854552362,57,60,0.21465136110782623,0.21755160910710383,0.08446737,0.06720995277648682,0.26411211157440145,4.534269979860157,0.06581896732346623,0.6280435813307846,15.262795465686965
427,115,fit,1.3047178364053558,4.620932353624586,10,10,0,2.171811103225099,0.17229080623338708,87,98,0.4078141152858734,0.42024312274584236,0.23574601,0.19647115301727408,2.1076421121509505,5.813026301692348,0.14511016649131056,1.3846389932376961,28.601677766425706
428,96,fit,1.2320515195716386,4.020144366205916,8,8,0,1.6354015499164463,0.08242950236499876,71,88,0.31935757398605347,0.5898578236487226,0.2659574,0.26617778184858715,2.7278022560088093,8.16530382719743,0.2796166752330108,2.668098046116515,69.64561461914337
429,106,fit,1.346927753782476,6.433663004228778,5,5,0,0.8082258976595335,0.0456388995868243,83,50,0.41477715969085693,0.22277096603346816,0.21069461,0.365977843826459,1.8812425204393166,7.2188185837421415,0.22471071000096532,2.1441861641313484,44.74270244239711
430,102,fit,1.190692951874297,3.1179627361806195,16,16,0,1.0937938621065946,0.13506940943180795,66,76,0.27505433559417725,0.3086865940177758,0.18920577,0.23455795069747737,0.3477555616562064,3.349933252729205,0.04001845001006071,0.38185543902729685,9.142187607271847
431,104,fit,1.124988485574673,4.413396929196075,14,15,1,6.839095982585104,0.16584455562566122,70,39,0.2886941432952881,0.13017029607971878,0.26878446,0.35773564828539167,1.5232591976909096,6.8887519017729995,0.15601173993722767,1.4886616406224014,37.27838204592815
432,96,fit,1.0354601519513618,4.6538186140646305,14,14,0,4.5658157754487,0.0682023909581608,64,67,0.2453627586364746,0.21635002585644236,0.3132762,0.3354784199096255,0.9492151359504846,6.081278903456391,0.09813115465573234,0.9363659795394307,28.44153189561855
433,95,fit,1.0211399866452566,5.0600525428142475,14,14,0,0.4120188974804788,0.3304763569508147,62,81,0.23938636481761932,0.30618250063432895,0.0,0.0,0.6674170045065898,3.085086827017356,0.03208698231843111,0.306173495404877,8.123045294246413
434,100,fit,0.9661823479254177,2.6632862012374874,21,21,0,0.4933142643879032,0.3744474794870487,60,66,0.2117273360490799,0.25436633113751617,0.0,0.0,0.4226257789129685,0.041385811539690405,0.0004240891159420813,0.004046651869676348,0.09858585154839755
435,105,fit,1.1516126092579715,4.24302570147301,19,19,0,4.911890628800754,0.23903834047142827,67,58,0.2764396369457245,0.22594506217047167,0.0,0.0,0.7032829473120473,4.1543240476790455,0.08403111956512468,0.8018236599725638,17.69417124068964
436,120,fit,1.208580796647939,3.1443433132082617,18,18,0,0.5016506266154164,0.21339759884736126,83,82,0.39250946044921875,0.37687048709899235,0.027952626,0.0,0.20771466052728488,0.02879422586484219,0.00023700834435270686,0.0022615300033655234,0.04192994841661187
437,97,fit,0.9951504048481793,4.608325946560416,15,15,0,1.4118391785383535,0.333982928896372,63,61,0.2206590175628662,0.20714307854508013,0.19016759,0.2975168231251033,0.786264940215441,3.197671564926695,0.02660768267489098,0.2538901018596468,7.977763026114323
438,118,fit,1.1356618807749232,2.622078194579436,21,21,0,3.7781120777865516,0.19322111026767866,79,90,0.35535740852355957,0.39192987662154805,0.2137476,0.08692171362236348,1.0158653715286026,4.169836772540456,0.07944066187883903,0.7580215828133494,14.677322905607891
439,102,fit,1.1997395824805128,4.873923131498177,13,13,0,0.5537919559730158,0.10434162235523099,71,89,0.3155277371406555,0.4199356146681958,0.0,0.0,1.001878114877836,3.1614284733329403,0.03627512122603421,0.34613665292017376,7.022857420837046
440,96,fit,1.106302105998825,4.734943667292945,11,11,0,0.29763744076782744,0.04541904918816978,66,64,0.2648017406463623,0.24928536489491349,0.0,0.0,0.15716795196785827,1.282658230172178,0.007765794635072623,0.07410109384611281,2.122426671407379
441,108,fit,1.221715711553486,5.70420766785953,11,11,0,6.938219697343604,0.09955398949054808,77,97,0.3576728105545044,0.3728791588796442,0.33609712,0.48293384050498234,3.3658595202649955,9.63070586113999,0.34612360105558143,3.302706116942571,78.66062688196622
442,100,fit,1.278233600362564,4.352786671166762,9,9,0,0.29333901241187876,0.05267907103086089,72,80,0.34077659249305725,0.35464892040885265,0.09194217,0.03713951929727276,0.21818380269684934,2.757169430097843,0.022653270007558287,0.21615715656067067,5.1314557994708965
443,99,fit,1.1295750509382152,4.175055521020738,17,17,0,2.465888322459432,0.3641801839638324,62,59,0.2520867884159088,0.22349756949441943,0.18974248,0.1498157659724845,0.3979808485014125,3.4018795270809283,0.04090586690595654,0.3903231574995853,10.04637601221238
444,100,fit,1.0925040723010477,4.484622025386712,15,15,0,0.5607309362379412,0.11685082890711875,67,62,0.2720962464809418,0.2317335915384531,0.0,0.0,0.3877579110204956,0.7954601844642004,0.005984737497337738,0.05710627382955857,1.5941731408710673
445,103,fit,1.171573038895502,3.3189798105897426,21,21,0,13.621657479350533,0.11165803322198374,63,32,0.2556195557117462,0.09963477444241522,0.0,0.0,1.6325334714011495,6.138812640264044,0.15116568661171492,1.4424206737759058,35.282617327614744
446,100,fit,1.0546435968535608,6.094529460700778,17,16,-1,7.561762047372486,0.6188790818158615,64,84,0.26114723086357117,0.41813071813198743,0.18194585,0.13347039521408513,1.9982120329106559,7.589053702982894,0.1857098013870114,1.7720400895707193,42.78395491502785
447,102,fit,0.9315472029443203,5.935120464038766,16,16,0,1.028878382540267,1.4875132649167142,66,69,0.2529432773590088,0.27586107790920833,0.0,0.0716423398559648,0.2554777640769696,0.3730097058467075,0.0012711903419143434,0.012129678835060527,0.3078613302524649
448,102,fit,1.1171987530040315,5.3982193935443155,16,16,0,4.231274835118273,1.212729786504682,67,51,0.28281089663505554,0.19893037539010458,0.23817715,0.19330281183338316,0.8864086713388495,4.239349947766231,0.10230283241364758,0.9761720650157212,22.96265008207858
449,114,fit,1.2161714990941048,3.2581844571176797,16,16,0,0.6866961884458953,0.12345489048705353,79,71,0.3375644087791443,0.28990068051867307,0.2784532,0.31377433680283884,0.47761722120049205,1.328501382948409,0.011952260302912281,0.11404828533313245,2.572262226109236
450,375,fit,1.3407939109745708,6.74964707953674,13,13,0,9.985530230869331,0.1466026790657001,91,362,0.46596717834472656,1.1449565657714573,0.0,0.0,11.91419770125599,9.112857637715125,1.2996919388382109,12.401640637769187,197.0268587748575
451,99,fit,1.1129573783167492,3.397408617489898,10,10,0,0.37226970538598286,0.14865392649647674,71,79,0.2978026866912842,0.3224925731222317,0.09528642,0.2376628940937957,0.6000924832611819,3.154865635392992,0.03628951083684145,0.3462739583668077,9.325856612361747
452,87,fit,1.1872792653984414,2.039995629856984,9,9,0,0.17435372295736187,0.06737218475998719,59,61,0.23069939017295837,0.22635396377403358,0.0862066,0.0,0.1730079723215287,1.0285210025293041,0.004004561815538562,0.038211467705520634,1.23293846599374
453,104,fit,1.1095534333105952,4.7745248620345,14,14,0,4.66838925080421,0.21828330665681722,70,90,0.2696857452392578,0.3698303550992848,0.28918058,0.41687154085337713,1.5660099405088925,6.694649496293311,0.17783175552663086,1.6968678962464776,43.425356472351375
454,229,fit,1.3640889060286345,5.364997759197587,13,13,0,4.494796008027678,0.29834601311117287,80,216,0.3990793824195862,1.5893034889714974,0.13631599,0.30800587170818605,11.410522833341492,8.346691517738519,1.1600744760137247,11.069412939062259,203.8143195151816
455,92,fit,1.0317643571597457,2.960056383803287,16,16,0,1.5862877566763498,0.10681839532854262,57,48,0.20548798143863678,0.1568536476613295,0.0,0.0,0.5286996550395048,2.903342160151931,0.022750256363247547,0.21708259888594986,7.21444584219249
456,80,fit,0.976372894761127,4.788406951928238,11,11,0,1.2911369812681066,0.04990107278531024,51,69,0.18091268837451935,0.25602758732956604,0.06668802,0.005020684243611221,0.7317106798364351,5.3912922210997,0.08718113910156076,0.8318810982973355,33.107639628434264
457,94,fit,1.0785378798425023,5.886019750176317,10,10,0,2.6246466680006435,0.07270094174650844,66,84,0.26599058508872986,0.46982003302521225,0.099673264,0.16584751009235085,2.2104926744755704,7.82253996335858,0.23637091629992468,2.255447674617602,66.32601611160875
458,98,fit,1.192273551466311,5.700074906374019,9,9,0,1.5179530218143846,0.038460339527979205,72,89,0.32384055852890015,0.4506974422843207,0.21699183,0.1568196086803359,1.6589022099511477,6.33195050901962,0.13651939000108004,1.3026659351248095,29.384786941969946
459,97,fit,1.1367168886948007,2.8380841459164903,19,19,0,1.611385513412227,0.2893258333766688,60,61,0.2361467182636261,0.224838545915411,0.21140274,0.07612500697038169,0.3111956982016585,2.56671862210727,0.018450896803686116,0.17605817560769194,4.569256543684042
460,99,fit,1.2376198389227957,4.624672722972965,13,13,0,1.6580180717414341,0.16131632021755088,68,86,0.3066323697566986,0.46900524870821436,0.24093588,0.21682659710089888,1.6125240963014245,5.328047923454984,0.11748681644339067,1.1210574088109795,24.21301000205354
461,85,fit,0.9838150705847054,1.8644723227790188,16,16,0,0.36849422937937526,0.22987444191852854,51,47,0.17271028459072113,0.14740087359703866,0.21200962,0.11837059518495772,0.262376281826279,0.6800463324328138,0.0017893444847035755,0.01707389775480511,0.6087661713478306
462,94,fit,1.0988708937952627,3.181530453145417,15,15,0,1.4304583346104045,0.31413300535089494,60,57,0.22785483300685883,0.20920752568223538,0.0,0.0,0.2247061991352519,2.561307469599868,0.030872749705366558,0.29458730634891755,8.330399546388898
463,95,fit,1.2753643986295249,2.0484770885716475,11,11,0,4.629838877325094,0.07222833745984575,65,33,0.2721385955810547,0.1025378158108542,0.19720091,0.3043138587420714,1.672931178285707,7.284127001527466,0.15828897049143725,1.5103909398037905,41.73460377897072
464,94,fit,1.1801423585023405,2.043963217220869,15,15,0,12.759454872660504,0.3029904574570709,62,79,0.25546932220458984,0.18190355799872446,0.071412414,0.1268719598866145,2.5009945949146632,9.093285145331615,0.25058366128732146,2.391065470298869,63.35897263679562
465,102,fit,1.3521362414837907,2.4947144485119863,6,6,0,1.633529713084837,0.03226867998349877,78,32,0.3643028140068054,0.1319108438238562,0.03685858,0.00021278160483270892,2.2395151732621392,8.836728507389418,0.36874960662745565,3.518603116674195,81.89236696039987
466,115,fit,1.3267987916761732,4.8687287106801636,10,10,0,0.4849673121349411,0.09583762521210958,86,85,0.4354390501976013,0.4034382114867245,0.24290656,0.2903495126293654,0.651780021748559,0.3469849635136976,0.00496052319168855,0.04733323656191364,0.951693086692376
467,99,fit,1.2112949698758608,3.00557472516769,13,13,0,3.0263522522856263,0.16394445490583287,67,86,0.2980082333087921,0.4592021893785725,0.0020612718,0.0,1.769224369849824,6.485125870078878,0.16553278156817502,1.579511274505487,37.207825193375584
468,99,fit,1.1361622300956074,3.8379708857222252,15,15,0,8.622557392955583,0.15953333586643903,66,84,0.25660738348960876,0.3403594224192197,0.26124516,0.35636385218107525,2.0543773954234,7.912892979149146,0.2169521081609788,2.0701537038261333,52.35322929612073
469,134,fit,1.1134711952342466,3.8580216712676854,21,21,0,1.9773976020560484,0.2956459263281855,95,70,0.30654215812683105,0.2578835611088402,0.17490575,0.25376559114216846,0.7954260983465263,1.940550874005313,0.023535207380054362,0.2245725895043355,4.988443211762686
470,101,fit,1.145263150561732,3.048449985264329,19,19,0,7.579241633102916,0.2597342451824778,63,82,0.24041345715522766,0.37985123717427305,0.06456026,0.0,1.443791204740657,6.576750313075564,0.17616819271765674,1.680994205321152,42.030230021531686
471,116,fit,1.1820181721349148,4.278680542574304,17,17,0,1.0127272354275274,0.16134325242906297,80,77,0.3204008936882019,0.3090949480878452,0.26373357,0.31349071284886615,0.2311072736142338,3.022664117862168,0.030531248194251546,0.2913287041436216,6.650065657016514
472,84,fit,1.0240271229513815,4.404691762193766,11,11,0,5.968482360148992,0.04513968701585366,53,26,0.1831897497177124,0.06552343516453742,0.26676387,0.23184739744877045,1.236538937086464,8.65737449896893,0.1511727664259238,1.442488229254998,50.62287361665652
473,96,fit,1.1177448166373343,3.293414768258325,18,18,0,1.778172064364766,0.8545235049882078,58,56,0.21733826398849487,0.20297659665663645,0.058542863,0.0,0.32383742594331666,2.152561334566474,0.03192767069641964,0.30465334633988206,7.889733859176122
474,103,fit,1.1616041058969508,5.05753025646041,13,13,0,3.2972529215742714,0.07807354240780448,72,51,0.3129861056804657,0.19188447797070513,0.2923196,0.38538167355708774,1.2009883546462385,4.81145897625335,0.1221922413872738,1.1659565017869638,27.597178061947545
475,100,fit,1.0786140386187064,4.491917909296024,17,17,0,1.7998305612617247,0.05850614165318628,65,52,0.24216309189796448,0.18642003112158648,0.05595859,0.0,0.5455532982934347,2.2808854203443945,0.03578972466969081,0.3415050063901795,9.46382838177113
476,85,fit,1.1021465277197366,2.8636725986969647,14,14,0,1.0004096046716136,1.1770478629076842,52,61,0.19647011160850525,0.2218574731339428,0.0,0.0,0.2538678272565182,2.19993447228984,0.012524207804680776,0.1195057996629845,3.5999115166116256
477,97,fit,1.150552481864944,2.2990349271312716,18,18,0,15.650490835463362,0.14437575743354766,61,79,0.24498526751995087,0.6192938355573511,0.0,0.0,3.9978065028002403,9.951873551009326,0.42897461208357973,4.093269199270799,106.08430100990184
478,100,fit,1.2103825738135703,4.702800682261482,16,16,0,0.8283629429591375,0.3559906930451248,66,77,0.2917494475841522,0.3341910626457828,0.0,0.0,0.41359718191235717,0.671163657776461,0.004884451347658863,0.04660736018758457,0.9918172656925581
479,93,fit,1.1095524573016142,2.535792315068708,15,15,0,1.4944282844281602,0.1930634255182901,60,64,0.23903922736644745,0.2325091481777415,0.0,0.0,0.1766520235024275,3.6795603114821707,0.03356180835096964,0.32024626289093167,9.40507376281174
480,95,fit,1.0709718131974253,3.0414686639882427,16,16,0,9.125415170839153,0.16507859441378148,61,29,0.24125505983829498,0.09314094583398709,0.0,0.0,1.5226178578968121,6.8694331999003735,0.15832381451758798,1.510723420969351,40.92475107367415
481,109,fit,1.209932794058459,4.364762258576682,15,15,0,10.219876882074185,0.21533202201960996,75,94,0.30282437801361084,0.6736509526166763,0.19250259,0.3879793733624584,4.2541949315513605,9.58254161640574,0.4496108096611063,4.290179481499106,104.8050855102654
482,106,fit,1.2202920730659528,4.405913548850533,12,12,0,2.289805644310061,0.07105638807169037,76,94,0.3505602777004242,0.5546968616909949,0.0,0.0,2.0435124650119505,6.3329717415134095,0.1875763356674509,1.7898505311779667,37.72324557659652
483,97,fit,1.0509106866237348,4.259353837348516,17,17,0,12.007303093236795,0.18333485367862837,62,80,0.25292250514030457,0.6173513067357616,0.25450644,0.16567817948793698,3.6200792882942485,9.628447490503644,0.42660698393383056,4.070677327612887,120.08851495889635
484,104,fit,1.1845815088779414,6.193913171652925,15,15,0,4.524440103971924,0.15729688429029953,70,89,0.31544601917266846,0.5296183820957252,0.0,0.0,2.2591493927233883,6.485937638471484,0.18149731699105595,1.7318446277772515,35.01881421954001
485,92,fit,0.9816076278276852,3.2915494004225576,18,18,0,1.8076646171149127,0.44791697029668404,53,45,0.19398322701454163,0.14086536377847908,0.07330662,0.0,0.5321984302839176,2.2613794625530708,0.017052449954193246,0.16271421712016457,5.425247730740022
486,116,fit,1.2325705544722,6.178007058889694,14,14,0,7.262400629395361,0.07945917274844436,85,102,0.4022326171398163,0.8861043860644955,0.0,0.0,4.7461325695394185,9.214430307712444,0.4980111077441118,4.752014386871296,92.17564490686837
487,100,fallback,1.3123972415924072,5.142692285499569,3,2,-1,0.2306151644938515,0.02835977299657595,79,39,0.3847613036632538,0.17135989668586912,0.1432468,0.3872164452917193,2.1201667546016467,8.759285072942834,0.2416397006189415,2.305722334150205,56.85703997347738
488,100,fit,1.1316770003051573,4.526810450592883,17,17,0,0.5045423621485534,0.37867126803137036,65,65,0.2631889283657074,0.2456242341352799,0.25907627,0.3899247453493431,0.27942627321792674,2.3288286687948205,0.01642975397338625,0.15677246157811306,4.09650303360448
489,94,fit,1.167015790193966,3.355939863821879,11,11,0,1.18560170459433,0.1094871645114695,65,83,0.2773894667625427,0.3633736012575297,0.16448167,0.0753410297189376,0.8323711093217768,5.314675492533847,0.11127878031568937,1.0618204228596313,30.7137266343573
490,106,fit,1.2531577001052696,5.583717163358848,12,12,0,1.8393145342916304,0.09636725798163591,76,64,0.3560332655906677,0.2889404327150892,0.0,0.0,0.6877668190668176,3.5248593874146383,0.10222975562656123,0.9754747674290193,19.863915886351737
491,104,fit,1.1335525768996222,4.4404840175240805,16,16,0,7.15212264770307,0.21662378178305075,70,88,0.2909969091415405,0.3498482993774833,0.2640507,0.2895052744842437,2.095836240520048,6.972428829741081,0.18837680350800742,1.7974885830916738,46.066535143100616
492,96,fit,1.1588378645953,3.7294452795355353,16,16,0,2.7626980820642753,0.1629393763859385,62,53,0.25377824902534485,0.1956667076573786,0.15963301,0.0597097845674707,0.5880159736471421,3.498496350550182,0.05500313971867834,0.5248391194530375,13.781458160004446
493,100,fit,1.1289417915481945,4.66734118624583,14,14,0,5.487528615549473,0.14240500280859272,67,86,0.26622986793518066,0.554578377560211,0.31482765,0.41490546748541207,2.990708600378782,8.137217592106108,0.2914335849462215,2.7808548181891366,70.9902467769515
494,100,fit,1.0514410418529008,5.257881276803424,16,17,1,13.438277516758307,0.4168434432841875,65,83,0.25734275579452515,0.3550359319235035,0.3025854,0.3671385533820453,2.9051814264517057,9.26011338029863,0.3116860509217028,2.974103539329225,83.75999054666822
495,104,fit,1.112340228199835,5.096932353772974,17,17,0,15.097379832636285,0.24877879040753184,68,87,0.2794676125049591,0.5144761204737285,0.013153924,0.0,3.666677108324711,9.395252288911516,0.37197300535587247,3.549360738128554,82.36967006974788
496,97,fit,1.1471990874698146,2.196735660475496,14,14,0,4.287496019751084,0.13565666177487068,62,83,0.26161161065101624,0.324648699652812,0.12136535,0.0,1.1763863753275705,6.41640097995149,0.1352760950753743,1.2908024339253272,36.94898899908497
497,96,fit,1.1061479716094182,4.4179267391978385,12,12,0,1.5264195062365906,0.12199432594790856,63,54,0.2473594844341278,0.19619298127109266,0.22051038,0.3211746396937205,0.5569825077663688,3.6219065991151536,0.04949158677732886,0.47224796543252723,13.8934212287429
498,99,fit,1.1447181809301692,8.094959477156552,12,12,0,3.177299447272303,0.10743065994805565,69,47,0.3022070825099945,0.1874915091368746,0.0,0.0,1.2006402875362154,5.225818549770029,0.13231535510070758,1.2625510982891943,30.20794564351409
499,116,fit,1.297155658446774,4.919748679960581,14,14,0,1.6208860380431047,0.1766820553337865,83,92,0.40650126338005066,0.43163587844800755,0.0,0.0,0.5815511432934483,3.766483298716762,0.05733497052194451,0.5470894133773331,10.159883033924867
500,112,fit,1.3026935253379544,3.695108550579911,18,18,0,0.7693772504444666,0.3574940783182138,75,71,0.35773929953575134,0.3014491889661377,0.22572367,0.3433054493295352,0.5460668438031899,1.0105505684157652,0.01066487799154625,0.10176410297276955,2.1057020273186424
501,117,fit,1.2407515179697384,3.472111986428642,17,17,0,12.031533787595583,0.33741106321547765,80,100,0.3501400053501129,0.9405678381445335,0.0,0.0,5.773070603232595,9.7665983541947,0.6053629017728337,5.776363566534672,117.91710484514692
502,116,fit,1.1737851712650869,6.98297865607347,19,19,0,1.6104802474086692,0.25503641859697623,78,81,0.33219587802886963,0.3631692665223827,0.2851385,0.06990979095526129,0.29943907476126047,1.3601830190768773,0.010289942069250128,0.09818647012643252,1.88858887514236
503,108,fit,1.2621922236685676,5.8862354789614635,13,13,0,0.4209149272607432,0.1636354230571111,76,76,0.351633220911026,0.3418814794820892,0.26448184,0.29465229266982274,0.1828067379613884,1.0463269810056062,0.018200736584862674,0.17367115061891863,3.6701367092879966
504,102,fit,1.0872576197383896,3.3477358866649403,15,15,0,0.3090803971994435,0.15899488011680968,67,66,0.2649043798446655,0.25540303211887727,0.058323283,0.0,0.09836221137428436,0.22450003012132036,0.0016558172648840656,0.015799783061870853,0.42442783857095195
505,97,fit,1.1021201518268549,2.567735290250371,17,17,0,1.7535472097817906,0.2362217524663539,62,62,0.25025036931037903,0.22644169177128762,0.18525253,0.28883499045540045,0.25410900657091345,3.3623320969443076,0.026683369945056455,0.25461230863603485,6.841188275083963
506,106,fit,1.2255365702638028,2.8185259145536627,13,13,0,4.292188974709644,0.10037736208667107,73,93,0.31331223249435425,0.5607856818531892,0.0,0.10368612248121668,2.657576477955017,7.596316353692133,0.2837686654288414,2.707716273175967,66.1103896214918
507,202,fit,1.2300997818127795,1.5496595142247014,15,15,0,7.674919243815231,0.15569982552132486,74,161,0.34236571192741394,0.5341018166901548,0.0,0.0,3.0431651158077666,7.554435743389648,0.3697084383080533,3.527752273931806,63.957696003444916
508,110,fit,1.221342312822378,2.042088351222403,13,13,0,3.8061794834415235,0.15790672319523577,77,56,0.3515234887599945,0.24826390949938984,0.35115793,0.25362903135488113,1.0559260853720982,5.2284258741899095,0.16696364961353943,1.5931645955490403,31.13573331665009
509,109,fit,1.0423406336875312,6.391953625013694,18,18,0,0.4432220479049194,0.8263018208808897,71,77,0.2819330394268036,0.3331993749849001,0.0,0.0,0.5835480607470627,1.3228150724165648,0.0077802763889531015,0.07423927852054486,1.5902926352954507
510,109,fit,1.185585574722005,5.355451862096132,18,18,0,1.4901979526638955,0.2187001536357251,73,76,0.33974751830101013,0.33183811502518523,0.1888805,0.17292481377372132,0.5642301588352662,2.4058769916289804,0.02194094874638816,0.2093601979617191,4.344327317504607
511,99,fit,1.2421066157888332,6.384405360974985,7,7,0,0.17998876773895714,0.07220898491583537,73,64,0.3297909200191498,0.25963276961259957,0.35750413,0.4609853010355657,0.6739128622072627,1.6375263384537346,0.023789257387635376,0.22699673079804747,6.521891980199988
512,101,fit,1.140532354538918,5.689205724457621,13,13,0,8.89428361929588,0.7787393495397047,69,88,0.2996964156627655,0.2955232096871406,0.39216885,0.40524519229406664,2.780103660202356,9.111300421107382,0.2838916170877303,2.7088894760279607,69.65281156748514
513,95,fit,1.131780375813616,4.6861253352054515,18,18,0,0.5142452986886897,0.4785165847016137,59,58,0.2352011501789093,0.2119340157721407,0.17940257,0.14306055482084612,0.23310132327061972,0.31512987421156347,0.00323560796349183,0.030874121789044178,0.8434364841699292
514,88,fit,1.024038546533292,2.5759011168612593,9,9,0,0.1210685128735606,0.057513560242395054,60,53,0.22180522978305817,0.18330138007830407,0.08382386,0.0,0.36779625830849083,0.8649451755821547,0.004009344993352431,0.03825710871519496,1.475937039622213
515,87,fit,0.9524782676774864,3.506714430835876,17,17,0,4.180257161640475,0.3589687866274911,51,64,0.17654888331890106,0.2141927545607338,0.16337222,0.2664137215028087,0.6009952331775793,5.253954271611657,0.06224173735862804,0.5939097076204966,18.208427285227817
516,94,fit,1.0241939767441501,2.108661467601016,18,18,0,13.978242813502884,0.12662553127321147,58,23,0.21226947009563446,0.06058557286781354,0.1629058,0.0,1.6264450505872015,7.7472616045659874,0.14301202557176934,1.3646185646161195,41.63338886893549
517,101,fit,1.2328652987608733,4.610552098133415,10,10,0,0.18880587520797393,0.1516008344146883,73,82,0.33642473816871643,0.3666696115262737,0.14449419,0.2640496061128219,0.33570011386447446,2.2845407267318274,0.017555063039693272,0.16751014350852358,3.8245787266247677
518,107,fit,1.2456975679122275,7.132795650750908,7,7,0,1.4678259041035733,0.14748070238863079,81,100,0.39231330156326294,0.5819073860274432,0.0,0.0,2.550208818039143,8.046453875110227,0.28268760951233457,2.6974008541253296,56.76975199820208
519,109,fit,1.190297004467771,4.77572505970366,10,10,0,3.3530656303059048,0.10617241199760398,80,99,0.36360788345336914,0.7898348460493972,0.24192162,0.28570616962900974,4.251561849543321,9.086910332306678,0.4602411084245828,4.391613630005561,106.93977398998223
520,105,fit,1.3095746098661392,3.4656422390025274,9,9,0,1.8954489071350102,0.1200934658308358,78,51,0.3684915602207184,0.20917839339351557,0.29188725,0.2721530432215825,1.5546905889962892,5.506970620313602,0.1435197370101801,1.3694631394101153,31.98826489126431
521,102,fit,1.1473213760860599,3.8815807820726125,13,13,0,1.697317751522393,0.078404500402898,69,80,0.29615479707717896,0.31651085858942796,0.1646153,0.13411953821335684,0.6287028672686827,4.521356009167577,0.0659300681672436,0.6291037038859122,16.50346520691747
522,108,fallback,1.2654222249984741,6.080557824616457,3,3,0,0.46869162649201684,0.06496329104443524,86,83,0.4131554067134857,0.3868363658143561,0.0,0.0,0.26355784889516276,2.07924878896012,0.012185475768194367,0.11627362374231266,2.867065455919245
523,106,fit,1.1716414515837883,2.0082376939575584,19,19,0,0.31571644076274313,0.32135322389537335,69,68,0.2971439063549042,0.2722182604422351,0.22077668,0.26504450725724277,0.23810671198578917,0.2549818491018385,0.0020583546450668212,0.01964078859796585,0.44734953761682245
524,100,fit,1.1331096020230862,6.832841588293884,11,11,0,0.5612407004870398,0.11422601743038967,71,81,0.3131917119026184,0.35920682796384346,0.24975353,0.1843751485702135,0.4510128019519651,3.036396751040317,0.029500605597788936,0.2814943282231769,6.272212444217822
525,106,fit,1.235559259949717,5.546408306406672,16,16,0,14.148293889716987,0.598614472748023,72,90,0.32752493023872375,0.33641470067801255,0.16602232,0.02611435696783453,2.777823142335561,9.293964032629571,0.3178731166337468,3.0331404258945303,64.17641362443456
526,99,fit,1.0687382946612527,8.338827727166358,11,11,0,1.0258720219188868,0.04551073765392354,70,88,0.28910139203071594,0.4022747006878649,0.0,0.0,1.0941155685387605,4.9100448778752135,0.09916109393298127,0.9461936443986761,24.484418895560623
527,96,fit,1.1428926759930396,1.9587402606167288,16,16,0,13.907013952736353,0.0896009663734032,62,80,0.24853433668613434,0.24127261510326278,0.06593575,0.0,2.516321515393524,9.080408180587161,0.25432247351437115,2.4267411594882744,65.4929235684057
528,93,fit,1.0363937739836813,3.9952352675635234,17,17,0,2.0513146679013214,0.079938725612828,56,49,0.212155282497406,0.16714676071030132,0.19491312,0.1667745569843641,0.4532332358848616,2.4489544047069014,0.03826329508338352,0.3651077775132015,10.768425233402553
529,101,fit,1.100443586166188,4.903993464363161,18,19,1,12.307562351696292,0.2230183156536654,65,82,0.26355648040771484,0.7201985583180291,0.21697521,0.1456330574026776,4.6019478557852995,9.212150201520881,0.3891783499558079,3.713533873624121,74.86650364198395
530,121,fit,1.1233411170883063,5.433482696771857,15,15,0,1.5608656609596907,0.25864461187194904,87,79,0.39718955755233765,0.34790675447578107,0.078774385,0.05558713408619933,0.7747231180295424,3.3724647583257235,0.042406201117826725,0.4046393236433848,8.448295191324855
531,102,fit,1.1833074062679447,3.840813178069372,14,14,0,1.7416312504364626,0.13334387351549318,70,88,0.3043098747730255,0.4443902290950249,0.24549676,0.2752131981892245,1.3678241548195325,5.154513121129448,0.11490860381373431,1.0964561432608235,24.514212677625594
532,123,fit,1.171590609941971,5.100642301775193,16,15,-1,0.4558714821921001,0.1794506127028647,88,84,0.40472280979156494,0.38006001905741543,0.06722605,0.10703844747649256,0.3327416196460659,0.04812269556909167,0.00108732059101929,0.010375196479191698,0.20487635125030706
533,94,fit,1.0404428883559222,4.752040061613937,13,13,0,0.23646840168956856,0.12577713892223114,62,70,0.2381909191608429,0.27121460014153037,0.16288967,0.25871528975286034,0.3122818256788579,1.9676066035085982,0.011082860614544606,0.10575248678000577,2.852779745483168
534,383,fit,1.3781827390186456,6.271301866016669,12,12,0,0.38538583540933863,0.14685710981102623,86,107,0.4336966574192047,0.5289666402550433,0.0,0.0,0.9230876109897241,3.830871182500669,0.08934738750341091,0.8525514074752949,15.457280852217849
535,107,fit,1.1449209178303257,3.018699977477005,12,12,0,0.19488803537896926,0.10362763101667942,76,69,0.3032070994377136,0.27807185056672007,0.20760994,0.34548788700156097,0.371872439927506,0.5846674966648192,0.0017226510622052398,0.01643751013554618,0.4338357134850055
536,96,fit,1.1562950861334247,4.394980468908004,11,11,0,1.4996137532814386,0.052426248990082906,66,71,0.2727242708206177,0.27128506586017626,0.29861274,0.3614423128251595,0.4197094848472818,4.5883028129799355,0.051882100607779924,0.49505821190629695,13.860121563219565
537,232,fit,1.3175213480832848,5.4074323054605,9,9,0,0.2441713218111942,0.03873810546427851,88,87,0.419182687997818,0.4235584691471641,0.0,0.0,0.5356796614501489,1.6898435057135504,0.016783860351532967,0.1601513392321848,3.1026553657273035
538,102,fit,1.2465957372152716,5.317028167073658,10,10,0,2.288049602357219,0.07151845035958936,73,92,0.3445344865322113,0.44138534151992037,0.06350216,0.06889746547003595,1.769539261346538,6.613641061265901,0.1631494766750132,1.556769815601271,36.60556157325861
539,105,fit,1.2650509928017757,2.2435317232495424,15,15,0,0.2833977393162675,0.12252129501036275,71,65,0.3097085654735565,0.2549736328852227,0.13050312,0.03594372170378928,0.536854841256409,0.5053594182973835,0.002845290276025966,0.027149716374293566,0.6750309469294518
540,108,fit,1.200336092064826,3.6561517739604183,14,14,0,10.911372123961746,0.10576143543629177,75,94,0.32902243733406067,0.5494833200614162,0.2427439,0.34683346613332944,4.06167521626443,9.994235283693998,0.42057164843270195,4.013088248403644,94.16454029116794
541,95,fit,1.0115748343853759,3.250852214863023,23,23,0,5.726318300655288,0.2473830254742778,53,72,0.1870480477809906,0.24392956172691635,0.0,0.0,0.7470791481384047,4.894749470478644,0.0660861631496214,0.6305931598246317,16.96390971047887
542,95,fit,1.081862817244131,3.6195738067140373,19,19,0,0.3814950525081559,0.2749492274726789,57,60,0.21924322843551636,0.220133968912698,0.0,0.0,0.10305230487560742,0.2069880919679898,0.0018860744317255825,0.017996893432496015,0.47880153277887877
543,105,fit,1.0886286909201732,4.757679786453732,20,20,0,22.33822360125259,0.6701423559797562,68,85,0.28311440348625183,0.3664205159561526,0.22161444,0.3322606771457168,3.1738036217616368,9.538990832336644,0.3473178903538978,3.3141020071936813,80.23264213172862
544,102,fit,1.0890084962374271,6.460135493323694,17,17,0,7.051048840506365,0.28270242273428775,66,68,0.28803128004074097,0.28915636783406684,0.0,0.0,0.8254390866214276,5.7461531134803545,0.1480840405352695,1.4130156539624952,27.396626516081078
545,102,fit,1.0293722259078972,4.832038748873495,16,16,0,11.313249271588866,0.10187905487954897,68,59,0.2792367935180664,0.16780166782872533,0.2370906,0.27926368209934876,1.9718369261202084,7.953166403277037,0.2348280229727741,2.2407254100455543,52.99990770086321
546,105,fallback,1.2446202039718628,7.389615959839367,3,3,0,0.3974451308488474,0.015948608502560694,83,102,0.38753601908683777,0.5580143422940953,0.0,0.0,1.9950269177503033,6.911961895261852,0.19562076100627807,1.8666103149454014,45.908689172010945
547,104,fit,1.1577000984313417,4.438289269852934,14,14,0,0.8685155766322972,0.27599733492027373,71,79,0.309291809797287,0.3570264966024077,0.060809977,0.0,0.4529536851712936,2.536983060442085,0.029938641491428778,0.28567406003271734,5.874617860142635
548,91,fit,1.096912845752458,3.6942103077466566,15,15,0,13.87555358386984,0.0648016048209475,57,24,0.22358351945877075,0.061753342445232944,0.017151024,0.0,1.6985389570863054,9.407860816244742,0.2119612257080086,2.0225307796565706,58.73200011569769
549,102,fit,1.137203766508594,5.017749842592159,15,15,0,0.3941473456502036,0.32256699622826207,68,73,0.28662389516830444,0.3106841921645188,0.2568955,0.2389793745321059,0.24985662261745145,0.6900210983690965,0.0031430478360424947,0.029990914466054338,0.6863962066154049
550,97,fit,1.0398767239935665,1.2188339491330513,19,19,0,1.2278390725015633,0.23755979170464764,60,72,0.23643901944160461,0.27314693289887026,0.29349235,0.3361597872405768,0.38265290752472464,3.295660829610399,0.03687620050119888,0.3518721421870122,8.969341170828256
551,115,fit,1.1842809969884485,4.084552060902117,17,17,0,15.756036157316053,0.12172602561216724,78,98,0.33414602279663086,0.4930814787815965,0.2907605,0.2651554225413885,4.184170379946342,9.451591151317945,0.3738538439549461,3.567307671325821,80.67185585983408
552,117,fit,1.111495393196504,7.58579028028154,11,11,0,0.5375070353215212,0.1786808650322571,87,79,0.3743981122970581,0.35005575062014926,0.0,0.0,0.2606084784297369,1.652272489347778,0.006917763004052768,0.06600918896996916,1.4914614016644754
553,105,fit,1.3787550157667694,3.3886811210214134,5,5,0,0.11550614760751736,0.05991983333244941,80,100,0.3665384352207184,0.4222664436129271,0.075018436,0.09966666002019865,0.7729698492483426,4.035495340441634,0.07047281841591083,0.6724505574037293,17.162096459949417
554,103,fit,1.1635249498886209,4.4384254255012126,13,13,0,0.19767746180838708,0.03964658377484627,72,71,0.301760733127594,0.28897637741591903,0.2619271,0.22227496472649197,0.21589465912243386,0.05292104667403599,0.0006475724955233563,0.00617912686568088,0.1532647146309485
555,117,fit,1.1593482591070914,4.83174483015338,15,15,0,6.691966087604126,0.16590008082137367,83,102,0.32148122787475586,0.7591260315292861,0.2542824,0.2705574292935134,4.285557252514702,8.375406325634472,0.4461499532350344,4.25715604231903,93.55635954948549
556,102,fit,1.0526437226785152,5.289668367784672,16,16,0,8.405491939714516,0.15890166882739332,68,86,0.2738252878189087,0.5684019886863744,0.11962916,0.01653020309758721,3.0573351298650584,8.110505837399227,0.2823171733176985,2.6938661576116267,56.76708925208772
557,100,fit,1.0606066790658528,4.3242417590158055,15,15,0,4.63489518001713,0.37523974972191215,67,64,0.2637248635292053,0.2178193402475766,0.2976652,0.35060822829202865,0.9592980707280823,5.603318332418377,0.09545407630578497,0.9108213387956581,25.829358901218807
558,96,fit,1.1588378455048833,3.7294478780297307,16,16,0,1.4085254156826659,0.16292805566603907,62,80,0.25377827882766724,0.30592423818714465,0.15963301,0.05843488053884347,0.6045563738753258,4.040409796912005,0.060940274105165636,0.5814911651256263,15.269070254713224
559,100,fit,1.1289418710349381,4.667338880744321,14,14,0,11.654044648652196,0.14239935555090844,67,86,0.26622989773750305,0.1926891157311811,0.31482765,0.3861235966769073,2.9500919778390715,9.316379773832477,0.29387199001234426,2.8041220421025215,71.57761897420838
560,100,fit,1.0514408041118293,5.25788189865812,16,17,1,2.327234821161182,0.41683718223711164,65,61,0.25734275579452515,0.2070621360231587,0.3025854,0.3662251617376588,0.46555146961525445,3.756127921501798,0.036227126320757426,0.34567868626676934,9.735386530292088
561,104,fit,1.1123401945021394,5.096934057237815,17,17,0,5.953070802508563,0.24877144669712262,68,87,0.2794676125049591,0.33655024593161287,0.013153924,0.0,1.1942500266888247,6.073851668522664,0.13334983764344088,1.272422114918329,29.52897373785944
562,107,fit,1.150213294596094,4.19834395267483,18,18,0,0.3375961276752829,0.24807870042837202,70,89,0.3025803864002228,0.3933207354251146,0.00587207,0.0,0.9534721451042469,0.4357536184133122,0.0034182748599880896,0.03261712652660391,0.6171898958311736
563,367,fit,1.0568148583866612,6.117546753036621,11,11,0,2.481585366190713,0.6101185243657785,80,62,0.36036744713783264,0.25643392520041125,0.0,0.033997074285745166,1.123971670111774,5.204107765545707,0.11047841669946794,1.0541833654529382,24.569859699652465
564,97,fit,0.9925075171146617,3.0345510118141736,21,21,0,11.108142640874394,0.5254951285545401,58,76,0.20191583037376404,0.3243889809700949,0.1902845,0.2676866974129204,1.6087640662573974,7.180394803266844,0.19868819213723307,1.8958796959659643,56.31922480589787
565,102,fit,1.2786560944221432,3.179775522528606,13,13,0,0.23736486603534576,0.09166510646273311,71,81,0.3307145833969116,0.34958990395900646,0.097089015,0.18293134213665396,0.24165419341688618,2.4791295109368128,0.022901377222749732,0.21852459182013104,4.897991917151461
566,117,fit,1.1411621544645993,5.187803977403198,15,15,0,0.7297523700490587,0.12423845890690996,84,81,0.3681144714355469,0.34791847867689096,0.0,0.0,0.19642239801297767,2.8872604196724807,0.03322961775401548,0.31707650528640724,7.152712054288182
567,104,fit,1.2795628729657187,3.8636017589377625,11,11,0,0.9148874279856188,0.26169753122551104,75,93,0.3551987111568451,0.4400663813033527,0.0,0.0,0.8556897787505313,4.376724160201367,0.07770648730693318,0.7414741155241715,15.91614537901237
568,109,fit,1.2124954306914386,5.272282200568487,13,13,0,5.550851261540133,0.2311758360700259,78,96,0.35525357723236084,0.7472567826074871,0.09513785,0.021951269504709253,4.100349330169747,8.460397164523467,0.35016554118834203,3.3412742479803628,63.00704805755156
