idx,T,quality,v0,w0,tc_real,tc_twin,dtc,air_com_dev_mm,air_ang_dev_deg,contact_frames_real,contact_frames_twin,stop_dist_real,stop_dist_twin,e_z_real,e_z_twin,rest_offset_w,wind_mag,wind_offset_m,wind_offset_w,wind_offset_pct
0,111,fit,1.3391368756721636,5.224510650123767,11,11,0,0.18908407614528203,0.06262086281319684,82,100,0.4031098783016205,0.48923190985850523,0.09632977,0.01488998220653591,0.891335645741903,0.033261679128023094,0.0005191709705369962,0.0049539214745896575,0.08611904984865551
1,99,fit,1.1126430885453118,3.153414366927388,14,14,0,0.5982969384078812,0.07517238152184744,67,58,0.27458685636520386,0.20887868686216934,0.018714849,0.031566105900348425,0.6369677247797563,1.1286502835587933,0.009852020507516525,0.09400782927019584,2.7591195021571377
2,104,fit,1.1842271392262225,4.241812957860962,11,11,0,0.3936467387979816,0.06444047815648762,73,69,0.3160378932952881,0.2828389210566866,0.045541037,0.1294280083946069,0.3744257201023331,1.64986191186843,0.014342165610797443,0.13685272529386872,3.5356711655386612
3,111,fit,1.2380356893339635,3.5259657371594844,15,15,0,0.2428602044898025,0.11899260517724405,77,75,0.34995049238204956,0.31958232244805446,0.14506747,0.09489831241061536,0.33320704898010134,0.9478382179174555,0.0038841303344024657,0.037062312351168566,0.8207484570070607
4,90,fit,1.0633523305849486,3.9489505054703393,21,21,0,1.8116982632476741,0.15059548995605015,51,55,0.18765677511692047,0.19024266289522304,0.13458951,0.0,0.038078021856560486,1.9700614870502442,0.015153485919165913,0.14459433128975108,3.9117778210401344
5,104,fit,1.1174659284453319,2.0423768550959034,21,21,0,0.35568801889022894,0.11861047112096341,65,60,0.24487075209617615,0.21747669757076393,0.12111304,0.030697917639927665,0.30678570885727496,0.8736362820145277,0.0042539501129809755,0.04059112703226121,1.033541012579132
6,101,fit,1.2250308705085768,4.0693891478900115,13,13,0,0.29196234787110126,0.11759337977939145,70,74,0.306805819272995,0.31650096389705673,0.12965216,0.1883820118695838,0.11478897093243837,1.8468017352886024,0.011252221968047685,0.10736853022946265,2.534223633980122
7,105,fit,1.1338154679338635,6.716479673986876,16,16,0,0.43548837286990666,0.11034972978965624,71,89,0.32051464915275574,0.4032784233222715,0.0,0.0,0.8049082365540552,0.29342240091171967,0.003932572223693654,0.037524544119214256,0.7127746203274336
8,98,fit,1.0227561600505186,0.742771263205658,17,17,0,0.3814772971971584,0.18169824012230923,64,81,0.2512023448944092,0.33283934237100654,0.33558625,0.22809235705094408,0.7932796570946659,1.34925519859511,0.0077295925712405535,0.07375565430573047,1.6138116952031734
9,102,fit,1.1374396198225898,3.432872903274964,12,12,0,0.20774242158257458,0.06164706623970963,72,68,0.2869386076927185,0.2679044400572614,0.2694296,0.3244025001288217,0.2972724157707123,0.8390011751340506,0.0031749133010567335,0.030294974246724556,0.8115967124538863
10,105,fit,1.095575096554239,3.1007709324406156,13,14,1,0.31904528007509475,0.3113858944716493,73,70,0.27073797583580017,0.2647670452331676,0.30464384,0.3287808280311821,0.5631556782216417,2.442730064997383,0.015936912386793574,0.15206977468314478,4.114650648205025
11,104,fit,1.1074410973691553,2.64173772633113,18,18,0,0.8065832274637187,0.20317781737677418,67,62,0.2643454372882843,0.2335062580480036,0.1780551,0.04436297139604554,0.3510538881306803,1.1585085820637746,0.007392334601216341,0.07053754390473607,1.8307580355892454
12,111,fit,1.1011887256001873,0.547241870203375,22,22,0,2.2498287917535222,0.111327693115557,71,80,0.3033127188682556,0.37680236640304493,0.0,0.0,0.6869729146076653,1.691267612372312,0.03733260062863981,0.35622710523511264,6.111578628860124
13,104,fit,1.0563934155188914,2.3882888025506595,15,15,0,0.8427967209841954,0.1281890043419374,70,59,0.277720183134079,0.2134545332099319,0.37782225,0.3782898709104913,0.6985055489746418,2.1493277029612985,0.016639058110970745,0.1587696384634613,4.513575548877239
14,90,fit,1.0415916414613955,3.1538497335708744,14,14,0,0.9033438035057688,0.07486765064829518,56,56,0.1997862607240677,0.19613738338400424,0.07854188,0.13062035127540025,0.26450610565585886,2.4998165857308554,0.017643886188627975,0.16835769263957992,5.317901516239327
15,88,fit,1.1092534485752656,3.8443447981376875,10,10,0,0.11069235737582583,0.07317553905182736,59,68,0.2287186235189438,0.2650575303534119,0.14353503,0.09735584599572236,0.3471663601014921,0.903012891653239,0.0030196588364298778,0.028813538515552267,0.840680675632172
16,97,fit,1.077251506237499,5.601974008557652,12,12,0,0.739580203401233,0.14156210315202203,66,57,0.27268922328948975,0.2030662906318494,0.28928232,0.3948399423266538,0.6759965179230903,1.6562034167983515,0.01614657217417038,0.1540703451733815,4.806602867071777
17,109,fit,1.1379553489908374,5.6966385239428,16,17,1,0.8088487246663317,0.4036637549513766,73,92,0.32441437244415283,0.4185475054130704,0.0,0.024011327897315974,0.9934579555497351,0.0735860014922548,0.0004223692011593912,0.00403024046907816,0.07384686700302287
18,104,fit,1.1198612623814015,4.0674706097623545,15,15,0,0.7294395100949225,0.23875057925410692,70,72,0.30114123225212097,0.308601818496841,0.10895351,0.05792312378879329,0.2452728441313297,0.9060718345807866,0.014164056765913294,0.13515321341520317,3.0264095724403752
19,112,fit,1.2068144194819679,5.114613406358618,16,16,0,1.2136173975965143,0.5266936628972392,78,81,0.35990622639656067,0.3784368182806747,0.074919954,0.0,0.27453284464785876,1.3778105939192218,0.029015551213916028,0.276865946697672,5.1256657251620314
20,111,fit,1.1533922778341785,4.583609570289716,15,15,0,0.3361523904437784,0.12597793577079058,78,90,0.35472023487091064,0.4283929465153432,0.008177728,0.031225250645526517,0.7436986409000019,2.405885717069383,0.022624973960470918,0.21588715611136372,4.081922804874599
21,97,fit,1.1109953247890252,4.610098476690849,15,15,0,0.616186572702567,0.9965005536113526,63,66,0.2618328630924225,0.2618661096534048,0.22496636,0.2898620875895398,0.031218095112645918,1.1775044935839492,0.006399099154082151,0.06106010643208159,1.5627978425607243
22,99,fit,1.1072633927402975,3.13359261347517,10,10,0,0.13006114177583525,0.028252590930257858,69,61,0.27528083324432373,0.22326706600651194,0.0,0.14251953824386543,0.5029585459598828,0.5245161467647934,0.0016385502984159485,0.01563502193144989,0.5065026839408213
23,96,fit,1.0364965881890906,5.168847615590887,14,14,0,0.333378587503282,0.15189752032756862,63,66,0.2276235818862915,0.23671047981168158,0.23864686,0.39427081344834175,0.22083947694437597,1.2384247713126637,0.006889933378751438,0.06574363911022364,1.821935856386136
24,105,fit,1.23300746734812,3.9446184244075977,11,11,0,0.18267911880194032,0.06358854746356116,76,76,0.3339241147041321,0.32066724101345084,0.2918901,0.3936303986103029,0.618050832348841,0.9113451763623253,0.005360874831673515,0.051153385798411395,1.2086789767714163
25,107,fit,1.1332289935238746,3.957914032703484,16,16,0,0.5945163001693067,0.44098759521845377,72,62,0.30060192942619324,0.2360136738944258,0.07344079,0.0,0.6530059432934777,0.5537719081835177,0.0017034433120695473,0.016254230076999495,0.4265246990780484
26,103,fit,1.1779252162124543,1.592642170314479,17,17,0,0.359004065749922,0.0337825569751973,67,65,0.27189919352531433,0.2526445911833145,0.13090037,0.07624410588597628,0.18401023271293887,0.9596121983379063,0.0042687872018997595,0.04073270230820381,1.0162185342761167
27,110,fit,1.2249530563978375,3.561751408525402,15,15,0,0.38469203709388305,0.14795720782838562,77,77,0.34328630566596985,0.34160920440790965,0.014559249,0.0,0.10783597916585629,1.139103766800405,0.005185398112177564,0.04947898962001492,1.0396117973669132
28,105,fit,1.1023301198345004,3.0641474026919613,15,15,0,0.9513214523104325,0.7492040424180602,72,71,0.2864900827407837,0.2867767091736497,0.21555296,0.2322216918619621,0.6197936938626772,1.8294326238365177,0.021127245122765842,0.20159585040807101,4.680638040076557
29,107,fit,1.2491906502057413,2.58570671033176,16,16,0,0.26110047651783763,0.13304486779649294,72,72,0.33909931778907776,0.29931846619545643,0.23848513,0.10840376045775856,0.38558064078899545,1.1772049559062137,0.006557394577494268,0.06257055894555599,1.4258826171398127
30,93,fit,1.0812638674079962,7.499074566926833,15,15,0,0.913305688928703,0.18980779396139258,58,58,0.21137849986553192,0.20463017511741405,0.1604408,0.30594899515855906,0.12506551552175482,0.24307935704735878,0.001225866492726763,0.011697199358079799,0.3498988422342916
31,111,fit,1.2722511195594275,3.710826569835496,14,14,0,0.4880711401193976,0.12219948092791154,78,74,0.3596530854701996,0.31312205147572614,0.31765443,0.36129486646048703,0.5407079793521744,0.5710238328269451,0.00854012631842423,0.08148975494679608,1.7847839825104375
32,93,fit,1.0943040421990906,2.5268988601943505,18,18,0,0.2585472118294399,0.07489129478520476,56,59,0.21801342070102692,0.21468468790401737,0.0,0.0,0.18330850432128062,0.9584785750278726,0.003952146183842375,0.03771131854811426,1.0355297306735305
33,116,fit,1.1863402179405582,5.789709392509369,14,14,0,0.8063981046951637,0.11112421923138041,83,76,0.39092013239860535,0.3408148111557168,0.0,0.0,0.4998318529620603,1.358748202790129,0.02421164334682413,0.23102713117198595,4.782771870670975
34,91,fit,1.1140369545761641,3.4586693327146367,13,13,0,0.16578109035290167,0.10419920192484709,60,65,0.23872195184230804,0.24782353858302844,0.19785726,0.1594775329544564,0.17471266519954462,0.8344420588031449,0.0028973540951399515,0.02764650854141175,0.7713349095911316
35,92,fit,1.051560133183086,4.223780842508087,12,12,0,0.2340281923261171,0.03577624385847543,61,69,0.225594162940979,0.2577128768502337,0.3024692,0.35140865719648084,0.326314496201057,1.3643924560194265,0.0050277715119489315,0.04797491900714629,1.3388157052213094
36,101,fit,1.1418800964507936,2.0170794368385523,19,18,-1,0.7318474779225265,0.3953329109983046,64,62,0.2574159502983093,0.23355796095467993,0.0,0.0,0.3096837310338121,1.3539269517192087,0.006181041061948369,0.05897939944607222,1.498724786734005
37,120,fit,1.2993600090247528,2.632007191463091,23,23,0,0.7094444265330505,0.4107514001495994,77,69,0.34541216492652893,0.28196993696695394,0.20697261,0.3155065788735836,0.6242092113790717,1.2498827879847114,0.005675672334554291,0.05415717876483102,1.0872202477777586
38,110,fit,1.156305914963228,4.622235004007164,15,15,0,1.3021401147867977,0.04363442953315205,75,65,0.3159308433532715,0.26667712087833817,0.0067206775,0.1942417820503133,0.48262375762393134,2.0643974753745358,0.040569260485913396,0.3871112641785629,8.923302588790817
39,101,fit,1.2967507356028085,1.3986934009209726,14,14,0,0.2504026808445497,0.20933773006585446,68,76,0.3006303608417511,0.32858651720478904,0.15890956,0.176982749346357,0.4112604633043406,1.1431753943430696,0.0056129816335895545,0.053558985053335444,1.1581616783356024
40,101,fit,1.2047288436669652,4.27095049214033,14,14,0,0.3940181357243088,0.10501011147483826,69,70,0.2951063811779022,0.2842165601512066,0.2944967,0.37371917377060576,0.13343248070340286,0.2875188516154892,0.0027903816942652024,0.02662577952543132,0.6360585517909441
41,94,fit,1.0538224688283295,3.8283635076789104,15,15,0,0.35176407951276817,0.08611024447055758,61,67,0.23761756718158722,0.24637316011333535,0.2683707,0.3893318189376597,0.10661421012670608,2.04686566685157,0.009042330842832487,0.08628178285145503,2.2954386608818265
42,107,fit,1.1769833011366564,6.0066014196465956,14,14,0,0.671951502511121,0.13759812947971964,75,93,0.34134581685066223,0.4501242877655054,0.0,0.0,1.0373992192558725,1.7600671128359706,0.013730767615355027,0.13101877495567774,2.361660179445367
43,97,fit,1.1139197440713615,2.724635158825584,21,21,0,0.4247705802323461,0.1410539071971741,58,58,0.2173788994550705,0.20732830686279083,0.07510351,0.0,0.12734072598871157,0.8279886767151285,0.0029521322105980144,0.028169200482805478,0.7279494077924783
44,98,fit,1.1085902323243808,3.732392083443043,15,15,0,1.00546489003726,0.37529234927177474,64,69,0.2548392713069916,0.26545900777653386,0.27519,0.39738223771902076,0.35991094622770087,2.466227055447054,0.018104217268833635,0.1727501647789469,4.359524684481023
45,109,fit,1.0461741526767152,6.51769308229359,14,14,0,0.3663629877980052,0.16450980905700457,77,79,0.3313712179660797,0.34641825357767714,0.0,0.0,0.14879134601069896,1.8492931330689957,0.012236084366596046,0.11675653021561112,2.6248118248448975
46,100,fit,0.9884095993822631,4.027738612451261,16,16,0,5.072587075042252,6.0871338729429185,65,64,0.2643054723739624,0.2205691908093121,0.25547045,0.33972844617553966,0.4346768726821186,0.023345577084130677,0.0005177559388380349,0.004940419263721707,0.14006099917202505
47,103,fit,1.1716584745667646,3.8349446182902334,18,18,0,2.0144265261219827,0.5172772115417403,66,73,0.28176388144493103,0.32520524242434456,0.120145634,0.11816735126759906,0.5817381384538106,2.038882579643432,0.047299268410933536,0.4513288970508925,8.701709317847994
48,98,fit,1.20104456349758,5.077243760323339,11,11,0,0.19912414464016673,0.07758351749268276,69,78,0.3133154511451721,0.34247583069608994,0.090483114,0.1207449936248311,0.2763704487134723,1.1623314076242623,0.004484212964023515,0.04278829164144575,0.9914270208362977
49,107,fit,1.1842905386088667,4.811368045683692,15,15,0,0.3589621958524251,0.14056300012047881,73,77,0.3152022957801819,0.31614036616330976,0.27980366,0.3630624423294114,0.04993926598779289,0.25641265063145435,0.002791923273696711,0.02664048925283121,0.5885589517772343
50,96,fit,1.1633787895197143,5.856899681020988,14,14,0,0.6346509299799944,0.12793822919543543,63,66,0.25745686888694763,0.25632073908987796,0.1963673,0.28844014742571317,0.0750164439444186,1.4735927317171045,0.006322773430506085,0.060331807542996996,1.5937078237424804
51,105,fit,1.0317740128088562,9.335386400144177,6,6,0,0.2734115733028995,0.025171393633090455,80,70,0.34444084763526917,0.28061297646812544,0.0,0.0,0.6084078435684054,1.5390975281923074,0.005526673342175239,0.052735432654343876,1.60043772696208
52,99,fit,1.0582551652679184,2.9604362087952536,18,18,0,0.39454932748053945,0.09032555227871436,63,62,0.23153208196163177,0.22849934109425626,0.16320841,0.26289032011027474,0.12463860005637108,0.419527736681031,0.0018220272088962642,0.017385755810078857,0.45477490913626656
53,96,fit,1.0802632185578414,4.099613054261495,15,15,0,0.13170607435275408,0.07102801541539717,63,61,0.25687316060066223,0.22333890180873048,0.35118935,0.37806149577851944,0.4472615185836886,0.5165153859942874,0.00217785847437898,0.020781092312776528,0.5886164910793839
54,93,fit,1.1431918526962268,4.466051406021348,11,11,0,0.14938005707263333,0.09617506400961504,64,63,0.24739007651805878,0.2388017402031701,0.15254961,0.08519749982564156,0.07964181405177077,0.7769226062659716,0.002446733410476695,0.02334669284806007,0.7047359303044775
55,86,fit,1.024428973560522,2.0820159053672094,16,16,0,0.6267186784530374,0.06065385824300184,52,52,0.18463930487632751,0.17616699745187706,0.0,0.0,0.08868810696135229,1.440216572864166,0.007713981759980989,0.07360669618302469,2.3426888056269806
56,94,fit,1.1160650942629387,3.5280112486505186,15,15,0,1.7777738637506646,2.116435995179545,61,63,0.2542005479335785,0.24118901419418526,0.14538994,0.1354986070586412,0.1254433588791621,1.0124012616452422,0.00407987783704603,0.03893013203288196,1.0802324861627726
57,103,fit,1.1726356299641139,3.4977756425974125,13,13,0,0.6422473359335676,0.041344458677779784,71,66,0.29864346981048584,0.2579734449282368,0.0,0.0,0.45161668381421455,2.2074506297136653,0.01704877939045688,0.1626791926570313,4.316372696669129
58,100,fit,1.1440640616911029,4.32188242542826,11,11,0,0.12343482459253433,0.09861504681929963,70,69,0.28340575098991394,0.262962082918651,0.33187464,0.3871552569540141,0.19820830511381557,1.0007137293993642,0.0033472699592515184,0.03193959884781983,0.8726641344462635
59,109,fit,1.1673629142432853,4.613130620421583,19,19,0,0.648166441441333,0.2159771749321597,72,84,0.2986084222793579,0.3606060453400498,0.28379974,0.28008056276739796,0.607643592502645,2.4796074622486293,0.025255768238362366,0.24099015494620576,4.740370632945341
60,109,fit,1.1731080174895274,3.8030900710249638,14,14,0,0.7640928839103935,0.18316025192134286,75,65,0.3183061182498932,0.2581545164265097,0.24997516,0.14789544658688203,0.582258966331581,1.3194109016647328,0.01990618590864461,0.18994452202905163,4.760036382307843
61,104,fit,1.1568794803643132,4.247937422524704,14,14,0,1.2971350800796135,0.1539829561094167,71,60,0.28437772393226624,0.2282021248306206,0.26030034,0.24730580254117804,0.611715175080789,2.4666292497834985,0.038691292944646,0.36919172657104965,9.590393457294635
62,106,fit,1.2874907997746283,3.3409104055059977,8,8,0,0.49242664828973537,0.18902575395215454,79,80,0.3779212236404419,0.3626030308791152,0.13424656,0.3047093130301414,0.14757363312193675,0.40746351156265165,0.0031759401130144207,0.030304772070748286,0.7084644717454385
63,129,fit,1.2316117453362203,4.278929976828877,24,24,0,3.9964801938724817,0.286164347131015,85,86,0.39965054392814636,0.4152570464481735,0.084476195,0.06372380262681811,0.18268552432416638,2.3207877121829505,0.0798967543955151,0.7623736106442279,10.875887514980002
64,94,fit,1.0953881085582093,2.1709876213127517,18,18,0,0.25556871259615815,0.324424575975811,58,59,0.2171909213066101,0.21668224598755217,0.027715873,0.0348341324140375,0.10876516068049966,0.3583996267789532,0.001982528580978791,0.0189172574520877,0.5160104496339825
65,92,fit,1.1283670761981484,3.0981908070716457,15,15,0,0.4168674784193962,0.3140488297756666,59,61,0.23199637234210968,0.2253775664215528,0.0,0.0,0.06920205291674174,0.5108242144945971,0.00378744261433716,0.03613971960245382,1.0184743488027406
66,111,fit,1.146587846960403,3.0006856072325823,13,13,0,0.23246073511338627,0.0957119775065894,79,65,0.28316763043403625,0.2529230162871261,0.19927458,0.12837352432686036,0.43038616838200777,0.5895816210083821,0.0023394489673597744,0.022322986329768837,0.6095922992924049
67,99,fit,1.148097211155367,2.929429522668411,17,17,0,0.2975956458279847,0.3369013752259694,65,65,0.26332345604896545,0.2523328727675387,0.0,0.09273370488142739,0.18398252217052952,0.9176595769745385,0.003138702310765224,0.029949449530202517,0.7633771878077734
68,90,fit,1.0247877353034052,3.0664947016778057,13,13,0,0.13087651693649552,0.1001813664456577,58,62,0.21796637773513794,0.21938592000442408,0.15987691,0.12328102020485096,0.111998277310385,1.4928370051076387,0.004671886920161719,0.04457907366566525,1.3840930307108164
69,99,fit,1.1021548857278833,2.85383874336586,21,21,0,0.3769800516871335,0.2969806424085241,59,60,0.22696039080619812,0.2130694133704575,0.0,0.0,0.18862961489778263,2.004024873999267,0.011316641466508787,0.10798322010027468,2.8443705593674906
70,116,fit,1.0232970106756654,0.47461976504156456,21,21,0,1.1456179286623556,0.2375283727876854,77,85,0.3287889063358307,0.40871616116922166,0.0,0.0,0.8297788261065824,1.3502515395362715,0.019806602055446845,0.1889942944222027,3.1836937013602906
71,107,fit,0.9878906284495405,4.72642180599078,16,16,0,0.4278786262938538,0.20385404613208205,72,66,0.23090748488903046,0.2281397871375357,0.22430255,0.3564779999147675,0.1544588132831467,0.7819099832379512,0.0026166169908066906,0.024967719377926436,0.6902644434082953
72,102,fit,1.1365742732935187,2.8602338515597037,20,20,0,0.2845972484201134,0.3192857084119189,63,63,0.24736909568309784,0.23661861319208347,0.026399886,0.005117228771100688,0.1516255984044528,1.28536192809876,0.005691112427773203,0.054304507898599266,1.33276478431123
73,98,fit,1.1974167044172825,3.411154635804437,17,17,0,0.4378391403242199,0.11368086682161609,63,64,0.26198673248291016,0.25200281251524914,0.08436871,0.1509290306063123,0.12051198894541895,0.2892267458508801,0.003078216541152931,0.029372295240008884,0.7192122821718065
74,105,fit,1.2504920952600274,3.876831220741934,14,14,0,1.0921327161382257,0.1384404280823533,72,69,0.3208972215652466,0.29382080786146436,0.0,0.0,0.32068688323839795,1.8028906090479968,0.036662361146343324,0.34983169032770345,7.688997515040798
75,100,fit,1.0605938268605963,5.194314811576786,18,18,0,0.2588782065460453,0.15788879761001906,63,59,0.24242925643920898,0.2123157428183889,0.2490876,0.2167554751924698,0.2875258693032346,1.2147722290059786,0.004188359449779494,0.039965261925376847,1.104265347680302
76,93,fit,1.1517734467697824,4.4560065643179145,9,9,0,0.2339747818677886,0.0687324602342536,66,64,0.2839421033859253,0.2531673159261512,0.268148,0.170447345244983,0.2971781627768362,1.527751932119312,0.0108591483881073,0.10361782813079484,3.0684188870811164
77,109,fit,1.257017349904867,5.183963404954346,11,11,0,0.26828824911434485,0.07575147490601407,78,81,0.38417455554008484,0.36387566538448335,0.34995744,0.37064815076620056,0.31257621486036435,2.0652781353597076,0.013541640087386881,0.12921412297124887,2.8467645932861267
78,98,fit,1.1871861799067356,8.156857670808275,8,8,0,0.10689694629064769,0.03355465560394633,72,70,0.3140000104904175,0.2892957001464892,0.1350605,0.18489246737740514,0.30634849039466466,1.0994536620607465,0.003970587860252197,0.037887288742864476,1.068637530816859
79,96,fit,1.107451068780589,3.8242547944305496,14,14,0,0.33950987183786924,0.35450679766514587,63,63,0.25008273124694824,0.24044835584934646,0.12801367,0.10667770221806054,0.10948229090677683,0.6271789409839409,0.005998381303150478,0.05723646281632135,1.5842761613173457
80,108,fit,1.1441545403055735,4.6933689073399325,18,19,1,0.34934566336428313,1.225974612723055,72,73,0.3018993139266968,0.2951270928324868,0.25283462,0.2792157090910425,0.5874118279424215,0.6053124310469246,0.003356230287007723,0.03202509815847064,0.7082629510732771
81,96,fit,1.0282140608798267,4.819596767282451,14,14,0,0.9293660621768917,0.18257797572663453,63,64,0.2478310614824295,0.2400171033257475,0.2983442,0.3148736110130101,0.642737041619981,2.380158557640271,0.02261899603923939,0.21583011487823842,5.901783088043075
82,98,fit,1.1200276710870567,1.548567437264247,25,24,-1,0.7051986433919202,0.41702119330909443,55,56,0.2034716159105301,0.19516639771273891,0.19680111,0.29013964737868436,0.1698696938067732,0.7605902456828971,0.002467566775197574,0.023545484496160056,0.5839494401605873
83,96,fit,1.017378224416585,4.565716708766947,20,20,0,1.7805099021572794,1.1340820868779313,58,62,0.2127426117658615,0.2217687662125174,0.17853124,0.2878457974913176,0.1873985011714017,1.9232632514193735,0.017093169444912036,0.16310276187893163,4.137984378304007
84,120,fit,1.2085809506764846,3.144343791940508,18,18,0,1.2169454940316888,0.2133978139175897,83,78,0.39250946044921875,0.35561045306769934,0.027952626,0.0,0.43235553451499537,1.4193080731681955,0.024503021546033215,0.23380745750031692,4.335065474426974
85,98,fit,1.1499987395188416,5.861429242302061,14,14,0,0.6694114889958513,0.18338605730833205,66,74,0.27718284726142883,0.32021849388112417,0.18553689,0.12031905582219567,0.41007382761881034,0.3643844828341372,0.003225738443734812,0.030779946982202405,0.6965944680550598
86,96,fit,1.05001795930007,3.4711797077217947,19,19,0,0.6040914993605386,0.33009523061804724,60,57,0.2345188707113266,0.20264261877929574,0.0,0.0,0.33812783706216326,0.5715703718040509,0.0040300099464663066,0.038454293382312085,1.0453845860261382
87,104,fit,1.2330559155516652,3.1637627172509846,15,15,0,0.3142313905574961,0.16560300053729224,70,67,0.3155215084552765,0.2660688978638253,0.10723839,0.030826930132280498,0.4928670188666862,0.8509101795274903,0.0030163053587689065,0.02878153968290941,0.7144006836844781
88,98,fit,1.1785323585461267,2.4073951603885573,13,13,0,0.26160444764600327,0.17939294780906836,66,85,0.2835600972175598,0.35396992540952354,0.07839246,0.16061769554588523,0.6658769197221973,1.7990303679611888,0.010954276193854714,0.10452553620090375,2.309907804298332
89,100,fit,1.1904658775702466,1.8747676098798223,15,15,0,0.506468187310525,0.2003548919106624,67,73,0.2919447422027588,0.31326213745731923,0.0662308,0.0,0.19954642049508833,0.7075106946580234,0.010564366773529246,0.10080502646497372,2.2276810060172454
90,97,fit,1.2920657778657354,4.390311273387328,6,6,0,0.07560597526416485,0.02721305889346599,73,76,0.34540849924087524,0.33428486511380734,0.0,0.0,0.1365078623678788,0.4852041958927069,0.002676624235862804,0.025540307594110724,0.6654737836374932
91,103,fit,1.1916757260264081,2.2545020810712697,24,24,0,0.5009412630585806,0.1615061431897131,61,60,0.24060168862342834,0.22036402529787916,0.036569465,0.0,0.20682662976615157,0.2032481493549783,0.0018980880130770675,0.018111526842338427,0.4157082001132861
92,107,fit,1.1639147454545669,6.168156480063085,16,16,0,0.2601896627600676,0.24075267363036895,73,81,0.3221352696418762,0.36601292293375554,0.0,0.0,0.4596269108692837,0.8971943678248356,0.005899929974377701,0.05629704174024523,1.1413215367586427
93,97,fit,1.07357044190817,3.426044184197474,19,19,0,0.4744570838515615,0.1333521282558381,59,57,0.2265939563512802,0.2023275180347976,0.001410076,0.0,0.2386378220620847,0.4567274202680128,0.004335790779821067,0.041372049425773536,1.1131102133539184
94,98,fit,1.2052378829033104,3.553246830722848,13,13,0,0.9296154209557062,0.09326766939972482,67,64,0.28759780526161194,0.2576125295909796,0.14927827,0.03424154929051747,0.29981779765221267,2.2700847017418933,0.030492887873770493,0.29096267055124514,7.293966357791666
95,106,fit,1.1478675716713218,2.496386229215596,19,19,0,0.4506200492622158,0.5477192865610061,66,61,0.26108887791633606,0.22634572218255627,0.015153091,0.0,0.33480972762765865,1.3786411450772376,0.007060749763425641,0.06737356644490115,1.732931939350681
96,100,fit,1.2498024864195787,2.1540408336619064,14,14,0,0.36850416565130917,0.06766074730254597,68,67,0.2959176301956177,0.2702230710467078,0.0,0.0,0.24872344195133098,0.5043762984136279,0.0058853070108346615,0.056157509645368905,1.3845845769799883
97,103,fit,1.1357890179299883,5.032065170673433,19,19,0,0.6513479053353215,0.31245887969993696,66,71,0.274862676858902,0.2932213639882017,0.20005718,0.1781135180808277,0.1752113704097934,0.3190056570781836,0.004117740545536664,0.03929141741924298,0.8470169294614558
98,102,fit,1.2213849739933675,5.661981031354807,9,9,0,0.3985218563676435,0.033900851831387795,76,74,0.34798166155815125,0.3187357207772659,0.29914907,0.39947382313958374,0.2868861012786425,2.1289897506176625,0.025201807632625674,0.2404752636700923,5.811274613924283
99,112,fit,1.3304772403590515,4.479864803858675,5,5,0,0.06041259582068736,0.016005572271018696,88,90,0.4277842342853546,0.44128791597873385,0.0,0.0,0.3016376943685331,0.5856164436763328,0.003779965957740668,0.036068377459357516,0.7534448799293275
100,116,fit,1.048552371804086,5.855753705001037,16,16,0,0.5734630295367822,0.16033266234274723,80,80,0.3473624587059021,0.35471676112811756,0.1531031,0.06878135539515584,0.08602062639145276,0.493302930685463,0.0024546327000938145,0.02342206774898678,0.48507493198557355
101,103,fit,1.2079885663630403,5.1103074282125736,8,8,0,0.09744705841114265,0.047189759283628466,76,74,0.3383234143257141,0.3144191111916263,0.18390651,0.3120736631445498,0.22730364639712927,0.900553074869813,0.004256651461281963,0.040616903256507284,1.0739634922155412
102,95,fit,1.103505341334137,3.3529896965397334,18,18,0,1.4808789970797425,0.2021812669828976,59,59,0.2308068573474884,0.22053375987016605,0.0,0.0,0.1266474659551109,2.039151006537917,0.026357614920404865,0.25150395916416857,6.313246488091919
103,114,fit,1.238920236431987,4.222045979252412,20,20,0,0.25886331261441275,0.30238666310329054,75,72,0.33846405148506165,0.2990773991033798,0.32494307,0.3440072396870823,0.3711037885474954,1.3087565082483126,0.007969134227722168,0.07604135713475352,1.5856828586776492
104,105,fit,1.2052177128749189,3.939620494074746,19,19,0,0.7551447701093391,0.453500720021955,68,69,0.2815135419368744,0.27347352959786464,0.20613468,0.27059906943983797,0.2023931729476356,0.2890499177440471,0.002759868693038204,0.02633462493357065,0.5783440379551283
105,106,fit,1.2477165054116,3.2861147949776646,16,16,0,0.26085383288492214,0.2230254154878318,72,73,0.3198355436325073,0.3067474720058333,0.19765395,0.005606263617265263,0.13180186142503178,0.1599648811179491,0.0007020347806476344,0.006698805158851472,0.1496430659552861
106,101,fit,1.1445912919028312,1.656408040678447,15,15,0,0.14105672883333792,0.09908138186977111,67,64,0.27019497752189636,0.24199052482477745,0.0,0.0,0.27791621572335096,1.4827500009779078,0.006902361192931629,0.0658622251233934,1.810358713471113
107,101,fit,1.1152536885098587,3.6161795463226096,15,15,0,0.5763552693964039,0.17781638229929606,67,60,0.27776795625686646,0.22219315327004244,0.30294767,0.3832875995663537,0.5643204899561197,1.073262484890899,0.009201526571599944,0.08780082606488496,2.424315302418915
108,117,fit,1.1791345080164601,5.316997403610506,14,14,0,0.28576894266777403,0.19136829786736878,83,81,0.3483065962791443,0.3689953810668322,0.05910349,0.0,0.2930922299490601,0.4574815717247893,0.0014903794251025072,0.01422117772044377,0.2908285104954858
109,122,fit,1.2554296177933828,4.809865003681238,10,10,0,0.38286579031189577,0.07794191428824733,93,85,0.43639838695526123,0.39620400802399003,0.19121492,0.15919610067033158,0.40527716333940933,0.006727848157571137,0.0005622594585924313,0.005365071169775108,0.11130572108384472
110,103,fit,1.211073141648642,6.677851107266189,10,10,0,0.22365671450922583,0.04131908903612178,74,84,0.3438223600387573,0.3945246830975806,0.0,0.0,0.49733457257736147,1.9611087662813382,0.013742639295554086,0.13113205434689013,2.734733780390562
111,103,fit,1.1662773622261584,5.048016883513371,15,15,0,0.6865595094933451,0.1878369945337797,71,70,0.3126063942909241,0.28482157428110383,0.22545953,0.3057842837604086,0.2750654354652622,1.9806910925914791,0.014979812425538041,0.14293714146505765,3.3476892184417406
112,100,fit,1.1128605888439473,4.90737239899043,16,16,0,1.6980487686850638,0.29118900252115276,66,66,0.2773553133010864,0.2758557737117891,0.26353776,0.13101984197799224,0.32531639835315995,2.1347539740862813,0.0422559234259704,0.4032053762020076,8.852473346796609
113,96,fit,1.022420489570556,5.19169125991369,17,17,0,1.4041076566389228,0.3906154518685378,60,61,0.23798473179340363,0.2349497879631224,0.17822033,0.19139887281784565,0.43390560994071015,1.8169909673645996,0.029309115432364037,0.2796671319882065,6.934280285172088
114,113,fit,1.2635212540970309,2.605085089754248,13,13,0,0.4210821358173928,0.0750841308284296,82,73,0.366098552942276,0.309372269366742,0.0,0.04245548200008917,0.5517425894779929,1.55313609221296,0.008116106443727261,0.07744376377602348,1.8155934806481988
115,95,fit,1.2974938871555262,2.4836784214487118,7,7,0,0.1848086238371026,0.03859438059767426,70,70,0.3115204870700836,0.2954449133547311,0.0,0.0,0.17482394026187606,1.7475480757809592,0.022437693414069374,0.21410012799684516,5.645300691413815
116,120,fit,1.2210971468751044,4.843525259050053,12,12,0,0.30577047636432086,0.1170743358144889,89,87,0.41981470584869385,0.41922550217564475,0.08597752,0.031621539822452895,0.187649106632548,0.7983739232973114,0.008702447495980604,0.0830386211448531,1.5554229273013758
117,104,fit,1.2036798709720975,2.598281523818344,18,18,0,0.2928350932737397,0.3232373391173347,69,74,0.3145838975906372,0.3197521547873306,0.18596175,0.002914035830980607,0.049436217309072994,0.39604467403549976,0.0016040887978386582,0.015306190819071166,0.3202469834450541
118,92,fit,1.0814923527795313,3.758610238655494,11,11,0,0.31499175246606925,0.13197104831343615,63,58,0.2439415603876114,0.21380376238767004,0.13269454,0.08935373625337927,0.29117961079335974,1.2642981925636094,0.010200760713835048,0.09733550299460923,3.0544733784730487
119,101,fit,1.0941147290627093,4.844853931159453,13,13,0,0.22071221136023575,0.09578198206748093,70,71,0.27765730023384094,0.28242000967171454,0.27338642,0.3179248628981583,0.04674056561020502,1.5994741777936576,0.007495464892484512,0.0715216115695087,1.848005766782716
120,102,fit,1.0660664629332703,2.166850589873423,19,19,0,2.1079694608237327,0.534579845314896,63,52,0.24291326105594635,0.1815936364973573,0.005857012,0.0,0.6051624948395867,2.1122470071874924,0.03057434475253591,0.29173993084480826,7.947116820219092
121,98,fit,1.0992206188839198,2.399876200673236,18,18,0,0.32873340614859475,0.2160915353353443,60,56,0.23032861948013306,0.19880507667151506,0.0,0.0,0.30339472273317747,0.4401193354781936,0.001815557222731357,0.017324019300871726,0.4892256273602766
122,99,fit,1.1031637019538587,3.166592908285717,15,15,0,0.5508425250993563,0.2952449229433413,65,65,0.2588321566581726,0.2490088528765957,0.21611004,0.2700559875916161,0.18494145834355832,0.6702894106561793,0.006655665476180432,0.0635082583605003,1.6605845656368932
123,107,fit,1.1055399185268733,4.836472694068038,15,15,0,0.5657508322884955,0.5092099767368714,73,68,0.2872193455696106,0.26745287280855,0.31036842,0.3492647957651884,0.19460479001033518,0.7472448724488867,0.008001887005481174,0.07635388364008754,1.9053869994791803
124,99,fit,1.0984565313403878,4.668709516742698,16,16,0,0.43306354390209456,0.3222646688266893,64,60,0.24591168761253357,0.2178434850711466,0.21712966,0.35090861734893825,0.2744167421683181,1.0014077533082586,0.0035921867757992714,0.034276591372130454,0.9519279204956147
125,93,fit,1.1554551351814648,4.9221508654076755,10,10,0,0.09940870999128629,0.06150621623916775,65,61,0.258470743894577,0.22170868120950926,0.1769524,0.2176876540957403,0.3877052011224019,0.3992329388373759,0.000990934827604309,0.009455484996224322,0.3015354682646928
126,106,fit,1.2658557497178116,4.749943904733555,15,15,0,0.3648280784492899,0.16187475080329286,73,84,0.34208565950393677,0.3685307223222292,0.31826413,0.3266008021824821,0.6393696536823694,1.3539064607533806,0.008023276110070544,0.07655797814952808,1.5363908933441723
127,442,fit,1.1964915262072642,0.7895417820586178,36,36,0,1.4962174713837748,0.8976321601933809,65,56,0.25924527645111084,0.18238960345669333,0.29582214,0.28657951801441967,0.7842417833665927,2.380873253014688,0.02221766262614106,0.21200059757768183,4.2873466494015435
128,100,fit,1.0716770342557758,4.478340430191407,20,20,0,1.7292476384946591,0.1103431123512896,61,53,0.230417862534523,0.18170485404722417,0.18202189,0.17810017018112748,0.4735274720749049,1.9013617901692001,0.014874613403073672,0.14193333399879457,3.823189972134995
129,120,fit,1.1099478622245875,4.933075109331123,16,16,0,0.48912428607886826,0.14074782909706746,85,82,0.3827625513076782,0.36411912745271013,0.12785839,0.12076038361184327,0.44379802410872116,0.4511355819668264,0.008173123073334485,0.07798781558525272,1.5368450118281272
130,106,fit,1.2216181890890088,5.260124229652859,13,13,0,0.39939603036158183,0.24405660615036023,74,70,0.3290983736515045,0.2879805811095468,0.3065112,0.3936854540021193,0.41725162541433686,0.07972536350883065,0.00020406329921522152,0.0019471688856414265,0.04814203345642798
131,101,fit,1.07177029587963,2.945274136809279,14,14,0,0.2702355489179074,0.16479280064271007,67,67,0.2652549743652344,0.26583812927145656,0.07112008,0.002668184449627841,0.30138281604774186,0.17543872689180348,0.001450413383013882,0.01383982235700269,0.3626387368620184
132,88,fit,1.180872626371531,3.02181812873534,8,8,0,0.12361981676412771,0.053529492105065773,61,59,0.24002009630203247,0.2169402611057865,0.0,0.0,0.22488131866792274,0.6906008629025396,0.005070043165578578,0.04837827448071162,1.6476618745142932
133,104,fit,1.2930324361397603,3.971469594397253,11,11,0,0.47461893999376803,0.09525079462400646,75,78,0.3495290279388428,0.3497062623691713,0.053234212,0.1621133424706039,0.10633162650093456,2.1441271859146687,0.026535123633464868,0.2531977445941304,5.439048347039522
134,91,fit,1.1927238878740045,6.725071077907303,10,10,0,0.27679953602240776,0.07642950831710016,63,67,0.26823893189430237,0.25981848012021624,0.0,0.0,0.08071908317834618,1.3926241695135195,0.005830113121845284,0.055630850399287064,1.622781501288259
135,106,fit,1.0233635639368728,3.4997557240940966,21,21,0,0.41180686971652075,0.5041270285062696,66,61,0.2211020588874817,0.19715698127612236,0.23297209,0.28634347265019244,0.4514180563129002,0.6093261635442605,0.0019665536454513363,0.018764824861176872,0.4973973368921559
136,99,fit,1.1844098236657026,5.668258150615341,10,10,0,0.14445032281532522,0.03026729486223138,71,76,0.31505605578422546,0.325576073322247,0.2665148,0.26803164068735214,0.12198672188636694,1.2263103357023395,0.005709582718075841,0.05448075112667787,1.3286257843188487
137,111,fit,1.1241714924479491,3.9947189402040686,16,16,0,0.3386910488510954,0.1459086609306783,74,66,0.31056445837020874,0.250952340823931,0.28765082,0.3542389852604432,0.5821334578136524,0.2912424366123274,0.001493927897646255,0.014255037191281059,0.3671204232805207
138,107,fit,1.1581066165133376,3.695139741167612,14,14,0,0.45658006848450766,0.09813099102979284,74,65,0.310243159532547,0.257253944183109,0.2745328,0.2612174842362019,0.5204499062038082,1.07157776039147,0.008993407746287206,0.08581495941113745,2.2129299330489447
139,112,fit,1.2565060228368792,4.102196484955789,14,14,0,1.1799303297043569,0.11364507383791432,79,68,0.3774113655090332,0.29239617769972814,0.29959676,0.19703956263026529,0.8285519387699413,2.060481186229158,0.04347950823776323,0.41488080379545067,9.061196765159202
140,94,fit,1.116064890426395,3.5280098784638687,15,15,0,2.3007964394474536,2.116440561552449,61,56,0.25420060753822327,0.20619480372455495,0.14538994,0.13296946324152872,0.47601297227808176,2.1218925662597887,0.03433181349660797,0.3275936402348089,9.090061876344233
141,104,fit,1.087992887358169,4.314471078441751,19,19,0,1.145074197346785,1.1588953648281246,66,64,0.26286447048187256,0.23927168232454737,0.24128176,0.14725935931585285,0.2750450187878745,1.4566932577891234,0.007396518312245904,0.07057746481150672,1.8224452739719224
142,107,fit,1.1009025395750838,4.339518043126392,18,18,0,0.24980043239143135,0.22845029342920312,70,62,0.2825862467288971,0.22508956756086862,0.24476753,0.3383299545444107,0.5496715825186393,1.5788800418627338,0.0077875048794715926,0.07430825266671366,1.9621601017326618
143,90,fit,1.0961921669202521,10.86118087861388,13,13,0,0.7321552374225206,0.1993938688858657,58,56,0.22077356278896332,0.19171174288177398,0.17138408,0.1636825244170262,0.29390113563694886,1.9639575946417853,0.008433946061294375,0.08047658455433564,2.6996448959188255
144,108,fit,1.1209266046822417,3.44240588216695,25,25,0,1.1882990214999583,2.179990873056851,65,60,0.2728177309036255,0.21621522430034032,0.28259954,0.2429539395462767,0.558843253850887,0.18795330322670054,0.0013781156033447182,0.013149958047182424,0.297685413033209
145,99,fit,1.1453895653818524,2.7788055773336784,18,18,0,0.40384790800143927,0.2428128737689677,62,63,0.2549665570259094,0.24036413691829348,0.0,0.0,0.15001179244573415,0.034502927350032006,0.000536959052923901,0.005123655085151726,0.13061746565639074
146,97,fit,1.210205711567616,3.1609132108195626,10,10,0,0.13739345231653077,0.028153890793157364,69,75,0.297112375497818,0.31142377969246643,0.18564501,0.07485694203627676,0.1396500442357614,2.256634003062032,0.016649689480513888,0.158871082829331,4.173744519610508
147,93,fit,0.9811862570112032,5.060449799454406,25,25,0,1.9578496534595151,0.512083124124193,51,54,0.17076051235198975,0.18315205803173973,0.0,0.0,0.15624537022208834,1.807598025932599,0.015892475117229646,0.15164575493539736,3.9110685294153655
148,117,fit,0.9444294604054964,6.878699555102847,26,26,0,1.6701755423299378,0.7446052741512824,72,76,0.23225152492523193,0.3180442425846727,0.086237445,0.11683393228985216,0.8311424067714152,0.7422527341343098,0.00471561532174257,0.044996329405940554,0.873817006939924
149,104,fit,1.1845982042513066,3.0189313224230014,13,13,0,0.18631983320198542,0.1613477105449639,73,73,0.3086070716381073,0.306987754931224,0.06944033,0.1643234366284954,0.16460540715150176,0.7885491136227601,0.004014551440606253,0.038306788555403176,0.9177616614019599
150,99,fit,1.1658225913066276,1.549300016563908,11,11,0,0.3033733606106441,0.0889165574945659,69,65,0.286848783493042,0.2529390136670909,0.116507605,0.3121988010495897,0.33502727106122854,0.9723838498238814,0.01069751078615107,0.10207548460067814,2.8053113316447105
151,103,fit,1.2773391375228995,3.247129064234868,11,11,0,0.20257436583246458,0.08676562810302924,74,72,0.33931782841682434,0.3071364043813012,0.22043782,0.22249497648556055,0.3131090579974034,0.43645161441339075,0.0044852632618631524,0.04279831356739649,1.0435645250582875
152,97,fit,1.1376622217713577,3.4404758207622548,16,16,0,0.25236213975155425,0.1392368721093531,63,64,0.27024245262145996,0.24706696188325475,0.0,0.0,0.2517999405984528,0.2643012045904563,0.00060457365121824,0.005768832549792366,0.15043432476818594
153,103,fit,1.2940994529086136,2.3069765023472284,12,12,0,0.32231533673826995,0.1778853366000216,71,75,0.3252074420452118,0.32884102804099785,0.0,0.0,0.10527358797270578,0.7879264907011548,0.008207611859393739,0.07831690705528375,1.7640443556106242
154,103,fit,1.0102687115530171,3.022761429877937,20,20,0,0.7550866859081654,0.6829596297920971,63,54,0.2342858761548996,0.17948391684481613,0.2752509,0.32997778534218986,0.667556592974277,0.6274985183189644,0.0031853165413597553,0.030394241806867894,0.8911002995560258
155,105,fit,1.0680430605149596,3.803035443171324,18,18,0,0.3734128876469934,0.1420637302580078,69,68,0.28323814272880554,0.27044549385683586,0.27783442,0.30313329261015987,0.22179298026875316,1.1687695595121848,0.006065768099418725,0.057879466597506916,1.3801674221988591
156,88,fit,1.0046882368197194,1.9810101460753078,16,16,0,0.7816551125699098,0.09857755018326689,53,49,0.18868739902973175,0.16224289368605,0.0,0.0,0.2705686166486481,1.4767799704882287,0.012383365339285251,0.11816188300844704,3.927592127942949
157,91,fit,1.0374100824694694,3.312304318994103,15,15,0,0.5369289427484996,0.13396817593826954,57,54,0.20766842365264893,0.18878366376105316,0.01935897,0.11216112504935496,0.19175164894399782,1.4682387599542015,0.008351262517767421,0.07968761944434562,2.509633163789581
158,135,fit,1.1867798392390305,3.2534749461584638,18,18,0,0.9152993210988313,0.31132486559157,98,71,0.3028532862663269,0.29616182744535396,0.2584458,0.253341551929218,0.939352842576221,1.082707717492927,0.016166532702880782,0.15426080823359525,3.3089336389498767
159,108,fit,1.1355119337704958,4.008045105792867,16,16,0,0.6989767881785269,0.1737374938253333,73,64,0.3147444725036621,0.25214173982921373,0.16716297,0.23621700799735137,0.6349131280902524,1.3613116525703164,0.01198735903105075,0.11438319686117128,2.87161054398335
160,91,fit,1.0061952445742819,3.30926275262522,16,16,0,0.6607148832112317,0.15377248710584734,56,52,0.2090037316083908,0.17181027825249878,0.020425983,0.032512560145353774,0.36687354513043935,1.6120109294824851,0.006241429812356154,0.059555627980497655,1.9367037891699466
161,97,fit,1.0589610076579732,0.9839381395752499,18,18,0,1.8737456536852852,0.208976072304536,59,48,0.2185087502002716,0.16001998134907072,0.18807462,0.24638579337925953,0.5734269978252221,2.2989904504129077,0.025777119060456155,0.24596487653107016,7.272230870487307
162,93,fit,1.0894507793158577,4.0205324723524605,15,15,0,0.3216434562455849,0.10532929731803395,60,62,0.23887962102890015,0.23321623292255372,0.0,0.0,0.06524021632412677,0.34523807709715154,0.002971718916301788,0.02835609652959721,0.7943280422871023
163,93,fit,1.0363938122757193,3.995234965281971,17,17,0,0.738736303210859,0.07994097818550948,56,56,0.212155282497406,0.1957041341528154,0.19491312,0.16479071455632516,0.16808727080018934,1.064429777547353,0.0087914324542152,0.08388771425777862,2.474169372924702
164,101,fit,1.1004436760195704,4.903993149417315,18,19,1,0.8111060897294904,0.22301738775537924,65,82,0.26355651021003723,0.35056510904691945,0.21697521,0.19240561577671103,0.9031700986783517,0.7211895893568528,0.0023311246761228087,0.02224355606987413,0.4484400137515894
165,121,fit,1.1233411331733492,5.433482520243435,15,15,0,0.4115328283147792,0.2586427668120829,87,81,0.3971896171569824,0.3606604717913382,0.078774385,0.051409328523982147,0.41849378022583017,0.05636936757899217,0.0004709348642620027,0.004493653284942774,0.09382110911939667
166,102,fit,1.1833073756976173,3.8408129710602337,14,14,0,0.3121433103514424,0.1333468186966826,70,75,0.3043099343776703,0.32616282928259344,0.24549676,0.2766529693921805,0.45465630660956396,0.38328461741827063,0.003191672494623524,0.03045489021587332,0.6809006292069557
167,123,fit,1.1715905236860884,5.100642026862266,16,15,-1,0.46124117604657794,0.17945088711758156,88,84,0.40472280979156494,0.37934411571485904,0.06722605,0.10705076388165902,0.3380312109138348,0.03575694080441948,0.0006738368304105293,0.006429740748192073,0.12695473128042048
168,96,fit,1.1162310732803882,5.067602309249821,11,11,0,0.6034737412724187,0.14150688993408103,68,61,0.29723337292671204,0.24005919942738668,0.0,0.0,0.5518356168848252,2.0728532941157147,0.032496676444480815,0.31008279050077114,8.601907211319094
169,90,fit,1.063288752671113,7.133256756069043,8,8,0,0.08431375773094749,0.07921320878336026,64,74,0.2597675919532776,0.2985739671119798,0.0,0.0,0.3736812238290478,2.2524357410799967,0.014256948806598975,0.13603958784922685,3.906847808294859
170,100,fit,1.1934116318093642,5.236338761713236,12,12,0,0.7669573297111798,0.0801362388670687,69,65,0.29615500569343567,0.2655450435054175,0.19431728,0.1542589132606315,0.30104826969109233,1.8967061221294874,0.0352107742130114,0.3359806699714828,8.387204009342685
171,88,fit,1.0433925351815987,4.127054683130982,14,14,0,0.23631170796100318,0.06713109584376346,55,55,0.2009834349155426,0.19110329507618307,0.17012201,0.15290519563736454,0.12028263726104055,0.7039436780701374,0.001446923056948983,0.013806517718978844,0.4526282230410731
172,91,fit,0.9987546452178097,3.5577316414174316,21,21,0,0.6197692076284389,0.4916227281360597,51,49,0.18195030093193054,0.15902860895213566,0.14017135,0.0,0.22864696487281325,0.9589950565821262,0.0039079022568390505,0.03728914367212834,1.1293304739469385
173,102,fit,1.0653587962801796,4.553694404132469,17,17,0,1.3732484388404191,0.6745739206142392,66,57,0.2566106617450714,0.2042337884268723,0.26855493,0.34858741592040027,0.5163964182240817,1.8338307042060205,0.016398339520721193,0.15647270535039307,4.344905017934797
174,94,fit,1.037468977084854,4.366763304397313,17,17,0,0.2936327983205693,0.06153524837962547,58,58,0.21669545769691467,0.19662026014310077,0.24038209,0.29052319086388434,0.2197657346781675,2.1829474147091723,0.012983690063142074,0.12389017235822589,3.760716832919787
175,104,fit,1.1576467578636325,3.185083167424137,20,20,0,0.32506921566127994,0.4830975381597605,65,62,0.2569165527820587,0.22985178984096702,0.007944206,0.0006169219380118776,0.2904190104759761,1.6108435322019918,0.009337957747569214,0.08910265026306502,2.2118590433111476
176,110,fit,1.182024288304467,1.5957875441536837,20,20,0,2.6073500157611114,0.21815012142033788,70,56,0.28884345293045044,0.20821667283964845,0.052710194,0.10158686869900957,0.7975227682639822,2.254208125738066,0.04116794248211604,0.39282387864614543,9.260849907285333
177,86,fit,0.957219376471676,3.218853050102721,20,20,0,1.4297812342422647,0.28777119109571553,48,41,0.1537274420261383,0.12061127916439207,0.17987925,0.02753792656383108,0.34273723780901766,1.5153002258293942,0.015035994225543619,0.14347322734297346,4.920504598585089
178,93,fit,1.1387459115033787,5.147925121187033,9,9,0,0.11442565610626892,0.06933651330175218,67,66,0.27827879786491394,0.2552408970360526,0.29178745,0.31896206564536633,0.2998041247156024,1.5132976819989667,0.006091840209892882,0.05812824627760383,1.777708033382919
179,95,fit,1.1040409495794363,5.198847560701682,13,13,0,0.44176696945341193,0.16101946786091048,64,57,0.2504950165748596,0.20163560908304118,0.26011047,0.3579013545845277,0.46803318223341683,1.694176092348122,0.010584637377390847,0.10099844825754624,3.0863903638630985
180,87,fit,0.9638366677686547,1.369213761208039,25,25,0,1.8244998081817094,0.20301414627370737,44,43,0.13714560866355896,0.12642857544026073,0.0,0.0,0.19364590089081152,2.0990393345961653,0.00961096665792382,0.0917076971175937,2.863654712149734
181,108,fit,1.1654165090375719,5.03774754099084,13,13,0,0.3482967629095216,0.12655823704785604,76,79,0.32696565985679626,0.3364764750817619,0.21024999,0.2181420374242539,0.10974422833133203,0.2741994427362394,0.0010559361456190565,0.010075726580334508,0.22464422150029004
182,107,fit,1.2172609411392474,5.1243918048301005,11,11,0,0.6949804367050689,0.07726315785948736,76,71,0.33910173177719116,0.31095205935368,0.24656409,0.23441411717002522,0.41117693508641723,1.9233324162999503,0.03129208912562376,0.29858863669488317,6.879484434604529
183,97,fit,1.066413795122822,7.185084050457808,11,11,0,0.48529876158345875,0.13754180017749976,68,66,0.2873097062110901,0.2711351060178676,0.23095416,0.15005460352571812,0.31351819047674784,1.67115119144585,0.020561218461284787,0.1961948326458472,5.168669830317377
184,90,fit,0.9878838817143882,2.4706917438861398,16,16,0,0.13673768817020118,0.2920262685304779,55,55,0.19240690767765045,0.18723806328209727,0.0,0.0,0.08240908109378783,1.5721746908518814,0.005476534303991145,0.05225700671747275,1.7361964349157735
185,84,fit,1.04888085001727,4.476426627284381,10,10,0,0.15656913643024853,0.06742520560477949,55,50,0.20281095802783966,0.16044837314119134,0.11897857,0.2325320069032267,0.4363257472037646,0.32837028558563675,0.0029567770628998653,0.028213521592555964,1.0902347934885739
186,93,fit,1.0754895900286456,3.4032348242592687,16,16,0,0.8870495194837966,0.515445427898432,59,60,0.2396213412284851,0.2253056562553814,0.11429868,0.22040585338523308,0.22862948526464752,1.1919917968866285,0.01627582512534531,0.15530367486016516,4.18374284249437
187,107,fit,1.2201064633726801,2.680551394598326,18,18,0,0.37197344023305795,0.2281209467987306,70,75,0.31869378685951233,0.3209570358677419,0.076208495,0.09386109996487729,0.21783022978435243,0.4011507053436297,0.0019174477729665285,0.018296257375634815,0.3806729225606327
188,93,fit,1.1543190513432415,2.5891409448812683,13,13,0,0.16584211509087698,0.03623562811370099,62,65,0.252144992351532,0.2531008895308543,0.019293062,0.0,0.10172569832922708,0.42487404392257283,0.0006254909593201355,0.005968425184352438,0.16429850036439164
189,106,fit,1.2068017819967076,2.3067952552594897,18,18,0,0.49131624385960765,0.378704306769102,69,69,0.2947015166282654,0.2753492356856607,0.0,0.0,0.1867213617238683,2.3721705686875474,0.019589419330292495,0.1869219401745467,4.4636570233738
190,102,fit,1.1267007676676626,4.950256387102222,14,14,0,0.591406693964377,0.21541193407173034,70,73,0.3025207817554474,0.30544155332488665,0.2834918,0.30394594163042005,0.03257979497056839,1.2384768595027338,0.01540054732844379,0.14695178748515067,3.3520726957543503
191,88,fit,1.0860583306496356,2.1174600001940433,15,15,0,0.6165235814544502,0.049049247911882796,54,58,0.20173989236354828,0.2077969641631476,0.0,0.0,0.05714758867417098,2.157745224843629,0.009777308865999168,0.09329493192747297,2.8081455565444022
192,99,fit,1.1393387181122936,1.946635770651699,16,16,0,0.7883374962583903,0.48196766187766404,64,66,0.25487059354782104,0.2570408964758658,0.14188689,0.18132597777916246,0.1399424554356267,2.3818603686923607,0.016787761323019196,0.16018856224254957,4.124541829492017
193,99,fit,0.9552128245906221,5.165544864206341,13,13,0,0.43709619395577043,0.08105934193708116,68,62,0.24632126092910767,0.2079160058516877,0.28457835,0.37431608311784004,0.46425208931893974,1.6035558064406237,0.005010787510501065,0.047812857924628485,1.5268312812702733
194,252,fit,1.2197176095156645,4.97229820446607,15,16,1,0.5115931284835964,0.2026316998928263,71,87,0.3182612955570221,0.4152860110599019,0.0682302,0.024547115076113447,1.003987488575579,1.6587676827962998,0.010229741741041484,0.09761203951375462,1.8008793184856526
195,105,fit,1.091021592258013,3.252020665025737,16,16,0,0.5113451357394699,0.21307094367665352,71,72,0.27967673540115356,0.27519978447752785,0.27260426,0.3437727001635584,0.2692344686928913,2.4661431963634852,0.019815463465944337,0.18907884986588108,4.757981565951595
196,98,fit,1.0904729351549285,3.4709433830779015,15,15,0,0.3288609719163819,0.12139635751562901,64,68,0.2347327172756195,0.2567546492014593,0.17433783,0.2893039379103602,0.48610947344958844,1.6860612331169715,0.008375926754941304,0.07992296521890557,2.104560128236261
197,103,fit,1.194230047780074,2.7098442890353907,15,15,0,0.4236200779587177,0.08781196833756354,69,75,0.2980301082134247,0.320920483778727,0.0,0.0,0.24264935695511336,1.7075208016289434,0.0098764925483803,0.09424134111049905,2.123773715466744
198,111,fit,1.0936271766315147,3.9759147649750983,19,19,0,1.4511227517791248,0.22846030371709575,74,63,0.29238370060920715,0.23172879507099112,0.3333091,0.36535743756330485,0.6591967751498519,2.3959176233767057,0.016938640507003274,0.16162824911262666,4.080894977374312
199,104,fit,1.2679676682091785,0.5826115930701105,14,14,0,0.5441614663225087,0.16711033686951737,71,71,0.3235095739364624,0.29510804880035924,0.17574117,0.1688185284483717,0.2732228289929784,1.5493571295130981,0.008754622096575414,0.08353647038716998,1.9400909467029654
200,106,fit,1.3099009818481737,2.284926319294527,13,13,0,0.29907281904644595,0.19796624969773022,74,76,0.34523436427116394,0.3332111178007152,0.0,0.0,0.1530658097100496,1.4524192349283147,0.007395666122614994,0.0705693332310591,1.56282261313242
201,116,fit,1.3238570908481146,1.8019070988722965,11,11,0,0.26627790331596507,0.06586206036551953,86,71,0.38088396191596985,0.29219463170606963,0.35193065,0.34845655427075145,0.8475080541017067,0.9608943854044325,0.008918132435813615,0.08509668354783984,2.0686954116369947
202,94,fit,1.209336450559495,1.4937700268506657,11,11,0,0.32891708871087555,0.10775204691963505,65,66,0.2740646004676819,0.2585471585095632,0.32892516,0.23016869996778727,0.14918140083260825,0.7256544479591722,0.001761736788197071,0.016810465536231594,0.464222832896481
203,100,fit,1.0416048074835567,3.261345640630486,17,17,0,0.5009236583351737,0.5261163812164882,64,56,0.24509692192077637,0.19250344262804484,0.0,0.0,0.5243048560499255,0.3850790755995604,0.0019258703116366261,0.018376625111036507,0.5472370194083627
204,103,fit,1.1657081037774475,4.891119703691085,13,13,0,0.4969571074396939,0.13077555616187633,72,73,0.3229808509349823,0.3097269658823373,0.025175802,0.0,0.30392479374959464,1.4678807537144756,0.00702659202345068,0.06704763381155228,1.6159196813041516
205,102,fit,1.2259417097531506,5.403869603650537,11,11,0,0.38790446964926234,0.1754005667494291,73,79,0.3251756429672241,0.3535773199725302,0.10391572,0.14663836058493504,0.27162519765156884,0.8215669778231144,0.003263765216600169,0.03114279786832222,0.6956425462910838
206,99,fit,1.06097662136891,3.9576371128691648,16,16,0,0.348819892206648,0.19002228743532454,64,59,0.2399580180644989,0.2093927115285496,0.18346141,0.3102572106005864,0.3037967675534768,0.27261792366920606,0.0015597528295561614,0.014883137686604592,0.43258991966880683
207,130,fit,1.1627444196038557,5.803530092335752,18,18,0,1.033892187781597,0.11802456978165939,92,89,0.4172508716583252,0.43963715275991716,0.0,0.0,0.37955057592868496,1.1308684401577536,0.01794667855182419,0.17124693274641403,2.8449152359834815
208,112,fit,1.1594987638146863,4.997572283707141,23,23,0,1.031061379192007,0.6376487386015798,71,60,0.29620644450187683,0.22392806000121415,0.26871708,0.3020404076413234,0.9103244343492902,1.331727540159883,0.006217031383955138,0.05932281854919025,1.3794705500160656
209,121,fit,1.2463781278069366,5.928706534933875,15,15,0,0.6505428589464338,0.2590689129393048,87,81,0.40518394112586975,0.3686758674920549,0.096237056,0.07297524714056357,0.39389817813324013,0.04245311855889949,0.0004173545494175397,0.003982390738716982,0.08015394711528578
210,108,fit,1.2144830247475107,5.583280559039857,14,14,0,0.19210737633853806,0.18887088004533864,76,76,0.3446498513221741,0.33316585622296396,0.25850308,0.18688711409023512,0.5638613082072391,0.9036072115997874,0.005795243255449633,0.05529812266650413,1.2272239945312484
211,90,fit,1.1318116975501673,3.1335507249757253,13,13,0,0.23643749980521742,0.1075166399112495,58,59,0.22323566675186157,0.21047077254539606,0.15604343,0.17548613909615887,0.23949976804157447,0.9437204832946338,0.0036958854510765536,0.035266082548440394,1.0644212308896097
212,95,fit,1.125363369856699,3.1920522373806373,16,16,0,0.331026843990123,0.047106927466567056,61,61,0.23175737261772156,0.22729907275438826,0.0,0.0,0.12888313897604134,1.2048191969566622,0.004211225989651091,0.040183454099724146,1.0837614032203127
213,101,fit,1.1666218810106053,3.8193203076144413,13,13,0,0.867857024755182,0.1865799601660656,69,69,0.2855755686759949,0.2854424712933123,0.106949806,0.12594860272250505,0.07608878760466649,1.753099944688144,0.02987025839023465,0.2850215495251398,6.764939402506
214,95,fit,1.145289414015321,2.559154666967625,12,12,0,0.15893771316639657,0.1718010900670478,64,63,0.2495238035917282,0.23907549307290593,0.11870639,0.19360089623917323,0.16717781236409804,0.09318450332528669,0.0003639960056032577,0.00347324432827536,0.09985002166345537
215,104,fit,1.1105964955088485,4.236763548369196,13,13,0,0.26044531052403946,0.13665217918845246,72,68,0.2470652312040329,0.2607035745158036,0.25678036,0.3863036761595421,0.5489834646519071,1.6443650237019871,0.007798355729708334,0.07441179131401082,2.0189447900869646
216,95,fit,1.0620311998572887,2.988456056851788,16,16,0,1.5691113714987657,0.3724299333891463,61,53,0.22493329644203186,0.18276082491453427,0.22834617,0.16416369107090886,0.41316234962865017,2.1616738846506984,0.028925737343082254,0.2760089441133803,8.008146915595253
217,93,fit,1.1008460155893602,3.5037265394990507,15,15,0,1.2608566568097295,0.2116023180806611,60,61,0.24192605912685394,0.2363934466201085,0.035295084,0.0,0.15182770545282687,2.2088530843779544,0.03222332637537209,0.30747448831461915,7.9257868110720295
218,91,fit,1.177270346297411,3.121466000935031,12,13,1,0.93327531169296,0.09908468161629504,61,57,0.2414971888065338,0.2180499279623366,0.0,0.0,0.1996926651977372,2.2720486425429303,0.03905118497417145,0.3726258108222466,9.995844784468714
219,100,fit,1.1222000899856506,2.0409294014025736,15,15,0,0.2843551254011035,0.10129235601847619,67,70,0.29056355357170105,0.2828123751680412,0.42578095,0.38995105298617266,0.2010088099114192,0.30863817935659266,0.0035033617844039606,0.033429024660343136,0.8112609306454297
220,93,fit,1.0933176126902615,2.7210017499516477,12,12,0,0.25850735555469684,0.10209689739896861,62,62,0.24286718666553497,0.2283984439681816,0.1436094,0.24964616531495673,0.16908084619436542,1.7316740256400944,0.007077263672702967,0.06753114191510465,2.0364792918260104
221,102,fit,1.2227101336699113,4.538708354278068,12,12,0,0.2157834761580722,0.0926001386035282,72,76,0.32213979959487915,0.3300102095179093,0.3002646,0.1789455928715532,0.0818179767464473,0.7819769778730327,0.0031132722042048772,0.02970679584164959,0.6971913494899856
222,102,fit,1.226633681614098,3.2145434012325085,14,14,0,0.23433753063733279,0.12892822609223453,71,75,0.3143424093723297,0.3088826056848976,0.17234844,0.21228786171936895,0.05883192249989734,2.4420061687228,0.021838387922877758,0.2083815641495969,5.013637873991037
223,117,fit,1.2614225138876964,5.489413875488094,9,9,0,0.2962668865056101,0.10671352219486578,90,83,0.43712860345840454,0.38758777165933267,0.0,0.0,0.47187312022301153,0.9385162880717005,0.012416627546086375,0.11847927047792342,2.4833634469203623
224,101,fit,1.2945631862165428,2.8220780574303013,9,9,0,0.12896220007883732,0.07778731044420903,74,76,0.3328515291213989,0.33060157075526575,0.050629757,0.031290202391381555,0.09421060008702915,0.029402896636087895,0.0007471814171443087,0.0071295936750411125,0.17386973233744152
225,106,fit,1.280212031537055,4.542686626175795,7,7,0,0.19909761798983272,0.0655015767782691,80,76,0.3694470226764679,0.3328700529677,0.29077226,0.41239032101484574,0.3495195092523004,1.0603171870820696,0.003592696353417906,0.034281453753987653,0.8695354742546967
226,104,fit,1.1095533999718181,4.7745239877372745,14,14,0,0.34740294046270714,0.21828883556615555,70,72,0.2696857452392578,0.2661807780370963,0.28918058,0.4119495048859538,0.15079623841268272,0.40224525575651227,0.0012408874244088344,0.011840528858862923,0.3030321507769399
227,229,fit,1.3640888375744835,5.364997816756001,13,13,0,1.494468763240032,0.2983457811387214,80,77,0.39907941222190857,0.36431982818763836,0.13631599,0.299578270039044,0.3583139337421677,2.3548941281429405,0.06575370158411879,0.6274208166423548,11.552315935638672
228,92,fit,1.031764279394977,2.960055900543958,16,16,0,0.3803954847763462,0.10681905397097598,57,53,0.20548798143863678,0.1765543855812153,0.0,0.0,0.2770184646313778,1.8465650520623025,0.0077678085594795245,0.07412031068205653,2.4633867124691795
229,80,fit,0.9763727206771922,4.7884062466674555,11,11,0,0.19162529855698612,0.049900018576623344,51,50,0.18091268837451935,0.16282534276568061,0.06668802,0.0,0.18226419071589506,0.23861223034922688,0.00036966063052199785,0.0035272960927671547,0.14038119539557728
230,94,fit,1.0785379433153721,5.886020739491539,10,10,0,0.24617833741352887,0.07269926719123462,66,69,0.26599055528640747,0.26843143353600785,0.099673264,0.15119384746695022,0.028156773599615163,2.270656217641175,0.014516090840824383,0.13851231718343876,4.073216300720907
231,98,fit,1.051455328174501,0.8712035722099537,16,16,0,1.3817986828254332,0.1082622417041659,64,70,0.2644634246826172,0.29345698157738803,0.13993295,0.051580741383631556,0.3410422602632063,2.187407082710317,0.03494396297070095,0.3334347611708106,7.475722333394919
232,96,fit,1.0949621021466622,1.5703455104074835,12,13,1,0.8117155795821225,0.053114262224424086,65,57,0.2606286108493805,0.20868174516685029,0.20880735,0.3004985655621708,0.43887235923002393,2.448342495610694,0.03126840458146523,0.2983626391361186,8.672200689160745
233,89,fit,1.079841563808083,2.6329389455984993,15,15,0,0.2601719773517222,0.09152673584620469,56,64,0.20747250318527222,0.23576703695538764,0.025344279,0.0,0.3156336631872866,2.2916277439086543,0.015346897033363416,0.1464398571885822,4.254057771062002
234,121,fit,1.1157204502488045,1.065910339673621,22,22,0,2.0655033487438064,0.24308688057796363,81,79,0.3341906666755676,0.3583887726978631,0.26822487,0.1548335048453831,0.330326660877516,1.9960427916243073,0.03705226979936584,0.35355219274204047,6.277579162151733
235,97,fit,1.05707011386547,1.895475292715498,22,22,0,2.4010563496769453,0.18414841511940053,58,55,0.22573190927505493,0.19254188883388632,0.28427437,0.2563396662605904,0.3720109022359495,2.024557821797772,0.030657730000497027,0.2925355916077961,7.322135787579254
236,110,fit,1.3284448922582082,6.29206708580908,16,16,0,1.0876826192418265,0.08531502516661224,76,83,0.37538862228393555,0.4021848993208831,0.0,0.0,0.2742405785454223,1.722394070019243,0.02824340835301709,0.26949817130741494,4.6715421600984675
237,110,fit,1.2744908502855543,2.983157535838846,10,10,0,0.14505056287377757,0.07822859197562922,80,68,0.3249923586845398,0.26783177975864453,1.6913404e-05,0.005233339482428138,0.5500627943802385,1.455870907572422,0.005965126414197737,0.05691914517364253,1.5741345992063545
238,95,fit,1.0625805395831966,3.0368144282313265,15,15,0,1.2337094848209154,0.10969790454733505,61,55,0.22213628888130188,0.18966780572932596,0.15761715,0.04417667797217804,0.3914780564218217,2.4917658181549727,0.016688403474780726,0.1592404911715718,4.85204560731315
239,99,fit,1.2057754153945939,3.0958755277535945,11,12,1,0.2959266493862403,0.13388297537331728,71,73,0.30119502544403076,0.29178420705654773,0.24482854,0.33930329379717783,0.06563532593395391,1.9835966443108037,0.011424781611232915,0.10901509171023774,2.7089556128481997
240,117,fit,1.098965288714682,5.282351902852772,15,15,0,0.31895348958138076,0.17584543888630177,85,79,0.3643563389778137,0.35054881568642526,0.067506045,0.0,0.2303928919601593,0.6001481188225346,0.004565057758041525,0.043559711431693945,0.9221426715712439
241,111,fit,1.3083855843548833,4.882052517549414,8,8,0,0.02568489774502284,0.05811959938137201,85,90,0.40745049715042114,0.4429605341955767,0.052620582,0.021476842546690196,0.3409637578052356,1.0503256689884675,0.007751768636993289,0.07396725798657718,1.469075476569576
242,104,fit,1.1720334722153747,4.944114399346208,8,8,0,0.0840556335313436,0.0630981597445591,77,83,0.3546043932437897,0.37759650533385486,0.13111204,0.09423899860332635,0.37818186289367295,1.623317832638308,0.009457872854013078,0.09024687837798738,2.0865473495835984
243,106,fit,1.218287721143387,3.414487806939403,9,9,0,0.09266293432944639,0.10156572950456601,78,78,0.34907066822052,0.33457375146514257,0.26107138,0.26527632075385943,0.41486883388190193,1.5979909671523262,0.008655545663353165,0.08259108457398058,2.0292915299433263
244,98,fallback,1.2229487895965576,3.96602470663486,4,4,0,0.830308056697314,0.10824797370312877,76,78,0.35278546810150146,0.3453993334899517,0.13203108,0.1417622640558818,0.34617955365301845,1.2714657924383357,0.008704947533755074,0.08306247646712857,2.1686698074378072
245,99,fit,1.0414173244527303,4.347158355898526,13,13,0,0.39407450955230705,0.3562048582896481,68,73,0.2821715176105499,0.3048276074251155,0.20848034,0.22464253145666957,0.21605595894587118,0.628435281718686,0.004714452752569592,0.04498523618864114,1.1046897156315416
246,105,fit,1.2132267687631992,6.245511743541553,12,13,1,0.7460357661499598,0.30817006007141706,74,80,0.3333014249801636,0.36780969353191817,0.16617413,0.05415544861274081,0.4446759894534794,1.5167363195397143,0.019955257483968966,0.19041276225161227,3.85421723776018
247,102,fit,1.1364938839544596,3.8753610749527834,15,15,0,1.2305913759054552,0.12460409036804279,69,64,0.2782750427722931,0.2540761674356144,0.22430305,0.3169910561966963,0.34377727872796904,1.9113328570432,0.03426833530096098,0.3269879322610781,7.913411957211085
248,109,fit,1.087948359325499,4.230657852495705,12,12,0,0.8009881989531729,0.12043379982003467,78,62,0.2878689765930176,0.2320282107660442,0.24327493,0.34617971435540423,0.5740952984014724,2.0042997603435295,0.02356331363846899,0.22484077899302468,6.256773101768463
249,105,fit,1.183098061066465,3.8422552340968017,18,18,0,0.4042493983373484,0.254842435203248,68,64,0.28331780433654785,0.24657595269707167,0.2264751,0.26354981161986085,0.36085040249234,0.46438398064436004,0.0016461445848320638,0.01570748649648916,0.3788844326739643
250,99,fit,1.1210834097987243,4.190351084542188,15,15,0,0.2049682260862622,0.1620082084312578,66,64,0.2711530327796936,0.24333334349487457,0.21732438,0.23760905279118175,0.33290495849520757,0.1565969537435294,0.0013302722091906515,0.01269343711059782,0.3400198810530106
251,96,fit,1.0645467475596013,2.0931407505530086,19,19,0,1.93482256790342,0.17359901278528986,59,51,0.22015881538391113,0.17183760787497682,0.18611924,0.30880678502483083,0.4987689804870209,2.3202261760537155,0.02244125544237334,0.2141341168165395,6.139992931302969
252,98,fit,1.0887973109346514,3.6472649982096796,19,19,0,0.4674299397130889,0.31052252674713,61,66,0.2337910681962967,0.2522817648449875,0.2602995,0.25647149437295397,0.1922506226543114,2.2366465106842783,0.016082398762163518,0.15345800345575875,3.81074929914188
253,92,fit,1.00013082712708,3.7238108225026463,20,20,0,0.4481727443069029,1.080856076708355,54,56,0.18719102442264557,0.18827032982409225,0.0,0.08594800572832986,0.053443306870092085,1.7306237893387162,0.008048165973533378,0.07679547684669254,2.2457646490523286
254,108,fit,1.1121410100663012,5.229093006385376,12,13,1,0.3571970719122323,0.30034219174450427,77,66,0.2804824113845825,0.25219715716781754,0.33560112,0.40000279964317326,0.16905586681856416,1.5015224538538285,0.007363831502546062,0.07026556777238609,1.9585413446384663
255,108,fit,1.1374189068275729,2.955185479144227,14,14,0,0.37242547495830514,0.08115393928204714,75,79,0.3291897177696228,0.33584486998616203,0.3924906,0.432139341199622,0.5873559240224085,2.4126513799371656,0.021969948185178716,0.20963691016391903,4.819797837579936
256,103,fit,1.1748792882846117,2.1385383744514703,13,13,0,0.1849992043882798,0.0568342503374843,71,72,0.3065311014652252,0.30038153864027334,0.3941138,0.44251512946201066,0.22550994962248982,0.022177140119617505,0.0001294092303088422,0.0012348208998935325,0.030008026683349367
257,118,fit,1.2216922765865528,2.390758193813245,14,14,0,0.6365836144767749,0.1544777259818648,85,81,0.39733177423477173,0.38094869705692413,0.45298764,0.2607253745567611,0.25954047950364295,1.6864250518303316,0.021455476302494576,0.20472782731387953,3.949666706302303
258,99,fit,1.117409525826972,3.883123777494103,14,14,0,0.2575532771927074,0.03879732367851271,67,66,0.27425262331962585,0.2510877138632708,0.15475067,0.15593685082140052,0.22584326449980863,0.6917592047091278,0.0020460089860892838,0.01952298650848553,0.524852852550749
259,100,fit,1.2264212006876034,2.8269557337980897,21,21,0,1.8791551439571814,0.11882190072887006,61,63,0.2512989938259125,0.2455475539261886,0.22836798,0.16006649506695933,0.08073830943243714,1.4464443399188316,0.02207489504807609,0.21063831152744358,4.638602435608581
260,100,fit,1.1042388310702234,3.6765292407555727,18,18,0,1.104400048803594,0.14067364982906985,63,62,0.2393438220024109,0.2302224674869052,0.08762134,0.07274248483196724,0.12108023998250454,1.097751291132603,0.013150494955247897,0.12548182209206007,3.190265482113484
261,96,fit,1.1957185421440433,7.7627236647683,7,7,0,0.18792058714587065,0.03928241817309664,70,82,0.3184596598148346,0.3704168894363554,0.0,0.0,0.4969336361052775,1.8522223413116936,0.010265329045995726,0.09795161303431037,2.363853881735055
262,105,fit,1.1578678771468478,1.9753333948615834,20,20,0,2.2452393852293944,0.2710706010831937,65,57,0.26920679211616516,0.21289974377698961,0.19463982,0.0,0.575551378019546,2.3156312082866033,0.03084859582303728,0.2943568303724931,7.2215322430228674
263,93,fit,1.0988111860744738,3.2352182934621236,13,13,0,0.5871269156598313,0.114035948991133,61,60,0.24220162630081177,0.22367977780737636,0.09493512,0.0,0.22250287138829544,1.7799279928059317,0.013011319013878858,0.12415380738434025,3.6946190058095363
264,99,fit,1.1409495975657902,3.595707098319759,17,17,0,0.8116025233719677,2.3346079632719645,63,67,0.24765437841415405,0.2600909989864158,0.2810692,0.34161352126590716,0.23359862459891065,2.3694006978849025,0.015188127559525361,0.14492488129318093,3.6698599495667863
265,107,fit,1.0978573701833896,3.8667599730298723,19,19,0,0.6109175766818656,1.7391153961691281,69,79,0.28197625279426575,0.33362731943291757,0.25866187,0.31554951135741804,0.49330033425495157,2.206300079686904,0.018482633909381884,0.176361010585705,3.774865374374319
266,94,fit,1.0509383241600005,2.473698865638387,21,21,0,1.143943595209978,0.1722756354960397,54,47,0.1864212304353714,0.15012861776137928,0.1909602,0.20591476246378493,0.3602732084169491,0.982928524329029,0.010234057095514032,0.09765321656024839,2.8054314430610314
267,102,fit,1.024002971272639,5.198547777094324,17,17,0,0.21829818943978657,0.16531006846678556,66,75,0.26522377133369446,0.3102966944143451,0.1165636,0.1908890618654445,0.4688001007566216,1.799786851244915,0.011347900343919309,0.10828149183129111,2.461291348416007
268,115,fit,1.205748607323682,3.812891175799029,19,18,-1,0.36735052182387745,0.28844769480197974,77,77,0.34945517778396606,0.33559176936020885,0.0,0.0,0.20919477827058164,0.7706815858232373,0.004337789059272541,0.041391116977791416,0.8448590157756553
269,87,fit,1.0186649293996983,4.513107834314025,11,11,0,0.1453966036970373,0.047164586389380495,58,66,0.22218583524227142,0.251954221949945,0.09696489,0.11121834211500803,0.2888334826162246,0.45746963637529997,0.001207720056916194,0.01152404634462017,0.34212233586574287
270,100,fit,1.1461822663374797,4.292019112722961,13,13,0,0.6169000260190373,0.1256724757144464,68,69,0.2912440896034241,0.286686005994933,0.24378178,0.2125451793211172,0.3088902037429436,1.3787153154795027,0.022706499666634728,0.2166650731549115,5.2423218459245655
271,99,fit,1.1255318593017833,3.5210948815579566,17,17,0,0.24351405842202378,0.20795700525287994,64,69,0.2570880651473999,0.26879274315009405,0.093125805,0.073975715091985,0.1699186978866388,1.8148630575601272,0.010997864559546048,0.10494145572085924,2.6079543768642752
272,97,fit,1.0848175591986786,4.21331823549568,13,13,0,0.2653366820525576,0.09230987976766174,66,70,0.2661345899105072,0.2851419532115534,0.053812727,0.0,0.19148375948680463,0.041950717407213865,0.000298097363942362,0.002844440495633225,0.07374270830859098
273,113,fit,1.2671654792045017,3.316207875302928,16,16,0,0.4077962152778076,0.13621067887413937,79,78,0.3478195369243622,0.33576245049168485,0.17903009,0.3615484843860542,0.1298226575447076,0.7702763592172563,0.0033259346477732196,0.03173601763142385,0.6601701076097736
274,83,fit,1.0397093035394183,2.223011914999467,11,11,0,0.23255564821740773,0.0782295859999451,54,52,0.18737047910690308,0.17367356376905912,0.0,0.0,0.14183431446387418,0.06445795094846683,0.00025340777164041946,0.002418013088171941,0.09049902031257923
275,101,fit,1.1921171559288726,2.8182492376808495,18,18,0,2.5133759892588867,0.22746809344498384,64,54,0.2634686231613159,0.20061230439950906,0.034662154,0.044693620210099205,0.6358903747678728,2.452049819430899,0.04874068827316096,0.4650829033698565,11.282323131420911
276,98,fit,1.1551868413637447,1.5014728767022607,19,19,0,0.5167229033170432,0.3972187716529888,60,60,0.23588956892490387,0.21932127854331696,0.0,0.0,0.21916888475868926,1.2568355035362566,0.0038939047319666792,0.03715557950349885,0.9452789953669141
277,96,fit,1.0763213032489465,3.20301732185088,18,18,0,0.39006850238262003,0.2748952687239443,59,62,0.22139966487884521,0.23380200114978245,0.0,0.0,0.11908203688238626,0.2274900062542956,0.0010918161496624714,0.010418093031130452,0.2711045467113504
278,90,fit,1.0216625529460548,3.3754229123713815,18,18,0,0.36684954217934157,0.2977903091806911,54,59,0.19456236064434052,0.21161470303623206,0.0,0.0,0.3222755843786332,0.26335540357891873,0.0014983985100346943,0.014297695706437923,0.4000525683721986
279,99,fit,1.1706936395121144,5.5492426434437645,13,13,0,0.3049936435835999,0.18496551852430124,67,65,0.2829291820526123,0.24706214044052757,0.27429327,0.3014139239541173,0.34497363758973393,1.3779140029737427,0.005331955854001664,0.05087744135497771,1.4058425379902761
280,105,fit,1.0793116501271318,4.72098767931059,19,19,0,0.62819506503423,0.28184963758159987,67,64,0.27291274070739746,0.23969275250111,0.35435316,0.35517183695659865,0.36811229938071216,1.4953008802796528,0.0071245524589551475,0.06798237079155675,1.6624524758730772
281,107,fit,1.2405740836212678,4.302060130208068,13,13,0,0.3155582660152805,0.21947216107936862,75,79,0.3502195477485657,0.35579372911049073,0.15850762,0.1979913059716813,0.17447027187301495,0.5588528028448436,0.0018135918552378565,0.017305265794254353,0.3676585530663707
282,101,fit,1.310989471922511,5.310944229309882,9,9,0,0.40814190004690865,0.05776920877915837,74,74,0.34765294194221497,0.3256178125528059,0.1597175,0.12968483247704415,0.30521368352394335,1.8635775240253942,0.029987501655357636,0.2861402829709698,6.610014982728939
283,95,fit,1.0881721820786263,3.7455614925583607,16,16,0,0.2463398190523998,0.1324394891045699,60,62,0.22550925612449646,0.22567437104689111,0.18124223,0.04391807663767106,0.09037045245916249,0.49507689211185196,0.002583756955052931,0.024654169418443995,0.6797328007622052
284,104,fit,1.2117998051069117,4.198777396653809,13,13,0,0.9445395235230063,0.21270745932449706,73,64,0.3081416189670563,0.2551452262182688,0.23772459,0.3936068586659661,0.5525900910121045,1.9813229011768494,0.032129027608473845,0.30657469092055195,7.581240492549697
285,99,fit,1.1892605706989785,4.281480983788827,11,12,1,0.6204257568275272,0.08376387299511606,69,64,0.30102500319480896,0.2557689552325194,0.2544179,0.337989411997809,0.36361911920663803,1.7058571695273483,0.028077680643093277,0.267916800029516,6.93168236695458
286,100,fit,1.168315374170438,3.616328004829499,12,12,0,0.32068751138570156,0.08036250945192862,70,71,0.3109586834907532,0.2792748372033671,0.26016355,0.3545170744024571,0.3123938075579736,1.321573501999755,0.006575977273763237,0.06274787474964921,1.6227425214250515
287,108,fit,1.2697934772748167,5.175752076163286,15,15,0,0.7872921030813271,0.19014158701718817,75,80,0.35539865493774414,0.36556149790211606,0.2159078,0.08331788986186565,0.176609286115081,2.0159578230319926,0.014288956027002326,0.13634500025765578,2.7170568345936936
288,97,fit,1.119522605195966,2.7174558393728145,17,17,0,1.2313585266118074,0.3136193012686091,61,61,0.23316437005996704,0.22737918564168838,0.14423591,0.24105513188518832,0.08889355967771323,2.3903049225510533,0.017119928165273003,0.1633580931800859,4.270288906924583
289,95,fit,1.02396381325758,4.264418082011158,16,16,0,0.6503287989315465,0.1912428521384892,61,58,0.22440464794635773,0.19602812171296355,0.2472974,0.19754247117226395,0.3262881793947849,1.3370756027619777,0.005912012268531741,0.056412330806600575,1.6961737218662516
290,94,fit,1.1330758046589804,4.147672983379822,14,14,0,0.43657367134336605,0.055025509531397565,61,65,0.2331024408340454,0.24725804545591934,0.14318961,0.2098621035115343,0.15864768627305656,1.2386763667741612,0.004916231254206831,0.04691060357067587,1.2764935272659106
291,97,fit,1.1495508711475935,3.2131929907723733,16,16,0,0.20299651404602526,0.15445576583865359,64,66,0.2621430456638336,0.25990145473588416,0.01649324,0.1566656273276508,0.03665474498241403,1.2840860803008705,0.006921658056879283,0.06604635550457331,1.6808725152154729
292,104,fit,1.1753514396157365,3.4977704644517225,14,15,1,0.8051431258328994,0.3822354120631645,71,63,0.3048411011695862,0.2487783174275239,0.0,0.10553907223206722,0.4811657217972731,1.918667865639117,0.023849175489921565,0.2275684684152821,5.708934035321021
293,105,fit,1.2151303985234854,1.5177860740238303,17,17,0,1.1424139222618797,0.3288261118587916,69,65,0.2963528335094452,0.2575259163990622,0.15008464,0.19318860392255044,0.3841594972899293,1.355828435682261,0.023415599279914965,0.22343129083888325,5.194552357629983
294,93,fit,1.155375874783516,3.1465356889319276,15,15,0,0.44603478873784114,0.06856975419046224,60,62,0.2311110496520996,0.23319175705881243,0.17738265,0.12741137857330614,0.22787595138404682,1.0669019729515745,0.006972756390329785,0.06653393502223078,1.7971403802102817
295,103,fit,1.239709791843832,3.3712837902381825,11,11,0,0.5622399675821635,0.09432898782539927,73,72,0.32276350259780884,0.31012481265022407,0.23594943,0.34610844415768277,0.1842548699395667,1.660977633967317,0.023664580386870675,0.22580706476021636,5.244901283284953
296,108,fit,1.2183647130946518,2.9200474408752313,16,16,0,0.28646666839156504,0.2244911513940539,73,70,0.32111042737960815,0.28572691386289595,0.06900642,0.0,0.349942786142678,0.3390897163682889,0.002790312764873131,0.02662512180222453,0.6216760493195785
297,107,fit,1.252310087900125,5.455611953339058,14,14,0,0.7761764281952516,0.19365445017079308,74,85,0.33478814363479614,0.40428888580182093,0.0,0.0,0.660711206354494,1.412195634475674,0.010664225120327922,0.10175787328557177,1.9340615444039777
298,107,fit,1.2491117090062875,4.292705666710435,19,19,0,2.686368577360386,0.13998113837243917,69,61,0.3034132719039917,0.23853208370299564,0.21062554,0.3662755120915809,0.6614194412646052,2.485941767666829,0.04839236514417126,0.4617592093909471,10.019595018704328
299,93,fit,1.0422393298951766,2.9953126569977204,18,18,0,1.6265510768078058,1.2684721045403071,57,47,0.2119848132133484,0.15119338136286284,0.11960542,0.18106027286827195,0.6046469358416183,1.9272238572780434,0.02021474426823477,0.19288878118544628,5.985586641934121
300,88,fit,1.043392419230843,4.127054739743269,14,14,0,0.43716452783651993,0.06713144080331906,55,57,0.2009834349155426,0.19797794759728032,0.17012201,0.1512823948682543,0.14903294554790353,2.1787268460306017,0.010708650956576466,0.10218178393679833,3.349951974747753
301,91,fit,0.9987547313844108,3.557729466717336,21,21,0,1.2187753201372116,0.4916284621229383,51,47,0.18195031583309174,0.15031840953072642,0.14017135,0.0,0.33295260377479113,1.2822129577213552,0.0121434843364771,0.11587294214195705,3.5093008374059704
302,102,fit,1.0653586783184332,4.553693840677142,17,17,0,0.5311573018714026,0.6745769968098925,66,60,0.256610631942749,0.21643953429297075,0.26855493,0.34747210399460043,0.38972488397197225,0.3229573971148277,0.0018899520443986947,0.018033893553422657,0.5007618894532139
303,94,fit,1.037469010157219,4.366763338921451,17,17,0,1.0571857274693353,0.06152966287732485,58,54,0.21669545769691467,0.180799038819834,0.24038209,0.29215021350156833,0.35078916396110776,2.179923778192484,0.012798013725428268,0.122118451578514,3.70693687738334
304,95,fit,1.0290929936489845,4.1566120389922965,18,18,0,0.3686843576403502,0.10843443289783065,59,58,0.22203953564167023,0.20816999253979132,0.1281943,0.0,0.14435296887293647,0.21384858650710814,0.0011102533605151608,0.010594020615602679,0.3031090510525102
305,102,fit,1.091969503520087,5.244521548500298,17,17,0,0.2750040242802199,0.25924682564231116,66,73,0.261505126953125,0.3021713453190976,0.21539335,0.19639829933804598,0.49622660511856354,0.33504612539289935,0.0016005091304239479,0.01527203368725141,0.34682670125923354
306,88,fit,1.082264251509059,5.235075128401485,8,8,0,0.3046663229299546,0.14666353392276413,62,73,0.24810285866260529,0.25317146113490907,0.19414267,0.2983860988054669,0.043143629818979644,2.1424521694957845,0.024837343727006314,0.2369975546470068,6.908352908359693
307,101,fit,1.002117490586284,4.830066465280499,16,16,0,0.6916098578680995,0.1441097896427033,66,61,0.2555769681930542,0.22473423570974693,0.17647113,0.20117018104211018,0.604261942779389,1.1354977827249095,0.038573745716337045,0.36807009271313973,10.017815115320907
308,102,fit,1.058051869313687,4.446665887272967,17,17,0,0.2377176265112736,0.23494909164646868,66,62,0.24894015491008759,0.2112809955249866,0.25708938,0.3379862444220767,0.4798261434164204,0.5825633403420565,0.0016259364549299129,0.015514660829483901,0.4391875017130556
309,102,fit,1.0759412114093259,4.800689097071236,20,20,0,0.9863906282402772,0.4134905407014799,65,62,0.2723948657512665,0.22531730602923294,0.25079194,0.2877941311869138,0.48102781090360985,2.052320953285313,0.013138098726182004,0.12536353746356874,3.301924578997338
310,100,fit,0.903992473413318,4.652243916157492,19,19,0,3.1261456675322243,6.576231533721595,62,45,0.196242555975914,0.13277450077131794,0.2642019,0.20557483733968426,0.6375037045640821,1.0113100382550024,0.0036333508639230347,0.03466937847254804,1.2304651535832243
311,94,fit,1.0217966601618056,2.2637130200861915,19,19,0,0.5718945686048899,0.35056722969845006,57,49,0.20672330260276794,0.15537392264949806,0.23454867,0.19853176582853185,0.4944326949417493,0.32176856627157047,0.0011483752260714657,0.010957778874727726,0.34680780122804483
312,101,fit,1.1492454645021897,3.5730299434791433,16,16,0,0.2792375867204356,0.08049756439355356,66,64,0.26287829875946045,0.2419052281488795,0.019599074,0.0,0.2016761445306494,0.3288665472561854,0.0010838996693202465,0.010342554096567237,0.27287442438173787
313,98,fit,1.1200152603567277,3.3078959528020215,14,14,0,0.9562196766324387,0.19335270711229086,66,61,0.2646794021129608,0.22195433886862206,0.19166712,0.2685022461447187,0.6616052395770616,2.1000738449909604,0.021630191101197918,0.2063949532557053,5.656495841192631
314,91,fit,1.1705469329024165,3.8363973856444322,12,12,0,1.0791867797166945,0.2423747554103421,62,58,0.25395798683166504,0.22076389937246604,0.15321542,0.08144814993988815,0.40983683122609316,2.1644352128939084,0.034815913712044594,0.33221291709966216,9.233976765036372
315,107,fit,1.2548655967722981,2.9098808426669005,15,15,0,0.566685401395493,0.3749695252467029,74,75,0.3280739188194275,0.3096287147603764,0.05913843,0.0,0.1923822580307955,0.3548352688369858,0.0022503228060100494,0.021472545858874516,0.47937042263200114
316,122,fit,1.0920925628128275,0.9867814243923817,12,12,0,0.3432373356838387,0.08357172482688804,92,80,0.3521274924278259,0.35848221251373763,0.4128907,0.05210830901828236,0.09077426755857416,1.1053226984608107,0.01283318308452978,0.12245403706612386,2.6369679769499075
317,101,fit,1.189731288957088,3.6256356569642736,18,18,0,0.3548002523394313,0.28279588344991813,64,74,0.26658129692077637,0.3006656116348625,0.080781214,0.0,0.37120116443256496,2.463627100474126,0.020561943252726506,0.19620174859471856,4.526109975221017
318,98,fit,1.1481315271156343,2.794234363006986,16,16,0,0.22142097856850446,0.30589143156789,63,57,0.25777050852775574,0.2038829150243145,0.0,0.0,0.5155704796030036,0.4841332613452491,0.0011308215881732783,0.010790282329897692,0.3075830799519943
319,238,fit,1.2664203233749514,4.855421793407802,14,14,0,0.21709289699421938,0.08706190364161058,79,86,0.36815953254699707,0.4035255993518272,0.28364143,0.28023340155190246,0.3975273577682937,1.1651564048605252,0.0076875285830941675,0.07335428037303594,1.408365040543277
320,108,fit,1.2140042384165344,5.735481249496186,12,12,0,0.7468531175972397,0.1358869943909428,78,90,0.363707959651947,0.4424581875436449,0.0,0.0,0.7584689120838771,1.5634618443058097,0.01039455600340584,0.09918469468898702,1.8764259827328313
321,96,fit,1.0703906936018568,1.2970005763091657,16,16,0,0.9562022383150488,0.1695798464337413,62,74,0.25158628821372986,0.3289752657683701,0.0,0.0,0.7489507045499132,1.5225528897284515,0.025961398501778234,0.24772326814673887,5.228976987536687
322,104,fit,1.0651295745503788,1.1911525372342324,13,13,0,1.1212816918648623,0.5366920420595456,72,74,0.3049487769603729,0.3331677767305236,0.0,0.0,0.32412347777355255,2.4182036905809743,0.045765211583015955,0.4366909502196179,9.240689324736389
323,98,fit,1.2671290684840697,2.378002710168373,9,9,0,0.31669447524081284,0.3135313174584279,71,76,0.32422494888305664,0.33565349450376153,0.0,0.0,0.1822111788681413,0.7250588780710847,0.00961213097597362,0.09171880702264903,2.1920064016319687
324,102,fit,1.0951803519151262,5.708567479976697,16,16,0,1.3609331738030592,0.4924743785211148,68,57,0.2862299680709839,0.20749543819742222,0.3022567,0.406713365927765,0.7695071449937538,1.3416149218449134,0.01361474161705069,0.12991165665124704,3.6729714456501226
325,91,fit,1.006195364370139,3.309262979652827,16,16,0,0.7321281056865515,0.15377648598347182,56,51,0.209003746509552,0.16792044783845878,0.020425983,0.030353938628735467,0.40557903883789653,1.4511052810684846,0.008077476864626437,0.07707516092200797,2.506425632731775
326,97,fit,1.0589609689658614,0.9839379304719952,18,18,0,0.30696478419575335,0.2089758192660274,59,55,0.2185087352991104,0.18776722153937017,0.18807462,0.24954933254308012,0.3070431231846661,1.42307506079313,0.0058927004267422525,0.05622805750708256,1.6624464665182732
327,93,fit,1.0894508039622606,4.020533093162664,15,15,0,0.2565523002478145,0.105330706046319,60,63,0.23887962102890015,0.23941866533573652,0.0,0.0,0.005131428595449483,1.3801529257730596,0.005294811410554282,0.05052300964269353,1.4152806625364907
328,104,fit,1.1322359382722678,4.664280120681994,15,15,0,0.49729107769628006,0.18658240796979864,70,75,0.2982460558414459,0.31553542628776465,0.27875316,0.30525356058020336,0.24462975316220573,0.8899558768107031,0.00445288267945177,0.04248933854438712,0.9845662908086589
329,94,fit,1.1270173673864143,4.049502738618766,16,16,0,1.3285785997952724,0.23794777543682227,60,67,0.2442576289176941,0.2763523364606608,0.13798828,0.1256097371177939,0.30736755868732984,2.284353073428352,0.02929215634532208,0.2795053086385694,6.5148983674756655
330,99,fit,1.0474737961345302,3.8997843766619757,17,16,-1,0.5230190715038716,0.22805811497407535,63,67,0.23980852961540222,0.2485566303720984,0.26756856,0.3128692667205395,0.16948006013667766,0.14435017680204612,0.0010692553270548553,0.010202818006248619,0.26891845531207464
331,106,fit,1.2391709719838937,3.843231903970563,13,13,0,0.8637614038935822,0.09203283036607221,74,69,0.33403098583221436,0.29272863807222316,0.0,0.0,0.400705698407866,2.2375233254357156,0.02798832730405144,0.2670641918325519,6.273407864938768
332,113,fit,1.1336980020008878,5.017503545710751,17,17,0,0.39227207946012527,0.05985731224487343,76,64,0.2984939515590668,0.24034896838813008,0.26694572,0.39449368663531637,0.6416904715757233,0.3925814124957498,0.0011020076668051674,0.010515340332110375,0.27232963179883435
333,117,fit,1.2382956906532412,4.8217975731423035,15,15,0,0.6055802577043069,0.16753543611734165,83,77,0.3832080066204071,0.3297163028770738,0.36947915,0.4242670652432172,0.5155824623254633,1.5745427376232377,0.006745967978760836,0.06436992346145835,1.387628520891013
334,114,fit,1.3114511734843333,3.1017005839190115,13,13,0,0.1845797484666967,0.07913162277927094,83,83,0.3965451717376709,0.37067177217523933,0.3331394,0.3787819793727219,0.26794496457480543,2.1505882779873415,0.019047675082782288,0.18175262483570884,3.820127079790324
335,90,fit,1.0778940242776114,2.674998677406174,16,16,0,0.6183805984106082,0.12529748920574163,55,56,0.2035822868347168,0.19650822617923014,0.0,0.0,0.1047695422518047,1.403706223092684,0.007745348723815687,0.07390599927305044,2.202459284453524
336,105,fit,1.2528154301163403,4.565418304241261,9,9,0,0.18127305093483234,0.07138266123616212,77,78,0.35603779554367065,0.3426702602569957,0.25974107,0.3628778632619612,0.20222101690425598,0.7730455372185525,0.010233702302935615,0.09764983113488182,2.2558357265981415
337,111,fit,1.154952507633327,4.878771336014453,14,14,0,0.21731893757748494,0.2168364515954763,78,72,0.31478455662727356,0.2997554414124674,0.3304222,0.3462108663970947,0.22401931900705382,0.018937494421391657,0.0002626122033669809,0.002505841635181115,0.06002809485701841
338,104,fit,1.209770610740164,4.17038525729084,15,15,0,0.5497680933877159,0.45310132013709165,70,69,0.307149201631546,0.2838632853224712,0.1802539,0.17628711113014156,0.23822165766797074,1.0935938459815582,0.008659141610850915,0.08262539705010415,1.9881002785833168
339,109,fit,1.286507616984224,3.804703166416492,14,14,0,0.6171874660106188,0.14221417071867698,76,75,0.35240161418914795,0.32710088061010223,0.2819141,0.2892369946841455,0.38940277982303184,1.3347697739235387,0.018407662735739072,0.17564563679140335,3.6673883776815153
340,88,fit,1.0990594121652992,3.6520899409695784,8,8,0,0.11059676435525378,0.062274709074679996,61,62,0.23908136785030365,0.2323538879883931,0.026083412,0.0,0.09274026191725894,0.8138802291849637,0.005887091017674362,0.05617453261139658,1.8480065333613616
341,105,fit,1.1633936708535555,4.09453183226692,11,11,0,0.4772830151441023,0.1191367425462173,76,72,0.27709856629371643,0.28052808004326685,0.21990126,0.38875823950123495,0.23833463796961693,1.5500182406751288,0.009855449679264003,0.09404055037465651,2.4193486745321553
342,108,fit,1.1257831512287828,3.0770818170034047,18,18,0,0.3392205829643526,0.15353575367619013,70,72,0.2905281186103821,0.29666243536969245,0.084943675,0.09552857798554766,0.06149482798068541,1.0894989591717534,0.005785301665930821,0.05520326017109562,1.2404422032468112
343,97,fit,1.0604361771663127,4.192694423055076,13,13,0,0.8869682874333147,0.05233442108300953,66,60,0.2596164345741272,0.21406954272257767,0.23147579,0.39057683369972895,0.46683041249005336,2.374269177444784,0.023803041338513485,0.22712825704688439,6.596350791956314
344,106,fit,1.2956851126780973,4.306570391096907,7,7,0,0.2729251730007637,0.0814557185520142,80,91,0.3800172805786133,0.4522102824715628,0.0,0.0,0.7487081557215847,0.4489095887133194,0.0022886173899575777,0.021837952194251695,0.43108437178963926
345,99,fit,1.2176377415973276,1.596266523480895,15,15,0,0.3574538055633058,0.3042021399107658,66,72,0.2819570004940033,0.2845143565592694,0.13661595,0.23325680956158767,0.0796530617288113,2.495378117248759,0.022715804760264916,0.21675386221626827,5.431290647628152
346,104,fit,1.1809869166705058,3.0452444876078406,16,16,0,0.38356888132561945,0.25258506047320095,69,62,0.2874376177787781,0.23428806725130918,0.1182285,0.06516974357609139,0.5100761157486704,0.9123206002719616,0.002992768622457876,0.028556952504369043,0.7559011600920167
347,93,fit,1.069888392187876,2.2802021651455333,18,18,0,0.2945120244063053,0.3535141083698382,57,60,0.21985822916030884,0.21747351956121097,0.0,0.0,0.08996361228394338,0.8829019725711562,0.0031534735365194556,0.030090396340834498,0.8148897741980108
348,105,fit,1.2231120659357941,3.0981210847134006,20,20,0,1.8771717496016007,0.37129471899921335,66,61,0.2954782247543335,0.23525442414178468,0.21377128,0.3083396732765656,0.6172046634477628,2.103313984653963,0.024152668675957455,0.2304643957629528,5.273444078639853
349,107,fit,1.3449086005924409,4.404875106653258,8,8,0,0.16559924733450815,0.05769894985029798,80,84,0.38462522625923157,0.3832938244316772,0.16696705,0.17090114182879027,0.025297571371411615,2.3879015108316346,0.019086584449512483,0.18212389741901225,4.043632911273559
350,107,fit,1.2528648087162084,5.967330798638833,13,13,0,0.5673514559838635,0.08484138928072468,75,88,0.35805732011795044,0.4164373239017395,0.0,0.0,0.5581230762635756,2.4010469388432583,0.022184476320283072,0.2116839343538461,4.179601119064674
351,104,fit,1.2509090045672795,1.9472600647638265,15,15,0,0.49607274787228395,0.2734433905387618,71,63,0.3218032717704773,0.24092737979182977,0.23353992,0.20159351393373753,0.7825538436797479,0.7009605343328987,0.00859634468833648,0.08202618977420305,2.0664583211013414
352,118,fit,1.3042446068090225,3.2361735743299644,18,18,0,0.30288073661837245,0.16891582277921946,80,78,0.3704792559146881,0.3343658197327409,0.062133744,0.059602877643084924,0.38893518667192317,1.8467847914595257,0.015016142447327204,0.143283801978313,2.8689864740476008
353,88,fit,1.0183922386341095,2.5780281969170087,12,12,0,0.1504031174014881,0.0908115068252848,57,58,0.21398667991161346,0.20201677348089686,0.07968489,0.09019538860332904,0.15288763009558673,1.1365701062884281,0.002850371964300568,0.027198205766226793,0.9211266579594005
354,93,fit,1.0051419276726608,3.261013280562579,16,16,0,0.23268874264058576,0.13163463763132496,58,55,0.20407092571258545,0.1833632119288552,0.0,0.0,0.2030010020214284,1.5708522219794254,0.00631039395404717,0.06021368276762567,1.9704469315526671
355,96,fit,0.9610085816077114,3.815048987973707,12,12,0,0.23644088404482005,0.060368389360512295,64,62,0.2064708173274994,0.21037724154794968,0.21480134,0.34666198748482013,0.07882231354489277,1.7180502632133565,0.007528819706492218,0.07183988269553643,2.3355293699785538
356,87,fit,1.0599187340676992,2.2712573083121432,10,10,0,0.14393801407663287,0.07973035380947584,59,58,0.2202834188938141,0.20508634785637592,0.10095397,0.12175444559507673,0.14048588813474436,0.22383639629851285,0.0005977533452708915,0.005703753294569576,0.19594709825522333
357,99,fit,1.1166826738454374,3.1122876517987654,13,13,0,0.46271522668782894,0.10025784885443709,68,61,0.26965534687042236,0.23206827085425405,0.12003305,0.17316861698631741,0.3675014111150628,1.2080607319914154,0.01259213481886688,0.12015395819529465,3.3706338191551817
358,97,fit,1.2256005046677705,4.358903280532076,11,11,0,0.757673709585455,0.057046343818312466,67,66,0.2775404751300812,0.2692150766790258,0.2894726,0.24791801390713866,0.11527047355650667,2.3069784826251736,0.03610468840670032,0.34451038556011754,8.578015871989273
359,90,fit,1.1489268401375297,2.7373894258366644,13,13,0,1.2362883845795924,0.175439182309952,59,53,0.22909848392009735,0.1929843551573777,0.0,0.0,0.3627739836013494,2.467774316263788,0.041454748061471626,0.3955605731056453,11.529489023586986
360,97,fit,1.1521378275708551,3.8937027107410884,10,10,0,0.13577076577743502,0.061167228569338816,69,65,0.28637367486953735,0.2545846701693888,0.31326875,0.3858009356795475,0.5439283305286149,0.5569534853892696,0.0023296127039314288,0.022229128854307525,0.6433510170740084
361,92,fit,1.0933784566199793,4.048198433513082,11,11,0,0.22342296845227697,0.1255758275904435,63,69,0.2537374496459961,0.2720714502423299,0.1300707,0.004882018750241484,0.21029581789992954,1.592149063936593,0.007502414762170926,0.07158792711995159,1.9939239327436442
362,129,fit,0.9950184278455076,1.12948104619803,35,35,0,0.9601126690108025,0.7551274127478076,75,77,0.293748676776886,0.3265368858210241,0.0650718,0.07306581748067652,0.6837504894668877,0.8105485771385939,0.006388847087164824,0.060962281366076565,1.0024903272869699
363,105,fallback,1.2446191310882568,7.389613808470469,3,3,0,0.3877258292965705,0.015951907364072822,83,84,0.38753604888916016,0.39084286490818865,0.0,0.0,0.1265861868667542,1.3509708876380735,0.006875396280362007,0.06560492633933213,1.6134553518023944
364,104,fit,1.1577002171992468,4.438288598662635,14,14,0,1.2123065453492372,0.27600013523258915,71,73,0.309291809797287,0.3287085477536046,0.060809977,0.0,0.2047734441802286,2.4563072098527705,0.04769342208570529,0.4550899053979512,9.359768345478015
365,115,fit,1.2395148020115778,1.3341562035637482,15,15,0,0.2776139544874905,0.06805011206885225,81,81,0.37167075276374817,0.36739357701201986,0.36098444,0.41361448515983457,0.1195410691183468,0.6783419403849146,0.003003659163357166,0.02866086987936227,0.5685637258858147
366,103,fit,1.313656285373486,3.5768453015860397,13,13,0,0.3498706662313971,0.10445409747251251,72,73,0.32975155115127563,0.31333606369143563,0.1560267,0.1223774706043832,0.19788418919800402,0.5058711481203372,0.005941265188937897,0.056691461726506645,1.2817849432952817
367,114,fit,1.335016549118774,2.7712320334999365,14,14,0,0.5229710544627917,0.10144052731029334,81,83,0.38956087827682495,0.37705633916364417,0.071191736,0.011631975723438076,0.12373602171907506,2.3762793801407636,0.020267485267580813,0.19339203499600013,3.8967259900846667
368,101,fit,1.2967506698807245,1.3986930347242166,14,14,0,0.22402709001082818,0.20933862211475146,68,79,0.3006303608417511,0.34264207577146855,0.15890956,0.17876762313665498,0.48667731046591,2.12047570254698,0.01650166215065558,0.15745860830778224,3.4051733277179346
369,101,fit,1.2047288973313783,4.270950065860174,14,14,0,0.7454413770848889,0.10500785950459178,69,70,0.2951063811779022,0.282347715413421,0.2944967,0.370776433338785,0.2543419227370092,2.0789123940460845,0.015937807311660994,0.15207831404256672,3.632971874716792
370,94,fit,1.0538224918224752,3.8283638935541133,15,15,0,0.838242208694075,0.08610832984603936,61,63,0.23761755228042603,0.22571303331309123,0.2683707,0.39095562620008856,0.12994480107654935,1.726832234231071,0.016843841236023,0.16072367591625,4.275888941707227
371,107,fit,1.1769832978012058,6.00660114814659,14,14,0,0.5382909704461734,0.13759745415552205,75,93,0.34134578704833984,0.4446141364492243,0.0,0.0,0.9871306270516677,0.39263870988969324,0.0034818343641934563,0.0332236103453574,0.5988678652238068
372,101,fit,1.113793829126339,6.241775801597862,15,15,0,0.898862471720923,0.06810741729500754,68,80,0.29944294691085815,0.370815437668459,0.0,0.0,0.7094007746438998,1.6907977974836312,0.018327282826146363,0.1748786529212439,3.487538950248224
373,99,fit,1.0970371635430394,4.774307466795685,11,11,0,0.1620584109370715,0.043715711213803916,69,72,0.27301451563835144,0.2747152709849466,0.31414476,0.3951051061931628,0.24655227832044138,0.32514626378985484,0.0007001820446209912,0.00668112637997129,0.17990187765155072
374,111,fit,1.2457071952251169,4.392767993063396,14,14,0,0.47973855530070025,0.12674005590021564,79,79,0.36682918667793274,0.35694026389179273,0.0,0.0,0.1561968153011346,1.9778975296712895,0.01605052313351329,0.15315384669382912,3.173278544957359
375,126,fit,1.1941790116306017,6.792405753346618,15,15,0,0.43569523697842366,0.23989292905563847,90,92,0.40952107310295105,0.44496286210493097,0.0,0.0,0.5648302018405367,2.0075943155147176,0.019076536565247347,0.18202802066075713,3.315231958020442
376,95,fit,1.1231765106258726,4.339686877746099,13,13,0,0.4663382147504996,0.09089363994059448,64,66,0.2639803886413574,0.26312609805938086,0.0,0.0,0.1031132013372792,1.3037877765452737,0.01194119756790989,0.11394272488463635,2.9718331075642377
377,98,fit,1.21942565110684,3.5703871879294042,12,12,0,0.3254306060001597,0.13096262550753157,68,74,0.2911812365055084,0.31344714247732397,0.0,0.0,0.2600435107937688,1.0287802288938375,0.0051835931614807014,0.04946176680802196,1.1834581587805135
378,113,fit,1.2040210051015923,2.4141212658043694,15,15,0,0.19477212972182306,0.10776412011032885,79,70,0.3258521258831024,0.2804530927906432,0.25420558,0.3108049553501402,0.4604950415481881,0.4132109812122146,0.003103096599890917,0.02960970038063852,0.7005108925354608
379,94,fit,1.1257878704822772,3.458610574290151,14,14,0,1.4175683204406,0.18017573628508338,61,54,0.23674245178699493,0.1990575466317382,0.06519702,0.038801814204606475,0.37824069977188074,2.4194762303828927,0.02835405150350938,0.270553926560204,7.77704190890067
380,110,fit,1.1493780532815672,4.698752641114268,13,13,0,0.18236087391165373,0.1237988337544104,78,84,0.35357266664505005,0.39195907414845854,0.0,0.0,0.37061875686163864,1.5783451783136817,0.010744708214215106,0.10252584173869375,2.1116044352640406
381,97,fit,1.0795156266730859,3.8584005976756504,16,16,0,1.8018354918707198,0.19394866234949432,62,50,0.22630929946899414,0.16341595240479848,0.03455651,0.0,0.6401728791948383,2.351562148848661,0.030594361018860882,0.2919309257524893,8.672818283460447
382,100,fit,1.053760004623499,3.1938464037423864,20,20,0,2.448475059585902,4.793467857590103,61,54,0.2339777946472168,0.18922004975585813,0.09267977,0.15951937997185564,0.4881002256536554,1.8364608603335706,0.017111605800137472,0.16327868129902168,4.388364005913881
383,98,fit,1.0534990631179812,5.268051041582189,18,18,0,0.6645375495127295,0.23437693645991226,61,80,0.23647649586200714,0.3116286469435366,0.25131735,0.2654192570082351,0.718562414081215,0.782887841979986,0.004139047934419894,0.039494732198663104,0.8728964850730202
384,91,fit,0.8930694716572184,4.637626524484909,19,19,0,1.4674409809980096,1.335252953504063,53,52,0.17516876757144928,0.16863038145998688,0.11775547,0.0,0.11324941411823128,0.09624233948106625,0.0003564428576228588,0.0034011723055616294,0.10525090769532525
385,94,fit,1.1539084488140445,3.3348481129282974,14,14,0,0.7134931411273211,0.09062804513902865,61,58,0.24071365594863892,0.2131992224236815,0.0,0.0,0.27267624728447526,1.3559113351938394,0.017009999885803588,0.1623091592156831,4.598873284605425
386,103,fit,1.1486489862607485,4.727692594114088,19,19,0,0.7175881597171474,0.22595963090804932,66,73,0.2685161828994751,0.29285879233564993,0.30425495,0.3481284290313056,0.32486418665624917,1.900783696681886,0.014955405611624084,0.14270425201931378,3.198855272310093
387,92,fit,1.0700900168275702,4.7866739437207,12,12,0,0.37531222541234804,0.10362532740924349,63,61,0.2519139051437378,0.21934692329259745,0.2449215,0.21177350967784098,0.30547369673820673,0.3641136954566207,0.0008187758573218108,0.00781274673016995,0.2416499513199027
388,107,fit,1.1002966326437558,3.924406965536292,19,19,0,0.5803025462302146,2.7074050219658763,69,81,0.29235196113586426,0.3744331306721931,0.031602874,0.029610129237605833,0.8704114342037382,0.6525311555480178,0.0029294906732947133,0.027953155279529705,0.5337005360311291
389,98,fit,1.091782785848433,2.7357706245181515,18,18,0,0.935485727787758,0.4492066741418705,62,56,0.25379449129104614,0.20031251916425882,0.0,0.0,0.5241508217812757,1.4432815705629227,0.009891001998518336,0.09437979006219785,2.6412734145451777
390,100,fit,1.1367409907345645,4.713722955831216,12,12,0,0.18135479892619832,0.04071178408166989,70,69,0.29476475715637207,0.2809654765949471,0.0,0.056892818939401096,0.20208506627901618,0.3201129631060907,0.0016745211818521499,0.01597825555202433,0.41612432254020393
391,102,fit,1.1475886519171086,6.154303044801621,8,8,0,0.2966116280662015,0.03339145544523142,75,70,0.32016265392303467,0.28930946179901323,0.2801719,0.2107388524839157,0.29481563383932213,0.4964289946288524,0.003569750995843573,0.034062509502324166,0.9277801635714591
392,108,fit,1.1484260651679288,6.744552637168005,15,15,0,0.972516060197115,0.21949379050543316,75,93,0.3330768048763275,0.4342048949637086,0.0,0.0,1.035907348914681,0.4525330011481846,0.004165901267427612,0.039750966292248203,0.7346454316867631
393,106,fit,1.1880017768972326,4.752720637218994,8,8,0,0.4174879124626621,0.06077377786145224,79,65,0.3534463346004486,0.2655472443575591,0.21905303,0.42676356216984196,0.8871579982627111,2.3219980005420364,0.028081914838788594,0.2679572026601965,7.396278394815706
394,105,fit,1.1576966259609087,5.3515523791651045,8,8,0,0.06753227526181067,0.04262591712084501,77,71,0.34107154607772827,0.29133333429865177,0.26143995,0.38241516061102127,0.49882538202730026,0.4407811044805784,0.002250036941173443,0.021469818140967965,0.5911688327480601
395,104,fit,1.1810567351050212,3.072318477515911,16,16,0,1.1542881131230847,0.36437960390617025,70,68,0.30932188034057617,0.27157829830785973,0.048321724,0.0,0.3680478159542426,2.3851433333699945,0.01991617998932286,0.19003988539430208,4.583862325932733
396,93,fit,1.1110890906546769,6.134132830079109,10,10,0,0.17288096340069928,0.029365759529414493,64,66,0.25288358330726624,0.264439731649276,0.28104404,0.28199923740174565,0.11743520994248093,0.34286528034451774,0.0010520668738134766,0.010038806047838517,0.2831397698677426
397,108,fit,1.3214255594678772,3.691108973516929,10,10,0,0.2120085358078096,0.07858739924225228,79,85,0.38948944211006165,0.3971063552643087,0.13719964,0.2565450026673205,0.07351351368932564,1.7184038204744017,0.011263769510200085,0.10747871670038249,2.2745978806951235
398,97,fit,1.166219914798776,1.957803008917548,10,10,0,0.12762602913467508,0.034251145081084754,69,81,0.29719796776771545,0.36117029432395953,0.018832548,0.0,0.6274019542900138,1.148792993209307,0.0047333903865754935,0.04516593880320127,1.0303795689496864
399,100,fit,1.2277586904469653,2.984822479616358,15,15,0,0.3345856450619392,0.15479722289388292,66,65,0.2835344076156616,0.2528207380299367,0.23389398,0.26312770787524725,0.297259696175003,0.3153889472226726,0.0026248692798358218,0.02504646259385326,0.6274921271240521
400,106,fit,1.2936020162919422,5.1281704699937585,11,11,0,0.1950196250336893,0.07158535466327469,77,85,0.36566516757011414,0.38708298194374574,0.27653816,0.2919596723770293,0.2525879081551424,2.0446330751342163,0.016510210870636668,0.15754018006332698,3.3507808797601593
401,91,fit,0.941174816262799,3.117035864815726,18,18,0,0.5635081638720375,0.35804663914073187,54,50,0.18879136443138123,0.16486621238849508,0.15310334,0.22991408493644458,0.2561935566429207,0.07075917835558565,0.0004188668401917448,0.003996820994196038,0.1288079458500858
402,100,fit,1.20575878664032,4.9076918150167925,9,9,0,0.2222988763596399,0.1791560329249104,73,75,0.3238517642021179,0.3284326198830217,0.0,0.0,0.06797412224104718,0.30071097603013286,0.0024479862541838494,0.02335864746358635,0.5686880036666915
403,104,fit,1.1625137402128853,4.308072031465274,14,14,0,0.36181472768726664,0.14972457699022845,72,70,0.30521729588508606,0.27833681365097146,0.3084726,0.3806966899267154,0.2545834736692129,1.7482563245713216,0.008456157162690256,0.08068852254475435,1.9992366909991557
404,106,fit,1.2343111939955282,4.069407294961452,14,14,0,0.5698250161375987,0.12059664027374116,72,82,0.3159884214401245,0.36044406152658015,0.15062554,0.0961132881095962,0.45203096114716645,2.43806858134045,0.023350195329205386,0.22280720733974604,4.830025119104948
405,93,fit,1.0987518265026999,2.762201612226675,16,16,0,0.2220420331435166,0.2054196352814206,59,60,0.23110701143741608,0.2182968884650215,0.0,0.0,0.12062321379071153,2.1005945065109417,0.013149980383912607,0.12547691206023479,3.6442880793349373
406,102,fit,1.2830608714126996,2.8426735370280922,13,13,0,0.6895748853971223,0.15190544011782045,71,72,0.3191177248954773,0.31041040803526293,0.006968005,0.0,0.15796400303181893,1.0954411019819044,0.018634123643498573,0.17780652331582608,3.964186987062603
407,102,fit,1.1257828769193206,2.7908604802930643,17,17,0,0.573234211127519,0.08557323053040854,65,60,0.2628268301486969,0.2201266368647339,0.0,0.0,0.42135282206341507,1.5055080052902479,0.007075821553349754,0.06751738123425338,1.826539397910994
408,99,fit,1.123811750151103,3.577129666828179,15,15,0,0.34295004451329736,0.275567091868222,64,65,0.2532323896884918,0.2407718814538411,0.03798089,0.04850600399006114,0.23306471894820863,2.3676828532430743,0.01657155947083759,0.15812556746982434,4.3929311326945655
409,106,fit,1.1396571816185335,4.620683163996948,18,18,0,0.4344795432635113,0.139809898785453,70,72,0.2847926616668701,0.295508134083465,0.018234113,0.0,0.0992004575353864,0.37437280886270125,0.0016347555458849012,0.01559881246073379,0.35065685896155124
410,114,fit,1.1966258009215394,4.010135315141138,20,20,0,1.451931153738488,0.16474314331055848,75,70,0.32574227452278137,0.2829317875031461,0.15846388,0.229522102778325,0.5726515273268252,2.1681155074550547,0.01631041542889252,0.1556337350085164,3.3981206639832133
411,106,fit,1.04014331139117,5.516370180834303,18,18,0,0.5201781375750678,0.2041339140203357,70,73,0.28835198283195496,0.30425540978286386,0.0,0.0,0.21838837097740127,0.4147713238990278,0.0029102802294737416,0.02776984951787921,0.6165871503588163
412,117,fit,1.1541076748153267,6.8030810544442675,11,11,0,0.4290230945971003,0.05493202211261925,86,81,0.3837498426437378,0.3710740799557085,0.049474537,0.007733255552759418,0.3817074051754929,1.0683340433194766,0.006210142067468756,0.0592570807964576,1.3014690639489082
413,96,fit,1.0703909044216413,1.2969992891554203,16,16,0,0.1870680909137241,0.16957776699177132,62,80,0.25158628821372986,0.3635761567395165,0.0,0.0,1.0867778840307487,1.210590362837369,0.004547018924589605,0.043387585158297756,0.915830902883791
414,104,fit,1.0651297175413936,1.1911517378470013,13,13,0,0.6509144151368711,0.5366996460058399,72,83,0.3049487769603729,0.3775294748387142,0.0,0.0,0.7206692035979461,2.2905339074382,0.017869235944112584,0.17050797656595976,3.6080849702404674
415,98,fit,1.2671292493620445,2.378001660363757,9,9,0,0.4921616283099697,0.31353230731856807,71,74,0.32422491908073425,0.3256909749606682,0.0,0.0,0.2897244706203588,2.433700691996341,0.027080893158068664,0.2584054690655407,6.175402369234219
416,102,fit,1.0951803899099672,5.70856746898124,16,16,0,1.096662828026466,0.4924743995152249,68,61,0.2862299680709839,0.2231641445639133,0.3022567,0.4101314958543842,0.6205472892549191,1.27078685548827,0.00431469191478258,0.04117072437769637,1.1640131820855517
417,98,fit,1.0355683005994136,6.484631533616376,11,11,0,0.3108946364682848,0.1045658641506592,69,75,0.29756760597229004,0.3213929803289381,0.0,0.0,0.24631352427158332,1.8253349203546565,0.010605698144405736,0.10119940977486389,2.5047990397099045
418,117,fit,1.0425454623975852,6.115773126156547,18,18,0,0.9130308026554014,0.23382349060335947,80,69,0.3335665166378021,0.27449473093868054,0.0,0.0,0.5950955390368842,1.5318345160399618,0.009636036473009575,0.09194691291039671,2.1540851258025433
419,100,fit,1.090056329895311,4.899022098266336,12,12,0,0.3666305725235036,0.23414331033029612,70,80,0.3021358847618103,0.3608565232440476,0.0,0.0,0.7387539201340488,1.8771860264941411,0.012195800544498111,0.11637214260017281,2.5780115999699564
420,97,fit,1.0184321689740443,3.170887735212129,18,18,0,1.1472445775897668,0.5204675657262744,61,58,0.22191207110881805,0.21277962095206257,0.30570537,0.020498764033917746,0.1552804982885969,1.3292573076738339,0.01815349586752731,0.1732203804153369,4.695943579020061
421,120,fit,1.2076669567481595,5.321579418456709,17,17,0,1.3197709489310525,0.2190966995675254,84,85,0.3852129578590393,0.41515199043526924,0.0960333,0.0,0.2892753797658096,1.6820331161479403,0.04553988667687887,0.4345409034053327,7.27365338243842
422,109,fit,1.1999740930447282,6.272303329301894,12,12,0,0.673142898864649,0.07661031806021598,79,81,0.3552643656730652,0.37910955088749565,0.0,0.0,0.2495092741412419,1.2967528126053525,0.02474355975169198,0.23610266938637386,4.712197902523198
423,111,fit,1.2891015299130397,3.8449550612988888,18,18,0,0.3939725472906179,0.17240043868043917,75,78,0.34402474761009216,0.3497865139950402,0.2933959,0.17963882322167585,0.15518414305284867,0.41802214120844794,0.0021834282073324466,0.020834238619584413,0.40976654814260866
424,93,fit,1.0641613852042708,2.502264989339283,19,19,0,1.114320411461794,0.20777833924419004,55,55,0.2214217633008957,0.19507667186537045,0.21658443,0.11550936515637868,0.26188206415768034,1.1990770291878532,0.01382560007209615,0.13192366481007778,3.6555092812246346
425,91,fit,1.040610605193493,2.799310903515438,17,17,0,0.20668428029982328,0.04181805059979949,56,65,0.2106562852859497,0.24518297694987495,0.12859412,0.033363312335059236,0.3418568378035778,1.7836854612685895,0.009367221237626148,0.08938188203841745,2.4225372103930964
426,97,fit,1.073811261668496,1.2630655155344428,21,21,0,0.9041342024737395,0.3633829854552416,57,62,0.21465136110782623,0.2306870608904188,0.08446737,0.051846107319607225,0.28263947461920186,0.7582101368310928,0.009089850687294952,0.08673521648182206,2.107850327884947
427,115,fit,1.3047178364053558,4.620932353624586,10,10,0,0.25415533880094743,0.17229080623338708,87,88,0.4078141152858734,0.4122527956931359,0.23574601,0.2120578480468452,0.8713027191368572,2.2355247322462173,0.020893872199857427,0.19936900954062428,4.11824901316606
428,96,fit,1.2320515195716386,4.020144366205916,8,8,0,0.1203516940411349,0.08242950236499876,71,74,0.31935757398605347,0.31486203432824,0.2659574,0.2620611620455516,0.08965253706287218,0.026781933022195063,0.0001279265485417774,0.0012206731731085629,0.031863346818902204
429,106,fit,1.346927753782476,6.433663004228778,5,5,0,0.26389553912505387,0.0456388995868243,83,92,0.41477715969085693,0.4506308062819864,0.21069461,0.3523104003725307,0.35358588932097973,2.214372486060933,0.017934546814405643,0.1711311718931836,3.5709917500271593
430,102,fit,1.190692951874297,3.1179627361806195,16,16,0,0.24249689476744193,0.1350694094318094,66,69,0.27505433559417725,0.27945899652464773,0.18920577,0.2349691771076835,0.09727053100561504,0.16849118603429547,0.001498442974656985,0.01429811998718497,0.3423182754371717
431,104,fit,1.124988485574673,4.413396929196075,14,15,1,0.3273275692019907,0.16584455562565947,70,69,0.2886941432952881,0.2733769334623983,0.26878446,0.33821546252375556,0.3353153249764453,0.733111614704734,0.0029401394687338022,0.028054765923032462,0.7025345812300448
432,96,fit,1.0354601519513618,4.6538186140646305,14,14,0,0.38055718982924513,0.06820239095816101,64,62,0.2453627586364746,0.2243918171171203,0.3132762,0.32857272996237596,0.20544595206208885,2.4185332369044765,0.016745914370740682,0.15978925926279275,4.85349896643549
433,95,fit,1.0211399866452566,5.0600525428142475,14,14,0,0.6282985480943355,0.33047635695081307,62,65,0.23938636481761932,0.25563148101090505,0.0,0.0,0.196374108371115,1.0926529367684292,0.012680750147174031,0.12099952430509571,3.210221104255996
434,100,fit,0.9661823479254177,2.6632862012374874,21,21,0,0.49552191792688693,0.3744474794870475,60,66,0.2117273360490799,0.25502236257538063,0.0,0.0,0.42840126691315716,0.12055168524360305,0.0008525253083171039,0.008134783476308242,0.19818224596568124
435,105,fit,1.1516126092579715,4.24302570147301,19,19,0,1.4865108310423922,0.2390383404714293,67,66,0.2764396369457245,0.26618452000995924,0.0,0.0,0.1526276370584229,1.5291584270513643,0.025381640240301803,0.24219122366700194,5.344532967139847
436,120,fit,1.208580796647939,3.1443433132082617,18,18,0,1.3822323938993508,0.21339759884736098,83,79,0.39250946044921875,0.36154307427120985,0.027952626,0.0,0.4356248968230777,1.9165302505910948,0.024623633107974306,0.23495833118296092,4.356250278304378
437,97,fit,0.9951504048481793,4.608325946560416,15,15,0,0.6498339080494256,0.3339829288963735,63,61,0.2206590175628662,0.20884816063949116,0.19016759,0.2965995624956616,0.6130763031852394,2.4648508927478483,0.01616270534381999,0.15422428763187013,4.846052723546163
438,118,fit,1.1356618807749232,2.622078194579436,21,21,0,0.35894738005480514,0.1932211102676783,79,78,0.35535740852355957,0.34148666136677686,0.2137476,0.10266438872241916,0.3980846272177094,1.0764399306066808,0.007226173949599313,0.06895204150381024,1.3350957295915098
439,102,fit,1.1997395824805128,4.873923131498177,13,13,0,0.4904049177355652,0.10434162235523099,71,89,0.3155277371406555,0.3963579980984324,0.0,0.0,0.8088612941613306,2.233219119990584,0.016817383276864058,0.16047121447389368,3.2558425982660064
440,96,fit,1.106302105998825,4.734943667292945,11,11,0,0.234060358993178,0.04541904918816978,66,65,0.2648017406463623,0.25417149560749064,0.0,0.0,0.1447971407550088,0.2117169913023155,0.001018302980721915,0.00971663149543812,0.27830679375641443
441,108,fit,1.221715711553486,5.70420766785953,11,11,0,0.25128179345895696,0.09955398949054808,77,76,0.3576728105545044,0.3286643372287151,0.33609712,0.4810984254273913,0.29174589174400034,0.21014376135288834,0.0016306510134103656,0.015559647074526388,0.37058446910118453
442,100,fit,1.278233600362564,4.352786671166762,9,9,0,0.08113332853351916,0.0526790710308612,72,80,0.34077659249305725,0.356701107762394,0.09194217,0.04034487869291946,0.1530750523443338,1.345999336142628,0.007880919748503638,0.07519961592083624,1.7851988403939325
443,99,fit,1.1295750509382152,4.175055521020738,17,17,0,0.3342004195550215,0.3641801839638305,62,65,0.2520867884159088,0.25349700668429265,0.18974248,0.15289938845876228,0.019254946646694436,1.354936618521989,0.006710504002084342,0.06403152673744601,1.6480825743501955
444,100,fit,1.0925040723010477,4.484622025386712,15,15,0,0.5062308852137354,0.11685082890711795,67,62,0.2720962464809418,0.23412026692061735,0.0,0.0,0.3660145806800334,0.3533296580113085,0.0023779438527496864,0.022690303938451204,0.6334202999278322
445,103,fit,1.171573038895502,3.3189798105897426,21,21,0,0.49380839361989753,0.11165803322198374,63,62,0.2556195557117462,0.23420697306532215,0.0,0.0,0.20727083670297852,0.36422201105074814,0.001553219768524276,0.014820799317979732,0.3625271048402158
446,100,fit,1.0546435968535608,6.094529460700778,17,16,-1,1.3104752176462013,0.6188790818158615,64,67,0.26114723086357117,0.27052239551326496,0.18194585,0.15576553052234846,0.05699874194025486,1.7560302908786654,0.017902704126533147,0.17082732945165216,4.124437592878971
447,102,fit,0.9315472029443203,5.935120464038766,16,16,0,1.0513466250215924,1.4875132649167082,66,69,0.2529432773590088,0.2744157590112145,0.0,0.07297995180397766,0.25960082290201,0.5481052284500192,0.0024478166352999054,0.023357028962785357,0.5928208079544398
448,102,fit,1.1171987530040315,5.3982193935443155,16,16,0,0.748140084924112,1.2127297865046809,67,71,0.28281089663505554,0.2948511291705144,0.23817715,0.18946797436946158,0.19839355586251914,0.7588130237794881,0.0024323164813550547,0.02320912673048716,0.5459519637188246
449,114,fit,1.2161714990941048,3.2581844571176797,16,16,0,0.3853993547037399,0.12345489048707141,79,73,0.3375644087791443,0.30196683646391165,0.2784532,0.31558789279781757,0.3778112761962485,1.32727651968453,0.006315237887252043,0.060259903504313386,1.3591109509482668
450,375,fit,1.3407939109745708,6.74964707953674,13,13,0,0.5205474850062176,0.1466026790657001,91,102,0.46596717834472656,0.5381679574395828,0.0,0.0,0.711938844751449,2.21428080939659,0.026293096888326182,0.25088832908708186,3.985903222574933
451,99,fit,1.1129573783167492,3.397408617489898,10,10,0,0.3286908396911825,0.14865392649647372,71,67,0.2978026866912842,0.27260726432072974,0.09528642,0.24226448443855345,0.445373404719747,1.3571524772494343,0.016073068731339853,0.15336897644408257,4.1305360930061275
452,87,fit,1.1872792653984414,2.039995629856984,9,9,0,0.2636006099139193,0.06737218475998719,59,59,0.23069939017295837,0.2190139027534736,0.0862066,0.0,0.23004810140024187,1.7197477618918589,0.01203996980256096,0.11488520803970381,3.706907917210927
453,104,fit,1.1095534333105952,4.7745248620345,14,14,0,0.37841331951802104,0.21828330665681722,70,73,0.2696857452392578,0.2690285089625758,0.28918058,0.41188695812288384,0.20892997505619196,0.9414176427488088,0.006965525197559879,0.06646493509122021,1.7009358864248862
454,229,fit,1.3640889060286345,5.364997759197587,13,13,0,0.7452150472691323,0.29834601311117304,80,88,0.3990793824195862,0.4260268037923674,0.13631599,0.2960483912206863,0.254767651115433,0.6297597319087187,0.0033590038516440805,0.03205156346988626,0.5901458039351024
455,92,fit,1.0317643571597457,2.960056383803287,16,16,0,0.1856994830362724,0.10681839532854262,57,52,0.20548798143863678,0.1720613718270201,0.0,0.0,0.33105985631021634,0.3957434059618593,0.0009333278864130077,0.008905800442872211,0.2959722027753645
456,80,fit,0.976372894761127,4.788406951928238,11,11,0,0.5400318893511284,0.049901072785310516,51,47,0.18091268837451935,0.14907884309913744,0.06668802,0.0,0.31683714022649706,1.8833215026868173,0.015394062661975058,0.14688991089670855,5.84600160404513
457,94,fit,1.0785378798425023,5.886019750176317,10,10,0,0.27342603919627,0.07270094174651034,66,66,0.26599058508872986,0.25626245510482076,0.099673264,0.15090164680368096,0.09579440698084224,1.2393885670941989,0.003950023475929625,0.03769106370161856,1.1083822189584016
458,98,fit,1.192273551466311,5.700074906374019,9,9,0,0.12971101865982698,0.038460339527979205,72,80,0.32384055852890015,0.3633346149109026,0.21699183,0.16362091177548252,0.39643626159003365,0.5214991975168082,0.007157429456789419,0.06829608260295246,1.5405836463104094
459,97,fit,1.1367168886948007,2.8380841459164903,19,19,0,0.41901277897709144,0.2893258333766688,60,63,0.2361467182636261,0.2342328859536073,0.21140274,0.08293564882552547,0.08349698998593874,1.8693845559601507,0.01020070938193191,0.09733501318637318,2.5261459423641623
460,99,fit,1.2376198389227957,4.624672722972965,13,13,0,0.5737219191148063,0.16131632021755202,68,78,0.3066323697566986,0.3459303783707504,0.24093588,0.2101732340453374,0.3762506927070621,0.6116260310591296,0.007935832217823569,0.0757235898647287,1.6355059289342961
461,85,fit,0.9838150705847054,1.8644723227790188,16,16,0,0.36982527331400794,0.22987444191852793,51,49,0.17271028459072113,0.1543172984319071,0.21200962,0.12110562725753707,0.2047000040532914,1.61991062295035,0.006232285709706745,0.059468375092621616,2.120332190183318
462,94,fit,1.0988708937952627,3.181530453145417,15,15,0,0.4081851358020826,0.3141330053508981,60,62,0.22785483300685883,0.23376238226951593,0.0,0.0,0.09222753172127134,1.5183693458895269,0.006457079346451538,0.061613352542476504,1.7423148690032872
463,95,fit,1.2753643986295249,2.0484770885716475,11,11,0,0.12910696089209664,0.07222833745984575,65,66,0.2721385955810547,0.2555138990031691,0.19720091,0.31239132398020164,0.15740426407568453,1.207446383552346,0.006402209017741298,0.06108978070363834,1.6880118421140433
464,94,fit,1.1801423585023405,2.043963217220869,15,15,0,0.26784771180111383,0.30299045745706715,62,65,0.25546932220458984,0.24663661978983653,0.071412414,0.15958216253185278,0.08708060765462136,1.6770049549287986,0.009625149740185076,0.091843031871995,2.433676624726938
465,102,fit,1.3521362414837907,2.4947144485119863,6,6,0,0.05986391962161517,0.03226867998349877,78,82,0.3643028140068054,0.37900662522255807,0.03685858,0.0,0.18161725648172772,1.1373928527478812,0.005849521452710944,0.055816044396096796,1.2990689311625403
466,115,fit,1.3267987916761732,4.8687287106801636,10,10,0,0.47730329667707844,0.09583762521210958,86,86,0.4354390501976013,0.4094162978569656,0.24290656,0.2897181882851907,0.6590528003767407,0.8025144200861093,0.0032708216695717623,0.03121013043484506,0.6275181569457526
467,99,fit,1.2112949698758608,3.00557472516769,13,13,0,0.3575920392194924,0.16394445490583306,67,72,0.2980082333087921,0.30036464757697784,0.0020612718,0.0,0.07883117876474986,0.6921459140026751,0.009240822450978868,0.08817578674598156,2.0771167084958018
468,99,fit,1.1361622300956074,3.8379708857222252,15,15,0,0.35037798450470165,0.15953333586644144,66,68,0.25660738348960876,0.2655284005663928,0.26124516,0.37735498954890145,0.10176018805317562,0.7146239521752596,0.0022683419821991646,0.021644484562969128,0.5473789995530878
469,134,fit,1.1134711952342466,3.8580216712676854,21,21,0,0.7482038053407741,0.29564592632818215,95,72,0.30654215812683105,0.2737031300368162,0.17490575,0.2544241654667426,0.5839360390443377,0.5269006193954179,0.0022242380315433464,0.02122364533915407,0.4714419945668299
470,101,fit,1.145263150561732,3.048449985264329,19,19,0,0.6304148050872033,0.25973424518248084,63,63,0.24041345715522766,0.23642889932247008,0.06456026,0.0,0.47851455697441336,0.6229199628319192,0.005922143226124256,0.05650900024927725,1.4129056907189972
471,116,fit,1.1820181721349148,4.278680542574304,17,17,0,0.7794237134399536,0.16134325242906344,80,68,0.3204008936882019,0.27151387439830904,0.26373357,0.3057253031728414,0.5852825244352815,0.9705078205383127,0.013719781782277311,0.1309139483041728,2.988330155111753
472,84,fit,1.0240271229513815,4.404691762193766,11,11,0,0.38812297186513217,0.04513968701585366,53,55,0.1831897497177124,0.18940327187790926,0.26676387,0.24746357152854223,0.07290693681314797,2.361556796102867,0.011568280282935854,0.11038435384480776,3.873843183336073
473,96,fit,1.1177448166373343,3.293414768258325,18,18,0,1.7454781287209156,0.8545235049881998,58,56,0.21733826398849487,0.20249229160258503,0.058542863,0.0,0.30860945256764144,2.0233025417266446,0.031732788867750196,0.30279378690601333,7.841576078522116
474,103,fit,1.1616041058969508,5.05753025646041,13,13,0,1.098529922519123,0.07807354240780381,72,66,0.3129861056804657,0.2665168310976373,0.2923196,0.3918273338921849,0.4632848135224982,2.4915630040189005,0.04483582302619648,0.4278227387995847,10.126192772635235
475,100,fit,1.0786140386187064,4.491917909296024,17,17,0,1.4032020506022318,0.05850614165318628,65,55,0.24216309189796448,0.1993250803271412,0.05595859,0.0,0.4497130295509119,1.936796764242938,0.023139125291981713,0.22079318026700107,6.1186475360919985
476,85,fit,1.1021465277197366,2.8636725986969647,14,14,0,1.0139211869696476,1.1770478629076842,52,58,0.19647011160850525,0.20992876274132147,0.0,0.0,0.1770142790021558,0.3856123847626504,0.0012215392957207066,0.011655909310312086,0.35111469301995585
477,97,fit,1.150552481864944,2.2990349271312716,18,18,0,0.20726376224639992,0.14437575743356962,61,62,0.24498526751995087,0.23440983891083,0.0,0.0,0.11488272552866809,1.1088978422972298,0.005285246780048446,0.05043174408443174,1.3070277226966354
478,100,fit,1.2103825738135703,4.702800682261482,16,16,0,1.2590697278840322,0.35599069304512626,66,77,0.2917494475841522,0.3327856052593337,0.0,0.0,0.3873301373357981,2.344449585855993,0.021720436514462146,0.20725607361128,4.41046545867391
479,93,fit,1.1095524573016142,2.535792315068708,15,15,0,0.4636458689334332,0.19306342551828787,60,57,0.23903922736644745,0.20797133712258284,0.0,0.0,0.3023383583218946,1.0424001995184422,0.005785600015187796,0.05520610701515072,1.6213070027674434
480,95,fit,1.0709718131974253,3.0414686639882427,16,16,0,0.324481057853662,0.16507859441378955,61,63,0.24125505983829498,0.23797914322650612,0.0,0.0,0.12209491006451616,0.9010182232816202,0.0035822203748165343,0.03418149212611197,0.9259597337084411
481,109,fit,1.209932794058459,4.364762258576682,15,15,0,0.35410433234550587,0.21533202201960247,75,71,0.30282437801361084,0.28418074000126714,0.19250259,0.3742265765740851,0.2422091580419949,2.0885757201514585,0.01503615638049397,0.14347477462303407,3.5049549996166696
482,106,fit,1.2202920730659528,4.405913548850533,12,12,0,0.4048331940934264,0.07105638807169037,76,79,0.3505602777004242,0.3604678007515296,0.0,0.0,0.09080331844289971,0.99450368548607,0.013378587589713574,0.12765827852780126,2.6905512538080067
483,97,fit,1.0509106866237348,4.259353837348516,17,17,0,0.4365065840008816,0.18333485367862837,62,57,0.25292250514030457,0.20054078883814971,0.25450644,0.13085974532632286,0.5055561556436166,1.3626276920292724,0.004594825070386927,0.04384375067163098,1.29342870599666
484,104,fit,1.1845815088779414,6.193913171652925,15,15,0,1.3313425570558837,0.15729688429031102,70,76,0.31544601917266846,0.34445679778385574,0.0,0.0,0.3333737302973033,2.031282178497033,0.02956380859791295,0.2820974102854289,5.704158816647254
485,92,fit,0.9816076278276852,3.2915494004225576,18,18,0,0.9326928561807917,0.44791697029668354,53,48,0.19398322701454163,0.15251061414879244,0.07330662,0.0,0.40096709264310776,1.1705916253106239,0.002886222159718062,0.027540287783569293,0.9182534043192733
486,116,fit,1.2325705544722,6.178007058889694,14,14,0,0.5955476939549288,0.07945917274844436,85,82,0.4022326171398163,0.38447084290450323,0.0,0.0,0.17396051094032058,1.2880061662646602,0.013844105341873624,0.1321002418117712,2.562371236710454
487,100,fallback,1.3123972415924072,5.142692285499569,3,2,-1,0.22348778135728095,0.02835977299657595,79,84,0.3847613036632538,0.3902680117647209,0.1432468,0.40139863121830993,0.11096273877739415,0.14202526603972468,0.0004826320770716528,0.004605267910989053,0.11356176666440691
488,100,fit,1.1316770003051573,4.526810450592883,17,17,0,0.353271787412428,0.3786712680313725,65,62,0.2631889283657074,0.23175664445219066,0.25907627,0.3897523437245354,0.41958238630787054,0.20875698681681354,0.0010116672307686012,0.00965331327069276,0.2522434533441562
489,94,fit,1.167015790193966,3.355939863821879,11,11,0,0.3809343835913149,0.1094871645114695,65,64,0.2773894667625427,0.24493683936785954,0.16448167,0.07440677207454101,0.31339069312713724,2.064152268268637,0.011419195492945086,0.10896178905481951,3.151778333296047
490,106,fit,1.2531577001052696,5.583717163358848,12,12,0,0.4242754694401525,0.09636725798163591,76,85,0.3560332655906677,0.39606485218761156,0.0,0.0,0.44485335296487577,1.0897765345348789,0.006523411923619053,0.062246296981097834,1.2675419690539238
491,104,fit,1.1335525768996222,4.4404840175240805,16,16,0,0.24381209086110922,0.21662378178305308,70,67,0.2909969091415405,0.25600169259882516,0.2640507,0.2770058944042182,0.46119466770058326,1.8267827069679201,0.010209419412145608,0.09741812416169474,2.496658661692747
492,96,fit,1.1588378645953,3.7294452795355353,16,16,0,0.20246935082406747,0.1629393763859385,62,63,0.25377824902534485,0.24263841626138877,0.15963301,0.05398737113053647,0.1668616669120027,0.23152252005073082,0.0013888394522488486,0.013252284849702754,0.3479843678020299
493,100,fit,1.1289417915481945,4.66734118624583,14,14,0,0.6811641272056066,0.14240500280859586,67,68,0.26622986793518066,0.2563759477690788,0.31482765,0.4047977098904425,0.5435775008548606,1.6637770248557822,0.011663207980551232,0.11129015248617588,2.8410384235675123
494,100,fit,1.0514410418529008,5.257881276803424,16,17,1,0.520019875590549,0.41684344328419026,65,60,0.25734275579452515,0.20659332185928767,0.3025854,0.36447859988446046,0.4769379579521116,1.4580440729918915,0.007422298953791077,0.07082346329953318,1.9946086402187382
495,104,fit,1.112340228199835,5.096932353772974,17,17,0,0.38059808005625434,0.24877879040753242,68,70,0.2794676125049591,0.2884483678062287,0.013153924,0.0,0.12834261734730376,0.12671517331125093,0.0011122163579257581,0.010612751506925172,0.2462890939111934
496,97,fit,1.1471990874698146,2.196735660475496,14,14,0,0.42040561204933685,0.13565666177487068,62,62,0.26161161065101624,0.2323683534658777,0.12136535,0.0,0.28327255508841065,1.9007019572383406,0.00902146663146895,0.08608269686516173,2.464101814411692
497,96,fit,1.1061479716094182,4.4179267391978385,12,12,0,0.27018251331024395,0.12199432594791211,63,62,0.2473594844341278,0.23415282078426924,0.22051038,0.3193593594469519,0.12742523874403808,0.40054452858729267,0.0014383244849672605,0.013724470276405156,0.40377060495499767
498,99,fit,1.1447181809301692,8.094959477156552,12,12,0,0.8090640480152014,0.10743065994805609,69,71,0.3022070825099945,0.3020521832333993,0.0,0.0,0.287242531486884,1.2500555299305123,0.011089251824640321,0.10581347160916336,2.5317055310097025
499,116,fit,1.297155658446774,4.919748679960581,14,14,0,0.5543314587007101,0.17668205533378833,83,90,0.40650126338005066,0.43030195264964693,0.0,0.0,0.22971625002971102,2.2532583661976386,0.022368772606919066,0.21344248670724297,3.9637957642583386
500,112,fit,1.3026935253379544,3.695108550579911,18,18,0,0.4062001918236092,0.3574940783182106,75,74,0.35773929953575134,0.3172262140201653,0.22572367,0.3424558462806585,0.42163851670935937,1.578759096520605,0.00955217378870999,0.0911466964571564,1.8860067342664826
501,117,fit,1.2407515179697384,3.472111986428642,17,17,0,1.0636792799217052,0.3374110632154783,80,76,0.3501400053501129,0.3329533383306796,0.0,0.0,0.16939593333885905,2.055842041412751,0.019627125170323615,0.18728172872446197,3.823117950802931
502,116,fit,1.1737851712650869,6.98297865607347,19,19,0,1.5998798966381842,0.25503641859697873,78,80,0.33219587802886963,0.3605691867657662,0.2851385,0.07023346577353874,0.2774419832427899,0.9510868926846033,0.007828888742719923,0.07470313685801452,1.4368936272646664
503,108,fit,1.2621922236685676,5.8862354789614635,13,13,0,0.8545849406984571,0.1636354230571111,76,74,0.351633220911026,0.3295339048257255,0.26448184,0.2954931412498983,0.22033642724405034,2.0543067673978124,0.03407503693484137,0.3251434822026848,6.8711528976753895
504,102,fit,1.0872576197383896,3.3477358866649403,15,15,0,0.578900167303133,0.15899488011680854,67,64,0.2649043798446655,0.24409102334802177,0.058323283,0.0,0.2149558875743203,1.0553435504845543,0.011327339570105998,0.10808530124146944,2.9034835862977424
505,97,fit,1.1021201518268549,2.567735290250371,17,17,0,0.45274464867925734,0.23622175246635302,62,60,0.25025036931037903,0.22146513343958987,0.18525253,0.2874940042742453,0.2880896954506055,1.3144252562613576,0.005334039083830844,0.050897319502202706,1.3675621075704414
506,106,fit,1.2255365702638028,2.8185259145536627,13,13,0,0.1913617994680519,0.10037736208667107,73,76,0.31331223249435425,0.3152919154639179,0.0,0.11165588993371425,0.08078701423784321,2.4551548457890506,0.022554931522758875,0.2152188122400656,5.25468627271524
507,202,fit,1.2300997818127795,1.5496595142247014,15,15,0,0.2673792409647034,0.15569982552132486,74,88,0.34236571192741394,0.42439364769843396,0.0,0.0,0.783166553223822,1.1463188587583482,0.006964194105949277,0.06645223383539386,1.2047704714982816
508,110,fit,1.221342312822378,2.042088351222403,13,13,0,1.168645520873238,0.15790672319523638,77,75,0.3515234887599945,0.3480495758130319,0.35115793,0.2538023593362092,0.045253656069958625,2.354693237058079,0.05880975669553425,0.5611618005299069,10.966967391570154
509,109,fit,1.0423406336875312,6.391953625013694,18,18,0,2.1993183472155873,0.8263018208808919,71,67,0.2819330394268036,0.2813146036731181,0.0,0.0,0.2779537180667119,2.1575517909127067,0.04723482337955451,0.4507139635453674,9.654823041587926
510,109,fit,1.185585574722005,5.355451862096132,18,18,0,1.6343196391247288,0.2187001536357251,73,72,0.33974751830101013,0.31069132901601887,0.1888805,0.17659533076600348,0.5744225353616517,2.0361976627114697,0.029090326137189086,0.2775794478739417,5.759910383716323
511,99,fit,1.2421066157888332,6.384405360974985,7,7,0,0.2101442238254473,0.07220898491583537,73,65,0.3297909200191498,0.2632009988706947,0.35750413,0.4607679340785658,0.6568521197667799,2.297624641637906,0.023697541476399235,0.22612157897327514,6.4967478045663825
512,101,fit,1.140532354538918,5.689205724457621,13,13,0,0.45520702587610706,0.7787393495397036,69,71,0.2996964156627655,0.27680912674561037,0.39216885,0.4131797702332695,0.22781318160866285,0.16764862361416435,0.00040974002407557396,0.00390973305415624,0.10052971969148801
513,95,fit,1.131780375813616,4.6861253352054515,18,18,0,0.5757596299370005,0.47851658470160957,59,61,0.2352011501789093,0.22400266365750796,0.17940257,0.14456357902860942,0.11097099883226541,1.8097620830836472,0.009794536947443117,0.09345932201758698,2.553173901237604
514,88,fit,1.024038546533292,2.5759011168612593,9,9,0,0.10972454540197413,0.057513560242395054,60,57,0.22180522978305817,0.19792060890655672,0.08382386,0.0,0.22690649078961167,2.228570609343133,0.011794897782427946,0.11254673456515214,4.341987667438689
515,87,fit,0.9524782676774864,3.506714430835876,17,17,0,0.30937696062312137,0.3589687866274866,51,57,0.17654888331890106,0.19646820490845146,0.16337222,0.2693305336754046,0.19035087804593323,1.0824905310530037,0.003347486180203404,0.03194166202484164,0.9792859468131376
516,94,fit,1.0241939767441501,2.108661467601016,18,18,0,0.346436038096045,0.12662553127321294,58,55,0.21226947009563446,0.18671345814667684,0.1629058,0.006980989283539119,0.2410821237209691,1.829512307668783,0.009123269158487836,0.08705409502373888,2.655948764537107
517,101,fit,1.2328652987608733,4.610552098133415,10,10,0,0.28899609658641207,0.15160083441468983,73,80,0.33642473816871643,0.3567437504971211,0.14449419,0.2597348207207397,0.4164715100962307,2.0956740595153174,0.014656383178244569,0.13985098452523442,3.1930669337975037
518,107,fit,1.2456975679122275,7.132795650750908,7,7,0,0.1917761940844796,0.14748070238863079,81,84,0.39231330156326294,0.4021347591270033,0.0,0.0,0.27623661010349243,1.0696588165309935,0.02023028958310115,0.1930371143425682,4.062677258708616
519,109,fit,1.190297004467771,4.77572505970366,10,10,0,0.19767106046467603,0.10617241199760398,80,76,0.36360788345336914,0.33045176415916494,0.24192162,0.2948308118915999,0.5498688551224565,0.6820060282150218,0.0031390431065722348,0.029952701398590024,0.7293754386928127
520,105,fit,1.3095746098661392,3.4656422390025274,9,9,0,0.13200760422746713,0.1200934658308358,78,79,0.3684915602207184,0.351405272019883,0.29188725,0.2700122792660523,0.16621863711176393,0.8879675858777663,0.005534766348622999,0.05281265599831106,1.2336113189675784
521,102,fit,1.1473213760860599,3.8815807820726125,13,13,0,0.277978160165792,0.078404500402898,69,67,0.29615479707717896,0.2695160681683995,0.1646153,0.12428802368541104,0.2822964260995619,0.40129107072534326,0.004372379444415739,0.04172117790473033,1.0944841107900998
522,108,fallback,1.2654222249984741,6.080557824616457,3,3,0,0.4628857595292965,0.06496329104443524,86,85,0.4131554067134857,0.39622583925758054,0.0,0.0,0.17583414831822144,2.1627684853417053,0.015222196991906937,0.1452499712968219,3.5815618519063546
523,106,fit,1.1716414515837883,2.0082376939575584,19,19,0,1.3214109567376267,0.32135322389536897,69,63,0.2971439063549042,0.24804434452055962,0.22077668,0.26091542305392046,0.4814340416416534,1.3616230127450575,0.023508171209813026,0.22431461078065865,5.109114479436831
524,100,fit,1.1331096020230862,6.832841588293884,11,11,0,0.12149713991246662,0.11422601743038967,71,82,0.3131917119026184,0.36821310202686486,0.24975353,0.184262593086223,0.5477195596495547,1.4386330102606022,0.0076055338136737025,0.0725718875350544,1.6170354087449308
525,106,fit,1.235559259949717,5.546408306406672,16,16,0,0.5766145305445304,0.5986144727480186,72,78,0.32752493023872375,0.34487616129407483,0.16602232,0.046920941069610055,0.2495871959291477,1.0542529757062544,0.0065666298397627915,0.06265868167712588,1.3257577651674597
526,99,fit,1.0687382946612527,8.338827727166358,11,11,0,0.1323191564827807,0.04551073765392354,70,76,0.28910139203071594,0.31523766116935775,0.0,0.0,0.2618389283040373,2.3561361376631096,0.01887745969794947,0.1801284322323423,4.661138886195041
527,96,fit,1.1428926759930396,1.9587402606167288,16,16,0,0.2606021887985145,0.08960096637339383,62,63,0.24853433668613434,0.23737150742677046,0.06593575,0.0,0.12047088863563664,0.6088836521207789,0.002749628267810552,0.026236910952390762,0.7080821112534056
528,93,fit,1.0363937739836813,3.9952352675635234,17,17,0,1.093920154025124,0.07993872561283087,56,57,0.212155282497406,0.2002371445693148,0.19491312,0.16519496225928265,0.1758560468757284,2.250396014886406,0.01482731285521386,0.14148199289326202,4.172845269747221
529,101,fit,1.100443586166188,4.903993464363161,18,19,1,0.7585790181652579,0.22301831565366903,65,82,0.26355648040771484,0.35688297149268855,0.21697521,0.19315561252269256,0.9701165403977877,1.495024960178734,0.008538630309575275,0.08147548005319918,1.642582114965956
530,121,fit,1.1233411170883063,5.433482696771857,15,15,0,0.3301685687042487,0.25864461187195004,87,83,0.39718955755233765,0.37146846462523275,0.078774385,0.051155310534787495,0.3662231341203043,1.8678423757153106,0.012354400786965074,0.11788550369241482,2.4612821240509666
531,102,fit,1.1833074062679447,3.840813178069372,14,14,0,0.6583302496948227,0.13334387351549318,70,74,0.3043098747730255,0.31859204107558436,0.24549676,0.28289075802607533,0.29482050539555305,2.158857932244942,0.021062753432946908,0.20098047168842467,4.4934565393260355
532,123,fit,1.171590609941971,5.100642301775193,16,16,0,1.2714570292447551,0.1794506127028634,88,78,0.40472280979156494,0.3392968360617938,0.06722605,0.10424640690280208,0.6542428769026394,1.6085114063398855,0.03365634854577093,0.3211483639863638,6.341634604750896
533,94,fit,1.0404428883559222,4.752040061613937,13,13,0,0.3476501023145605,0.12577713892222867,62,67,0.2381909191608429,0.2570457110082862,0.16288967,0.2567606315711674,0.18426177257195464,1.0202730559644344,0.007424491180860548,0.07084438149676095,1.9110984788062035
534,383,fit,1.3781827390186456,6.271301866016669,12,12,0,0.3268496628217817,0.14685710981102484,86,89,0.4336966574192047,0.4409215406495237,0.0,0.0,0.08056537621075051,0.6876221069055424,0.004079165264626968,0.038923332677738245,0.7057039371805189
535,107,fit,1.1449209178303257,3.018699977477005,12,12,0,0.8382138893118248,0.10362763101667942,76,60,0.3032070994377136,0.23813787799725927,0.20760994,0.3433384815353676,0.6818710679967805,2.2422061575360033,0.039756518840971485,0.3793560958107966,10.012357171726512
536,96,fit,1.1562950861334247,4.394980468908004,11,11,0,0.28647424658605464,0.052426248990082906,66,66,0.2727242708206177,0.26129196319336134,0.29861274,0.3597910087228939,0.12402398567934007,1.073154181853902,0.0030726240317259703,0.029318931600438646,0.8208407543044948
537,232,fit,1.3175213480832848,5.4074323054605,9,9,0,0.2606950428131332,0.03873810546427851,88,85,0.419182687997818,0.41341433276548023,0.0,0.0,0.46901960950398597,1.2910535463295891,0.02118980434749079,0.20219278957529377,3.9171357947725776
538,102,fit,1.2465957372152716,5.317028167073658,10,10,0,0.21696747867204477,0.07151845035958936,73,77,0.3445344865322113,0.33895632976539153,0.06350216,0.08682279607444912,0.2553066676344055,1.0651912531758767,0.0036336891834492105,0.03467260671230163,0.8152844609351129
539,105,fit,1.2650509928017757,2.2435317232495424,15,15,0,0.2169897787239588,0.12252129501036392,71,65,0.3097085654735565,0.25738102564423115,0.13050312,0.03464317190552738,0.5218573458262192,0.6204969322329418,0.0020923931125950705,0.019965583135449147,0.49640984473347416
540,108,fit,1.200336092064826,3.6561517739604183,14,14,0,0.20421087607848162,0.10576143543629148,75,72,0.32902243733406067,0.29766524279710843,0.2427439,0.31244151135972636,0.3043443248818137,0.7302932641305934,0.0030556246579124292,0.029156723835042263,0.6841438130386069
541,95,fit,1.0115748343853759,3.250852214863023,23,23,0,0.8956521913586337,0.24738302547429705,53,54,0.1870480477809906,0.18310590277476294,0.0,0.0,0.12353419675093333,0.633268481673516,0.0038025861398905455,0.03628421889208536,0.9761003645706602
542,95,fit,1.081862817244131,3.6195738067140373,19,19,0,0.30746262405959385,0.2749492274726841,57,60,0.21924322843551636,0.2212830253010448,0.0,0.0,0.10330732540825083,0.05215564661952643,0.0002737449566207432,0.0026120701967628167,0.06949328330620713
543,105,fit,1.0886286909201732,4.757679786453732,20,20,0,1.0938914763735657,0.6701423559797588,68,62,0.28311440348625183,0.23845299961979866,0.22161444,0.29409503101246,0.4728692278574287,1.5941509215522423,0.008523941705780691,0.08133532162004475,1.969084759022243
544,102,fit,1.0890084962374271,6.460135493323694,17,17,0,1.1107593921964263,0.28270242273428775,66,85,0.28803128004074097,0.37546518976880755,0.0,0.0,0.8318688138921362,1.0797940745346761,0.017256079238225558,0.16465724463955683,3.192500395807127
545,102,fit,1.0293722259078972,4.832038748873495,16,16,0,0.48652424232273134,0.10187905487954874,68,74,0.2792367935180664,0.30447299804987055,0.2370906,0.2544990004016457,0.40156636658503403,1.6291257732216566,0.00833401353854699,0.07952302994796745,1.8809592770448256
546,105,fallback,1.2446202039718628,7.389615959839367,3,3,0,0.3876388391973695,0.015948608502560694,83,84,0.38753601908683777,0.3894069363608196,0.0,0.0,0.14211185800970808,0.9198719559674089,0.004688533383758811,0.04473791396716423,1.1003148166910164
547,104,fit,1.1577000984313417,4.438289269852934,14,14,0,0.26842258769982924,0.27599733492027373,71,81,0.309291809797287,0.3712565923235235,0.060809977,0.0,0.6559252660666167,0.2133578372101643,0.0010866036546413082,0.01036835548321859,0.21321546063737076
548,91,fit,1.096912845752458,3.6942103077466566,15,15,0,0.21752605550311874,0.06480160482094574,57,59,0.22358351945877075,0.218520050905214,0.017151024,0.0,0.06974672862568301,0.5906610961089367,0.0011483061509877746,0.010957119761333727,0.3181823315438685
549,102,fit,1.137203766508594,5.017749842592159,15,15,0,0.42221020480380145,0.32256699622826207,68,73,0.28662389516830444,0.31088930693883204,0.2568955,0.23900408478784246,0.24241080718959956,1.2816830826661565,0.00595341732254835,0.056807417199888834,1.300140271406413
550,97,fit,1.0398767239935665,1.2188339491330513,19,19,0,1.787011901201746,0.23755979170464764,60,58,0.23643901944160461,0.2132872772919692,0.29349235,0.3314072444520547,0.38711921457105963,1.9973390098896155,0.028780276366327448,0.27462095769396416,7.000182074395758
551,115,fit,1.1842809969884485,4.084552060902117,17,17,0,1.0429460621308049,0.12172602561216997,78,72,0.33414602279663086,0.2940187648512781,0.2907605,0.28967385543029417,0.7735309723454457,2.288076572500132,0.01534304333758066,0.1464030852822582,3.3107905685454413
552,117,fit,1.111495393196504,7.58579028028154,11,11,0,0.486724593752007,0.1786808650322571,87,79,0.3743981122970581,0.3527488519198873,0.0,0.0,0.2140457321095156,0.8208970094591136,0.003247384915343962,0.03098649728381643,0.70013229056062
553,105,fit,1.3787550157667694,3.3886811210214134,5,5,0,0.06136426899497361,0.059919833332448165,80,77,0.3665384352207184,0.34042637444971924,0.075018436,0.09916338372581363,0.46427548553215364,0.5380919470197223,0.004729267922696733,0.04512660231580852,1.1517086175730598
554,103,fit,1.1635249498886209,4.4384254255012126,13,13,0,0.22484594643251068,0.0396465837748447,72,76,0.301760733127594,0.3093726792850591,0.2619271,0.22238304460506303,0.16796271843436456,2.4542180310499786,0.020798324059056402,0.19845729063985115,4.922459220781252
555,117,fit,1.1593482591070914,4.83174483015338,15,15,0,0.3299650691642791,0.16590008082136537,83,76,0.32148122787475586,0.3261874024819003,0.2542824,0.2966397863119934,0.4096291475271225,0.0796215366974971,0.0005688797862512588,0.005428242235221935,0.11929245186969545
556,102,fit,1.0526437226785152,5.289668367784672,16,16,0,0.541599368457294,0.15890166882739332,68,79,0.2738252878189087,0.35198931373416914,0.11962916,0.028368748641530776,0.8036002938309678,0.20127086037144998,0.00119478639311155,0.011400633522056775,0.24024236647700736
557,100,fit,1.0606066790658528,4.3242417590158055,15,15,0,0.32920678443110585,0.37523974972191093,67,61,0.2637248635292053,0.2254581277934383,0.2976652,0.36289600351777657,0.36415944134505746,0.8778836475285963,0.002537582761692264,0.02421357597034603,0.6866562270565202
558,96,fit,1.1588378455048833,3.7294478780297307,16,16,0,0.2409482677599703,0.16292805566604057,62,63,0.25377827882766724,0.24214739237772467,0.15963301,0.05389313882995363,0.16066975532937303,0.6290651124077505,0.0019169118388764792,0.018291143500729762,0.48029750390334125
559,100,fit,1.1289418710349381,4.667338880744321,14,14,0,0.46769750218083617,0.14239935555090727,67,71,0.26622989773750305,0.2696959397450343,0.31482765,0.4013836164645472,0.35409564313208114,2.2887489577655016,0.015201115260575524,0.14504880973831608,3.702495212486207
560,100,fit,1.0514408041118293,5.25788189865812,16,17,1,0.23942167209568857,0.41683718223711114,65,60,0.25734275579452515,0.20996155253599488,0.3025854,0.36810549654366137,0.4167584149599961,1.0800676398714093,0.00414887320968901,0.03958848482527681,1.1149348144225537
561,104,fit,1.1123401945021394,5.096934057237815,17,17,0,0.3929120533685342,0.24877144669712262,68,70,0.2794676125049591,0.28790842743651024,0.013153924,0.0,0.12220338628909298,0.05833697522951868,0.000358041474373012,0.0034164262821852285,0.07928466566337197
562,107,fit,1.150213294596094,4.19834395267483,18,18,0,1.136056194623747,0.24807870042836352,70,81,0.3025803864002228,0.36990405770213164,0.00587207,0.0,0.7938804204070057,1.418391146393488,0.01869393912690056,0.17837728174523435,3.3753021085162986
563,367,fit,1.0568148583866612,6.117546753036621,11,11,0,0.7586133795669734,0.610118524365776,80,80,0.36036744713783264,0.3523509768843807,0.0,0.01840278633532068,0.11891074662790214,1.6895636725264365,0.009643095628423666,0.0920142712635846,2.144577318710276
564,97,fit,0.9925075171146617,3.0345510118141736,21,21,0,0.48085040853350336,0.5254951285545315,58,50,0.20191583037376404,0.15747756299209548,0.1902845,0.2571513920490378,0.42932736848341213,0.6631691720258386,0.00191397601043992,0.018263129870609924,0.5425266798472291
565,102,fit,1.2786560944221432,3.179775522528606,13,13,0,0.3044047190291288,0.09166510646273703,71,74,0.3307145833969116,0.32040374130410504,0.097089015,0.18149231078828937,0.2042842783337205,0.4455034714159081,0.005314012324946235,0.05070622447467781,1.1365250727966811
566,117,fit,1.1411621544645993,5.187803977403198,15,15,0,0.48179477394344794,0.12423845890690996,84,75,0.3681144714355469,0.31986440790108717,0.0,0.0,0.5267654219704667,1.4458321144952069,0.00752373237965416,0.07179133950051679,1.619491734258291
567,104,fit,1.2795628729657187,3.8636017589377625,11,11,0,0.6308694855497293,0.2616975312255112,75,78,0.3551987111568451,0.3536673112990166,0.0,0.0,0.19271403102389192,1.6370166058034752,0.017758140966163658,0.16944790998247763,3.6372915965439345
568,109,fit,1.2124954306914386,5.272282200568487,13,13,0,0.5613107721448896,0.23117583607001388,78,86,0.35525357723236084,0.4129754482089329,0.09513785,0.07187281185275975,0.6374649609918334,0.727556503009488,0.010184008386133647,0.0971756525394432,1.8324598806211534
