idx,T,quality,v0,w0,tc_real,tc_twin,dtc,air_com_dev_mm,air_ang_dev_deg,contact_frames_real,contact_frames_twin,stop_dist_real,stop_dist_twin,e_z_real,e_z_twin,rest_offset_w,wind_mag,wind_offset_m,wind_offset_w,wind_offset_pct
0,111,fit,1.3391368756721636,5.224510650123767,11,11,0,19.0503698046837,0.06262086281319684,82,100,0.4031098783016205,1.789131805487893,0.09632977,0.12276155049107809,15.253413957256376,17.466068110770447,1.6106745411604226,15.369031881301742,267.17549511037294
1,99,fit,1.1126430885453118,3.153414366927388,14,14,0,9.48552759939879,0.07517238152184338,67,85,0.27458685636520386,0.7191558324811607,0.018714849,0.04298208064160414,4.462973611520719,10.397122913035279,0.5115847896028891,4.881534251935965,143.27249612639116
2,104,fit,1.1842271392262225,4.241812957860962,11,11,0,1.6196584626588408,0.0644404781564933,73,53,0.3160378932952881,0.20994397298601053,0.045541037,0.12474014467609487,1.0395033607175344,3.782802345949606,0.08511250375332424,0.8121422113866816,20.98217476451923
3,111,fit,1.2380356893339635,3.5259657371594844,15,15,0,3.0900241477947223,0.11899260517724194,77,96,0.34995049238204956,0.5139980350444302,0.14506747,0.10224570021499943,1.614194755053613,6.073448726003077,0.19748729491340977,1.8844207529905512,41.73067807304023
4,90,fit,1.0633523305849486,3.9489505054703393,21,21,0,81.88414776270025,0.15059548995604874,51,69,0.18765677511692047,0.9164516179393727,0.13458951,0.0,10.535620712687843,17.50892735102326,1.1038858410588066,10.533261842164185,284.9612408028526
5,104,fit,1.1174659284453319,2.0423768550959034,21,21,0,40.05000780215295,0.1186104711209677,65,83,0.24487075209617615,0.5707052774986487,0.12111304,0.11050195555782003,5.820796785886032,12.198615875050272,0.6178674244519208,5.895681531029778,150.1172572661419
6,101,fit,1.2250308705085768,4.0693891478900115,13,13,0,36.018089451398666,0.11759337977939145,70,88,0.306805819272995,1.4174592604528422,0.12965216,0.06207372831048554,15.476884283641033,18.93644429219562,1.6310981175938983,15.56391333581964,367.35565745901647
7,105,fit,1.1338154679338635,6.716479673986876,16,16,0,11.6449775691836,0.11034972978966068,71,89,0.32051464915275574,0.8102400852467309,0.0,0.0,4.929165515282848,9.785971996040782,0.4518824710826058,4.3118556401012,81.90322731212413
8,98,fit,1.0227561600505186,0.742771263205658,17,17,0,24.857865837002702,0.18169824012231242,64,81,0.2512023448944092,1.0590632611018922,0.33558625,0.3411199236741748,7.985336625076986,13.359242348316341,0.760245875305854,7.254254535361202,158.72682466647157
9,102,fit,1.1374396198225898,3.432872903274964,12,12,0,19.528284292568706,0.06164706623970963,72,90,0.2869386076927185,1.6946911328738106,0.2694296,0.39726185730739505,13.690920301631005,17.017591448187627,1.4414181059934925,13.753989561006607,368.4668163084814
10,105,fit,1.095575096554239,3.1007709324406156,13,14,1,2.9528982617260464,0.3113858944716493,73,91,0.27073797583580017,0.3437364898869668,0.30464384,0.3364945583295573,0.8834564521155732,5.9349605954483575,0.13177185006202968,1.2573649815079169,34.02134084154257
11,104,fit,1.1074410973691553,2.64173772633113,18,18,0,1.3720238716020385,0.20317781737677204,67,64,0.2643454372882843,0.24023008665519346,0.1780551,0.050283967316253085,0.24063617613202792,2.807796672238945,0.021702370803990755,0.20708369087777437,5.374728267062749
12,111,fit,1.1011887256001873,0.547241870203375,22,22,0,26.091124276201768,0.11132769311556295,71,89,0.3033127188682556,0.8887090420237361,0.0,0.0,6.024765660833412,10.36438732171686,0.5436661047463989,5.187653671244264,89.00151854019873
13,104,fit,1.0563934155188914,2.3882888025506595,15,15,0,21.76423761762802,0.1281890043419374,70,89,0.277720183134079,0.4731944346184689,0.37782225,0.3066846374756243,5.8852299409271795,12.314804328679154,0.5999151546061539,5.724381246241926,162.7353156153663
14,90,fit,1.0415916414613955,3.1538497335708744,14,14,0,10.913538429527353,0.07486765064829518,56,76,0.1997862607240677,0.6865706499906729,0.07854188,0.1438838335186343,4.792070714726691,11.047373672137331,0.48754411520982677,4.65213850391056,146.94674187929078
15,88,fit,1.1092534485752656,3.8443447981376875,10,10,0,20.137224510483012,0.07317553905182736,59,78,0.2287186235189438,1.1193293607952843,0.14353503,0.1312967773497666,11.662782806616075,19.15373051414523,1.2451364869331691,11.881073348598942,346.64915468623786
16,97,fit,1.077251506237499,5.601974008557652,12,12,0,1.1363164680732254,0.14156210315202405,66,85,0.27268922328948975,0.3120540088980407,0.28928232,0.3979970733015142,0.4397050831195709,4.722249356060431,0.08876297325407217,0.8469749356304597,26.42346357670557
17,109,fit,1.1379553489908374,5.6966385239428,16,17,1,0.9385563232686265,0.4036637549513662,73,85,0.32441437244415283,0.40380113557719377,0.0,0.018740763150404467,0.8613100602870761,0.7375203189244,0.009515498773466854,0.09079674402163028,1.6636861079424614
18,104,fit,1.1198612623814015,4.0674706097623545,15,15,0,35.602849289373715,0.2387505792541074,70,89,0.30114123225212097,1.3363616923992114,0.10895351,0.0,12.614895735179227,16.58081025023596,1.2966869023325716,12.372966625310797,277.0608532946186
19,112,fit,1.2068144194819679,5.114613406358618,16,16,0,3.2781167033819165,0.5266936628972392,78,72,0.35990622639656067,0.32843873074999963,0.074919954,0.0,0.6179646504586856,3.578197493515965,0.09105481669600791,0.8688436707634343,16.08504865576358
20,111,fit,1.1533922778341785,4.583609570289716,15,15,0,1.761057584563319,0.12597793577079058,78,87,0.35472023487091064,0.40923104099670515,0.008177728,0.026377729241864566,0.9017057917422027,3.3737829621961892,0.049639072513775376,0.4736552720780093,8.955716919754908
21,97,fit,1.1109953247890252,4.610098476690849,15,15,0,23.059763618247075,0.9965005536113526,63,82,0.2618328630924225,1.1907355504201882,0.22496636,0.25313532030671676,9.263489959034725,14.571794049594594,0.9573019357460637,9.13456045559221,233.793751876586
22,99,fit,1.1072633927402975,3.13359261347517,10,10,0,3.8797662130581827,0.028252590930257858,69,89,0.27528083324432373,0.665980284987163,0.0,0.14733224753193,3.778277294694162,9.659834526667868,0.44306659368498,4.227734672566603,136.95912727421918
23,96,fit,1.0364965881890906,5.168847615590887,14,14,0,0.48125602506482024,0.15189752032756862,63,64,0.2276235818862915,0.2276146146366746,0.23864686,0.3934607337211974,0.11699795082461961,1.0804858424146921,0.011994329829675823,0.11444971211522731,3.171714208065141
24,105,fit,1.23300746734812,3.9446184244075977,11,11,0,8.607739505882485,0.06358854746355475,76,94,0.3339241147041321,0.9598448422268527,0.2918901,0.36500875502758245,7.193669567377708,12.099000921458403,0.699716272811606,6.676681992477156,157.76013714318103
25,107,fit,1.1332289935238746,3.957914032703484,16,16,0,45.90677541482259,0.4409875952184652,72,91,0.30060192942619324,1.383942546571132,0.07344079,0.0,14.152014602716047,17.39610885018242,1.4851179951390185,14.170973236059337,371.85828344501004
26,103,fit,1.1779252162124543,1.592642170314479,17,17,0,4.831666279590793,0.03378255697519959,67,86,0.27189919352531433,0.4471835423308254,0.13090037,0.07763135055902882,1.7632555727278443,6.478473878743309,0.1999379560495821,1.9078049241372337,47.59681076452967
27,110,fit,1.2249530563978375,3.561751408525402,15,15,0,4.056120190925416,0.1479572078283906,77,61,0.34328630566596985,0.25804448631947013,0.014559249,0.0,0.9210842573916402,4.8263277535796645,0.1005349512888872,0.9593029703138092,20.156084286408614
28,105,fit,1.1023301198345004,3.0641474026919613,15,15,0,32.256176315850716,0.7492040424180605,72,90,0.2864900827407837,1.7852269391726314,0.21555296,0.18305620515664173,14.669452942258221,17.20436287542349,1.51640610969346,14.469523947456679,335.95237239840014
29,107,fit,1.2491906502057413,2.58570671033176,16,16,0,40.95793008295335,0.13304486779649644,72,91,0.33909931778907776,0.7761638723811128,0.23848513,0.002082046900401764,10.922917376980518,15.715816744293852,1.106721238146043,10.56031715788209,240.65267948156702
30,93,fit,1.0812638674079962,7.499074566926833,15,15,0,10.056100567061272,0.18980779396139258,58,32,0.21137849986553192,0.06562944894622495,0.1604408,0.28859081319338326,1.513016627977082,7.809797046343251,0.16299687846981356,1.5553137258569996,46.52416833543669
31,111,fit,1.2722511195594275,3.710826569835496,14,14,0,9.737270809397941,0.12219948092789922,78,97,0.3596530854701996,0.6975286763027819,0.31765443,0.3377953061268986,4.967631944273745,9.69040826727337,0.4976764262837925,4.7488208614865695,104.00840467524169
32,93,fit,1.0943040421990906,2.5268988601943505,18,18,0,56.038721300882465,0.07489129478521192,56,75,0.21801342070102692,0.8955678287899607,0.0,0.0,9.892108855434998,16.923632402331993,1.02058374450667,9.738394508651432,267.4103539994274
33,116,fit,1.1863402179405582,5.789709392509369,14,14,0,0.49412620790574696,0.1111242192313828,83,81,0.39092013239860535,0.36401799617739095,0.0,0.0,0.28367205585822114,0.5384981186746308,0.002146658440672404,0.02048338206748477,0.424051249182684
34,91,fit,1.1140369545761641,3.4586693327146367,13,13,0,2.3885020310940983,0.10419920192484709,60,78,0.23872195184230804,0.33583862704697054,0.19785726,0.16466046028421946,1.1292994342512837,5.783719442217258,0.09762100975421129,0.9314981846775886,25.988709098161642
35,92,fit,1.051560133183086,4.223780842508087,12,12,0,11.902351519223878,0.03577624385847543,61,80,0.225594162940979,0.2505457178680429,0.3024692,0.35817684569523345,3.9701557484274526,11.459446241676861,0.45088621760298464,4.3023494046086315,120.06383901099603
36,101,fit,1.1418800964507936,2.0170794368385523,19,19,0,70.50692373473068,0.43576413656933466,64,82,0.2574159502983093,1.9312398799485755,0.0,0.0,17.22526992654833,19.5236907044816,1.815366955090026,17.322203769942995,440.174304836868
37,120,fit,1.2993600090247528,2.632007191463091,23,23,0,81.23132660187827,0.41075140014959977,77,97,0.34541216492652893,1.0720499597796396,0.20697261,0.21911867660118367,13.105948483560956,15.389277687444405,1.3366081199566457,12.753894274395474,256.0379327245196
38,110,fit,1.156305914963228,4.622235004007164,15,15,0,17.107202112573074,0.04363442953315311,75,95,0.3159308433532715,0.535938003822214,0.0067206775,0.20369400910642688,5.034544150447684,11.031631036150811,0.5316040495119527,5.072557724350694,116.9275390876006
39,101,fit,1.2967507356028085,1.3986934009209726,14,15,1,27.246230940860745,0.20933773006585446,68,86,0.3006303608417511,1.2907818710866452,0.15890956,0.04981363284786187,11.473134511536697,16.033146433266744,1.165266325482817,11.11895348743146,240.4367039352094
40,101,fit,1.2047288436669652,4.27095049214033,14,14,0,32.2510740053261,0.10501011147483703,69,87,0.2951063811779022,1.7581624932911288,0.2944967,0.36128984124982666,14.82437684609447,18.11905149342481,1.5482294692355878,14.773181958354845,352.9139386435698
41,94,fit,1.0538224688283295,3.8283635076789104,15,15,0,0.5970489998821578,0.08611024447055773,61,63,0.23761756718158722,0.22652036864758224,0.2683707,0.3912653803884669,0.1299225096796102,1.2931104753528038,0.013983447380045503,0.13342984141264794,3.549764578013214
42,107,fit,1.1769833011366564,6.0066014196465956,14,14,0,21.663417881806023,0.13759812947971678,75,93,0.34134581685066223,0.7895883060162611,0.0,0.0,7.655930710255467,13.487625528046582,0.8567207703606149,8.17481651107457,147.35398522088443
43,97,fit,1.1139197440713615,2.724635158825584,21,21,0,3.257855197939938,0.14105390719717406,58,51,0.2173788994550705,0.17529738648243245,0.07510351,0.0,0.4945581050385531,2.727514902238929,0.03735881537760018,0.35647724596946734,9.212096745641219
44,98,fit,1.1085902323243808,3.732392083443043,15,15,0,0.2902321338648219,0.37529234927177085,64,76,0.2548392713069916,0.2916111329992156,0.27519,0.397281996488297,0.4118468953926676,2.753528157110636,0.022996226925810513,0.21942964623864994,5.53752849097667
45,109,fit,1.0461741526767152,6.51769308229359,14,14,0,21.828955739788373,0.1645098090570046,77,95,0.3313712179660797,0.5259065862122483,0.0,0.0,7.482591359257715,13.351867690523289,0.7971592115921801,7.606481026642939,171.00183867506894
46,100,fit,0.9884095993822631,4.027738612451261,16,16,0,5.843865354914226,6.087133872942917,65,74,0.2643054723739624,0.24951517641902657,0.25547045,0.341283468310897,0.8626155336852493,4.930517408435338,0.07863293560045843,0.7503142709967408,21.27142675127274
47,103,fit,1.1716584745667646,3.8349446182902334,18,18,0,10.158457710380805,0.517277211541736,66,71,0.28176388144493103,0.27599389335500996,0.120145634,0.12667722883520668,1.5661782776411497,6.406979794986664,0.19312964246421194,1.8428400998493504,35.53031718763356
48,98,fit,1.20104456349758,5.077243760323339,11,11,0,3.1147940751784926,0.07758351749268297,69,56,0.3133154511451721,0.226551608599747,0.090483114,0.11453501460878206,0.9995491062510501,5.901517815557947,0.13429812242071146,1.2814706337854147,29.69234255457992
49,107,fit,1.1842905386088667,4.811368045683692,15,15,0,1.7594508464697882,0.14056300012047881,73,92,0.3152022957801819,0.38597402466597663,0.27980366,0.36990886119561517,0.8352442513763412,4.416077285845164,0.07627010881239223,0.7277682138587044,16.07832697892168
50,96,fit,1.1633787895197143,5.856899681020988,14,14,0,4.179669455474573,0.12793822919543268,63,74,0.25745686888694763,0.2652565681597692,0.1963673,0.27628852724285247,0.8433042897178038,5.7760089002939985,0.08947745596094925,0.8537925187113478,22.553539705458665
51,105,fit,1.0317740128088562,9.335386400144177,6,6,0,0.6050627989590202,0.025171393633090455,80,89,0.34444084763526917,0.33500195017927137,0.0,0.0,1.077524922633379,5.782624301545315,0.10758750782603138,1.02659835711862,31.155651114859932
52,99,fit,1.0582551652679184,2.9604362087952536,18,18,0,27.929250058913457,0.09032555227872634,63,81,0.23153208196163177,1.0211672033269998,0.16320841,0.3038297189489912,7.938333599646249,13.33795212120178,0.8311861263517256,7.931165327783641,207.46265107419302
53,96,fit,1.0802632185578414,4.099613054261495,15,15,0,8.780664483661234,0.07102801541539717,63,81,0.25687316060066223,0.5895037201365113,0.35118935,0.38601826847057374,3.3998380186251125,9.345092485578045,0.3724673648706132,3.554077909070737,100.66789735464407
54,93,fit,1.1431918526962268,4.466051406021348,11,11,0,2.846417740375181,0.09617506400961504,64,54,0.24739007651805878,0.18561798579484623,0.15254961,0.07891646169364128,0.8992586952496948,5.972170830784784,0.09549389088371843,0.911201248890443,27.50523442487343
55,86,fit,1.024428973560522,2.0820159053672094,16,16,0,38.469856002264535,0.06065385824300721,52,70,0.18463930487632751,0.4691623404055298,0.0,0.0,6.595491261194041,15.411502352049489,0.6950289516163253,6.631955645193943,211.07601692620986
56,94,fit,1.1160650942629387,3.5280112486505186,15,15,0,3.2890596305368938,2.116435995179541,61,79,0.2542005479335785,0.315591545509194,0.14538994,0.13251860489292458,0.7949742524446326,5.165090491138824,0.09047692193726618,0.8633294077983414,23.955646278716134
57,103,fit,1.1726356299641139,3.4977756425974125,13,13,0,19.686303085901272,0.041344458677779784,71,90,0.29864346981048584,0.4741944403569478,0.0,0.0,6.8647501266157205,13.552406786488161,0.6925492993992918,6.608294841596296,175.3381176776626
58,100,fit,1.1440640616911029,4.32188242542826,11,11,0,0.2305837990007252,0.09861504681929963,70,68,0.28340575098991394,0.25917878643082426,0.33187464,0.38983323578385726,0.26709625801175707,1.5194382028579907,0.007729991961942588,0.07375946528571171,2.0152801617033607
59,109,fit,1.1673629142432853,4.613130620421583,19,19,0,26.58798038034922,0.21597717493216703,72,90,0.2986084222793579,1.1463846355885765,0.28379974,0.22799855820723544,8.541890276657083,12.447240341843663,0.8496983486499348,8.107808670323804,159.4837686498931
60,109,fit,1.1731080174895274,3.8030900710249638,14,14,0,33.79203281595288,0.18316025192134228,75,95,0.3183061182498932,1.1427525376294463,0.24997516,0.0,13.039051689058077,16.934644467812284,1.343045445533253,12.81531913676768,321.1536963017552
61,104,fit,1.1568794803643132,4.247937422524704,14,14,0,28.807937229390735,0.1539829561094167,71,90,0.28437772393226624,1.6066519644446204,0.26030034,0.2746882877109035,13.568415922821629,17.004054881513866,1.4448318218195708,13.786563185301247,358.12981671854226
62,106,fit,1.2874907997746283,3.3409104055059977,8,8,0,10.714094907355658,0.18902575395215482,79,98,0.3779212236404419,1.7604530502385947,0.13424656,0.2983056387455978,15.83117108096941,18.409372265127235,1.6580124763888269,15.820729736534608,369.8567641180276
63,129,fit,1.2316117453362203,4.278929976828877,24,24,0,0.6487975931348743,0.28616434713101857,85,105,0.39965054392814636,0.5131079080414693,0.084476195,0.05159181694279532,1.0900714060775993,1.7712688273167594,0.016403954168856517,0.15652628023718052,2.232976316637281
64,94,fit,1.0953881085582093,2.1709876213127517,18,18,0,26.515020050186827,0.32442457597581353,58,76,0.2171909213066101,0.8968205157794751,0.027715873,0.08591361126804431,6.887324678308978,12.980318159524403,0.7223109808047072,6.892280351189954,188.00234082707897
65,92,fit,1.1283670761981484,3.0981908070716457,15,15,0,1.6783223719847296,0.3140488297756666,59,70,0.23199637234210968,0.25940109147206486,0.0,0.0,0.38127308677201566,3.9079108995031553,0.04346016669987095,0.41469624713617315,11.686794886595553
66,111,fit,1.146587846960403,3.0006856072325823,13,13,0,15.535621211601924,0.0957119775065894,79,98,0.28316763043403625,1.3878667684465582,0.19927458,0.16921450098005225,10.75653364019011,14.05083096844158,1.154219025066436,11.013540315519426,300.7558784970419
67,99,fit,1.148097211155367,2.929429522668411,17,17,0,2.7797800336637155,0.33690137522596947,65,56,0.26332345604896545,0.20983396857693223,0.0,0.09028957506224061,0.6472205334383828,3.2629908008251935,0.051235197371709514,0.4888854711040984,12.461131070711922
68,90,fit,1.0247877353034052,3.0664947016778057,13,13,0,17.009034776839616,0.10018136644565576,58,77,0.21796637773513794,0.6024013092509665,0.15987691,0.08587667804558928,5.630466653295288,13.251834695638959,0.6019597777295643,5.7438910088698885,178.33657949385508
69,99,fit,1.1021548857278833,2.85383874336586,21,21,0,14.723342625057322,0.2969806424085257,59,78,0.22696039080619812,0.3836012462377013,0.0,0.0,2.0977154550134647,7.864654274909464,0.23869869449528608,2.2776592986191417,59.995497886114755
70,116,fit,1.0232970106756654,0.47461976504156456,21,21,0,40.20471525957654,0.23752837278768535,77,95,0.3287889063358307,1.2966331953253811,0.0,0.007297208244483538,10.038683608328347,13.254943389539784,0.9924186774116759,9.469643868432021,159.52040049792285
71,107,fit,0.9878906284495405,4.72642180599078,16,16,0,27.830181659706632,0.20385404613208205,72,91,0.23090748488903046,0.9389258201558319,0.22430255,0.28415235987432635,8.796314646434604,13.780597059290303,0.9036468938299862,8.622584864789944,238.38235492573546
72,102,fit,1.1365742732935187,2.8602338515597037,20,20,0,22.026958883720937,0.31928570841191084,63,82,0.24736909568309784,0.3922794160947365,0.026399886,0.0,3.3061634918105702,9.564557899437023,0.33589022420293946,3.205059391249422,78.65995759061838
73,98,fit,1.1974167044172825,3.411154635804437,17,17,0,31.176587705722305,0.11368086682161213,63,81,0.26198673248291016,0.5581288222412208,0.08436871,0.10407270806529946,6.166284689613832,13.06245038912293,0.6524077449904979,6.225264742275743,152.43231166753267
74,105,fit,1.2504920952600274,3.876831220741934,14,14,0,0.7199956699638796,0.13844042808233922,72,72,0.3208972215652466,0.31035249589652003,0.0,0.0,0.17413816908977248,1.1607693459602826,0.019176285552212256,0.18297982397149098,4.021738026367649
75,100,fit,1.0605938268605963,5.194314811576786,18,18,0,11.31891353708317,0.15788879761001906,63,27,0.24242925643920898,0.0795204799847038,0.2490876,0.20198492828997403,1.6761849798955843,6.731375901351153,0.14450947725687233,1.3789072257335144,38.10007475708898
76,93,fit,1.1517734467697824,4.4560065643179145,9,9,0,2.6718276049551823,0.0687324602342536,66,84,0.2839421033859253,0.2716557189255905,0.268148,0.16755061679613323,1.4746533778389945,7.453504998351672,0.15106156650038155,1.4414271612631826,42.684761934874
77,109,fit,1.257017349904867,5.183963404954346,11,12,1,14.007856703343057,0.07575147490602363,78,97,0.38417455554008484,0.7101236741310284,0.34995744,0.2820182236722315,8.4452740509947,13.882473570142707,0.8583238195770445,8.190112782223707,180.4394329917204
78,98,fit,1.1871861799067356,8.156857670808275,8,8,0,2.9556316405644765,0.03355465560394633,72,90,0.3140000104904175,0.6064255827576418,0.1350605,0.1947268293494138,3.7071975609099956,9.877837504629523,0.37771482043909377,3.6041490499913524,101.65754978189267
79,96,fit,1.107451068780589,3.8242547944305496,14,14,0,1.4530932619577352,0.35450679766513243,63,82,0.25008273124694824,0.31227346522030175,0.12801367,0.11035627961592576,0.6483564679246692,4.32150725210958,0.06692950495042271,0.6386403144124304,17.67723887876788
80,108,fit,1.1441545403055735,4.6933689073399325,18,19,1,9.182864973868137,1.225974612723055,72,89,0.3018993139266968,0.6205729773617508,0.25283462,0.278897047880203,3.20764835086699,8.134922468864879,0.3458392923270709,3.2999932473957143,72.98222613891254
81,96,fit,1.0282140608798267,4.819596767282451,14,14,0,12.194256761485331,0.18257797572663453,63,82,0.2478310614824295,0.638459326816686,0.2983442,0.3687557479428033,4.321947856631906,11.001506450188044,0.49181464335083014,4.692887818233112,128.32502996792917
82,98,fit,1.1200276710870567,1.548567437264247,25,25,0,81.37898674455491,0.4596297170167645,55,73,0.2034716159105301,0.4862678172468133,0.19680111,0.3089361532953564,6.8900215316027476,14.169181402595518,0.7167588169964597,6.839301688897516,169.62090514520514
83,96,fit,1.017378224416585,4.565716708766947,20,20,0,80.75054959340433,1.134082086877923,58,76,0.2127426117658615,1.262978305791687,0.17853124,0.027735207165093746,13.151271349507493,18.436558030609714,1.3777735566191682,13.146694242549314,333.53705832638866
84,120,fit,1.2085809506764846,3.144343791940508,18,18,0,3.418787049147636,0.21339781391759657,83,102,0.39250946044921875,0.47183912729989785,0.027952626,0.0,1.0204788085693661,5.006333362256058,0.1237965735786586,1.1812650150635362,21.902043834266728
85,98,fit,1.1499987395188416,5.861429242302061,14,14,0,14.545084250041176,0.18338605730833205,66,84,0.27718284726142883,0.2935657537646971,0.18553689,0.18053286152420636,3.2286106997334234,10.663378825947039,0.38100381713550935,3.63553260625486,82.27733151766857
86,96,fit,1.05001795930007,3.4711797077217947,19,19,0,6.250425108815656,0.3300952306180601,60,39,0.2345188707113266,0.12538125454801927,0.0,0.0,1.1128121574077758,4.395539781928644,0.08921092645435388,0.8512492982285675,23.14131445314851
87,104,fit,1.2330559155516652,3.1637627172509846,15,15,0,6.332334103550563,0.16560300053728993,70,89,0.3155215084552765,0.6125709203231109,0.10723839,0.04737901747362445,2.992327161153625,8.257151228368114,0.3500374999261745,3.3400524802115887,82.9050774105074
88,98,fit,1.1785323585461267,2.4073951603885573,13,13,0,1.8401828553152209,0.17939294780906836,66,64,0.2835600972175598,0.2653962004372886,0.07839246,0.17091152867601955,0.2560919696374297,3.3200647119204283,0.07602193365869035,0.7254001303310148,16.03060346009639
89,100,fit,1.1904658775702466,1.8747676098798223,15,15,0,2.682817787462974,0.20035489191066086,67,85,0.2919447422027588,0.37622361374560476,0.0662308,0.0,1.0316663730386237,4.816156522595663,0.0842654130488709,0.8040592848174705,17.768832163563445
90,97,fit,1.2920657778657354,4.390311273387328,6,6,0,0.16520861207554322,0.02721305889346599,73,84,0.34540849924087524,0.3637575301925598,0.0,0.0,0.39516095687616376,3.5573823053641553,0.04082976292947835,0.38959697451792313,10.151270565979635
91,103,fit,1.1916757260264081,2.2545020810712697,24,24,0,14.907649385287554,0.16150614318972475,61,79,0.24060168862342834,0.5118073181524126,0.036569465,0.0,2.755195174496826,7.796091470109684,0.30314546989342667,2.892609445547964,66.39315816425
92,107,fit,1.1639147454545669,6.168156480063085,16,16,0,32.75517863885012,0.24075267363037292,73,91,0.3221352696418762,1.699376257616876,0.0,0.0,13.669979728159191,16.26750196942052,1.3834999694327028,13.201335586189911,267.63339871419663
93,97,fit,1.07357044190817,3.426044184197474,19,19,0,58.31207922181838,0.133352128255847,59,78,0.2265939563512802,0.8977367247742476,0.001410076,0.0,10.419338414688758,16.088907970403337,1.0806298255605558,10.311353297333547,277.42577000820097
94,98,fit,1.2052378829033104,3.553246830722848,13,13,0,0.3727130707244619,0.09326766939972948,67,77,0.28759780526161194,0.3141775492473804,0.14927827,0.038517194456605404,0.2771048916384815,2.8722213460231685,0.029521076646446508,0.2816896626569323,7.061506958486207
95,106,fit,1.1478675716713218,2.496386229215596,19,20,1,50.86260568414992,0.5477192865610238,66,86,0.26108887791633606,0.597170342307913,0.015153091,0.03703270298179859,8.63496885373724,14.635321530052002,0.8722314709718249,8.322819379502144,214.07326774041678
96,100,fit,1.2498024864195787,2.1540408336619064,14,14,0,2.5279262815228787,0.06766074730254548,68,52,0.2959176301956177,0.1993750451714934,0.0,0.0,0.9495278002061107,3.5674763476119207,0.08094360407990078,0.7723626343501983,19.042892003404717
97,103,fit,1.1357890179299883,5.032065170673433,19,19,0,78.53273423504724,0.3124588796999543,66,84,0.274862676858902,1.6607975410236155,0.20005718,0.2372271108935622,16.8112425601252,19.5036474722007,1.771704273253644,16.90557512646607,364.43857908232064
98,102,fit,1.2213849739933675,5.661981031354807,9,9,0,0.2752817603584121,0.033900851831387795,76,76,0.34798166155815125,0.32734358747332665,0.29914907,0.39983371891619934,0.2083496982435535,1.2112674112312773,0.012632967615198231,0.12054358411448693,2.9130308853595674
99,112,fit,1.3304772403590515,4.479864803858675,5,5,0,2.511012126215857,0.016005572271018696,88,107,0.4277842342853546,1.2320433140395246,0.0,0.0,10.932507436024679,15.062671469070342,1.1784967727277014,11.245198213050585,234.90485611559606
100,116,fit,1.048552371804086,5.855753705001037,16,16,0,24.533520763640485,0.16033266234274376,80,100,0.3473624587059021,1.2098023722471893,0.1531031,0.0845659020035164,10.018900778856771,13.498897556712983,1.0492842291562139,10.01225409500204,207.3554532505138
101,103,fit,1.2079885663630403,5.1103074282125736,8,9,1,8.086936152884851,0.047189759283628466,76,94,0.3383234143257141,1.2220888446144609,0.18390651,0.2200365441848569,10.910064815104583,15.935159809885393,1.1459425722245369,10.934566528860085,289.1240915398033
102,95,fit,1.103505341334137,3.3529896965397334,18,19,1,39.92763995975287,0.2021812669828976,59,76,0.2308068573474884,0.5254193092188311,0.0,0.0,6.483676899664364,14.054484021633758,0.7051324925603537,6.728363478629329,168.89522233856866
103,114,fit,1.238920236431987,4.222045979252412,20,20,0,6.093837130674185,0.30238666310328693,75,54,0.33846405148506165,0.20844938430767737,0.32494307,0.3458806264210804,1.31790496803715,4.123897233918032,0.09443605099683461,0.9011073568400249,18.790702104874825
104,105,fit,1.2052177128749189,3.939620494074746,19,19,0,55.89377917258783,0.45350072002195524,68,86,0.2815135419368744,0.752608814902607,0.20613468,0.25745955479079785,10.130544333986432,15.4008803890142,1.0559377213037269,10.075741615493577,221.27693506159162
105,106,fit,1.2477165054116,3.2861147949776646,16,16,0,17.98872308086486,0.22302541548783827,72,90,0.3198355436325073,1.1135518747428108,0.19765395,0.03611108031424058,7.818307616842302,12.405137736911431,0.826650299772575,7.887884539814647,176.2056364454018
106,101,fit,1.1445912919028312,1.656408040678447,15,15,0,33.74208481968117,0.09908138186976548,67,86,0.27019497752189636,0.6226502151272048,0.0,0.0,8.750432998938935,15.34142753414786,0.8895898416459406,8.488452687461265,233.32257994384975
107,101,fit,1.1152536885098587,3.6161795463226096,15,15,0,12.202342368676547,0.177816382299299,67,25,0.27776795625686646,0.06338509143104774,0.30294767,0.3629641935753254,2.177508795784796,8.750045211672465,0.21989347827341552,2.0982202125325906,57.93507415668632
108,117,fit,1.1791345080164601,5.316997403610506,14,14,0,0.4701356701978343,0.1913682978673628,83,87,0.3483065962791443,0.3977492925987795,0.05910349,0.0,0.5072022601873604,2.7675970220458237,0.03255370710576907,0.3106269762000865,6.352440183496197
109,122,fit,1.2554296177933828,4.809865003681238,10,10,0,18.25941838702117,0.07794191428824733,93,112,0.43639838695526123,1.3571825163885816,0.19121492,0.2908756201069006,16.901733789404716,17.566164779148583,1.737125217958847,16.575622308767624,343.88389922666767
110,103,fit,1.211073141648642,6.677851107266189,10,10,0,0.6810490627688669,0.04131908903612228,74,93,0.3438223600387573,0.44795011488812925,0.0,0.0,1.0430701616535534,4.031324189707467,0.05827475929496279,0.5560568635015534,11.596458974195771
111,103,fit,1.1662773622261584,5.048016883513371,15,15,0,0.25383222582959025,0.18783699453378194,71,71,0.3126063942909241,0.29044396930565947,0.22545953,0.30550968087917796,0.21937079131186168,0.44928149200529294,0.002479918793475887,0.023663347265991286,0.5542123740733079
112,100,fit,1.1128605888439473,4.90737239899043,16,16,0,52.79648346372221,0.29118900252115093,66,84,0.2773553133010864,1.941418337220186,0.26353776,0.14914082449726207,17.03751656881134,19.882018494025736,1.779280648870504,16.97786878693229,372.7532909839704
113,96,fit,1.022420489570556,5.19169125991369,17,17,0,29.2063044441594,0.3906154518685378,60,79,0.23798473179340363,1.099576956953056,0.17822033,0.09195339899752511,8.625318250467583,14.386962872170068,0.8636941480441226,8.241356374466818,204.3424789472668
114,113,fit,1.2635212540970309,2.605085089754248,13,13,0,13.64337414315249,0.0750841308284296,82,100,0.366098552942276,0.8306649771890647,0.0,0.0,6.960102935204862,12.02202262185261,0.7267652439945993,6.934782862543886,162.57921801630744
115,95,fit,1.2974938871555262,2.4836784214487118,7,7,0,8.817014386966875,0.03859438059767426,70,88,0.3115204870700836,1.6243675352518216,0.0,0.0,14.667384333003547,19.58566880745558,1.5346085434637091,14.643211292592644,386.1059384131239
116,120,fit,1.2210971468751044,4.843525259050053,12,12,0,6.422252310773258,0.11707433581448698,89,108,0.41981470584869385,0.7861233583300129,0.08597752,0.0,4.737989403817353,9.229930150882304,0.4750250177731906,4.532681467301437,84.90310387134463
117,104,fit,1.2036798709720975,2.598281523818344,18,18,0,70.42608306939326,0.3232373391173347,69,86,0.3145838975906372,1.85844965052287,0.18596175,0.0,17.59388946446821,19.67535485306444,1.8388103055705791,17.545899862314684,367.1077650315253
118,92,fit,1.0814923527795313,3.758610238655494,11,11,0,6.746458727499752,0.13197104831343615,63,81,0.2439415603876114,0.7583387526676829,0.13269454,0.10502860787479998,4.99520717149887,11.252404021034225,0.5359464422366134,5.113992769433334,160.48157446520713
119,101,fit,1.0941147290627093,4.844853931159453,13,13,0,19.521266568844553,0.0957819820674821,70,88,0.27765730023384094,1.3821314859637654,0.27338642,0.29122630171679625,10.834297839502286,15.548217096275957,1.1263669241650145,10.747775993940978,277.7055994828753
120,102,fit,1.0660664629332703,2.166850589873423,19,19,0,0.649424801808517,0.5345798453148927,63,58,0.24291326105594635,0.20685263371631615,0.005857012,0.0,0.3497536204689632,0.679767722572182,0.0038668849244310735,0.036897756912510245,1.0051102149048983
121,98,fit,1.0992206188839198,2.399876200673236,18,18,0,32.23588627365125,0.2160915353353443,60,80,0.23032861948013306,0.5271518006317278,0.0,0.0,5.434593348897581,12.675936417061855,0.561850384531358,5.361167791329752,151.39793084651137
122,99,fit,1.1031637019538587,3.166592908285717,15,15,0,39.22241377340629,0.29524492294334237,65,84,0.2588321566581726,1.6507369080171894,0.21611004,0.350526931225174,14.808696249830346,18.37452987790601,1.5348067104973506,14.6451021994022,382.93335862644227
123,107,fit,1.1055399185268733,4.836472694068038,15,15,0,21.531135540617004,0.509209976736886,73,92,0.2872193455696106,0.4841252634814709,0.31036842,0.3270422976766265,6.269898367759367,12.09741424053856,0.6491865042517867,6.194527712326209,154.58247843182446
124,99,fit,1.0984565313403878,4.668709516742698,16,16,0,59.5924560786995,0.32226466882668914,64,83,0.24591168761253357,1.3446867140995005,0.21712966,0.19493794229563988,15.636206094510014,19.511736172971222,1.6209901549182772,15.467463310288904,429.5616802864833
125,93,fit,1.1554551351814648,4.9221508654076755,10,10,0,13.301947515475645,0.06150621623916651,65,83,0.258470743894577,1.124192114163741,0.1769524,0.1965536351490925,9.584768012484886,16.150238839793424,1.029664186149316,9.825039944172863,313.3205775767687
126,106,fit,1.2658557497178116,4.749943904733555,15,15,0,23.1747387261778,0.16187475080328861,73,91,0.34208565950393677,0.4323765186049244,0.31826413,0.35062632538183647,6.216267103980181,12.425909686580596,0.6966876152273298,6.64778258804704,133.4099054870401
127,442,fit,1.1964915262072642,0.7895417820586178,36,36,0,35.55813886911768,0.8976321601933787,65,118,0.25924527645111084,0.3687107262276916,0.29582214,0.29775607806231663,2.156876370592384,6.8336275215255124,0.3031961457944564,2.893092994221912,58.507818831215324
128,100,fit,1.0716770342557758,4.478340430191407,20,20,0,39.89873827590882,0.11034311235128934,61,80,0.230417862534523,1.119804820595426,0.18202189,0.24553180327112234,9.08961878497724,14.215094845666124,0.9760911258951662,9.313846621137081,250.8826080576471
129,120,fit,1.1099478622245875,4.933075109331123,16,16,0,45.971782692930645,0.14074782909706618,85,104,0.3827625513076782,2.140054677744151,0.12785839,0.0,19.345813238155085,18.07760998542721,1.9850951857149763,18.941747955295575,373.2702428186276
130,106,fit,1.2216181890890088,5.260124229652859,13,13,0,5.478127585930017,0.24405660615036023,74,39,0.3290983736515045,0.13982650434954394,0.3065112,0.3820351271399149,1.9135860258148651,6.530212529532068,0.16127683350514943,1.538901083064403,38.047972095966784
131,101,fit,1.07177029587963,2.945274136809279,14,14,0,13.066145779591471,0.16479280064271493,67,87,0.2652549743652344,0.9457270902206746,0.07112008,0.013921817607919941,6.646563538122095,12.001643530575338,0.6947196117679099,6.629003929083109,173.69685459002375
132,88,fit,1.180872626371531,3.02181812873534,8,8,0,12.542851224805002,0.053529492105065773,61,80,0.24002009630203247,0.9659821700149288,0.0,0.0,11.196350228037609,18.9764023193282,1.1624113368544933,11.091711229527608,377.76026351045397
133,104,fit,1.2930324361397603,3.971469594397253,11,11,0,22.44262700102502,0.09525079462400646,75,93,0.3495290279388428,2.0771094265901784,0.053234212,0.028241047368268817,17.696805638671638,19.343844569991017,1.8343105861807532,17.50296360859497,375.9885990936599
134,91,fit,1.1927238878740045,6.725071077907303,10,10,0,1.2615325314187302,0.07642950831710041,63,51,0.26823893189430237,0.18828849866477393,0.0,0.0,0.777104369481108,3.715548755785351,0.06946493967340199,0.6628333938301716,19.335202719775474
135,106,fit,1.0233635639368728,3.4997557240940966,21,21,0,45.60842175184264,0.5041270285062566,66,85,0.2211020588874817,1.255999785363333,0.23297209,0.34933416083731444,10.395153561369376,14.443715132852537,1.1057787731478892,10.551324171258484,279.6828951133974
136,99,fit,1.1844098236657026,5.668258150615341,10,10,0,2.748008231563577,0.0302672948622346,71,54,0.31505605578422546,0.21331593683680533,0.2665148,0.25387571513705515,1.1498533987579393,6.27065399382886,0.1344611425585253,1.2830261694515772,31.289246484975113
137,111,fit,1.1241714924479491,3.9947189402040686,16,16,0,8.69444919755893,0.1459086609306783,74,95,0.31056445837020874,0.6863936902318819,0.28765082,0.37796584222568774,3.679649929080838,8.823371239965917,0.4384749546934132,4.183921323410431,107.751593111403
138,107,fit,1.1581066165133376,3.695139741167612,14,14,0,3.3384178128441246,0.09813099102979284,74,66,0.310243159532547,0.24883081438241972,0.2745328,0.26677125953237524,0.9783074488400771,5.131841202815774,0.0771898713173789,0.7365445736391115,18.99344292901016
139,112,fit,1.2565060228368792,4.102196484955789,14,14,0,20.87813607208383,0.1136450738379157,79,98,0.3774113655090332,0.5036459080600428,0.29959676,0.0692953491971982,7.407544574755157,12.807504868170081,0.7442304265058236,7.10143536742198,155.09877196197428
140,94,fit,1.116064890426395,3.5280098784638687,15,15,0,12.56824204917446,2.1164405615524493,61,79,0.25420060753822327,0.15671028161235198,0.14538994,0.09870113692390352,2.2183073454576143,8.89086245672953,0.22507376073894797,2.1476503887304195,59.59296068239084
141,104,fit,1.087992887358169,4.314471078441751,19,19,0,1.1637987413382989,1.1588953648281197,66,63,0.26286447048187256,0.23548956711604196,0.24128176,0.1464152697915507,0.31376612580293867,1.0124943323262003,0.003990181495086148,0.03807425090731057,0.9831500580442568
142,107,fit,1.1009025395750838,4.339518043126392,18,18,0,29.786399433951697,0.22845029342920442,70,89,0.2825862467288971,0.3170329279839029,0.24476753,0.33883402828129056,5.119661529881671,11.705379614303043,0.4852652434339905,4.630393544217466,122.2687002012346
143,90,fit,1.0961921669202521,10.86118087861388,13,13,0,23.362812516723334,0.19939386888586605,58,2,0.22077356278896332,0.0029260533060746735,0.17138408,0.12667889990660833,2.3360523871291483,14.906314207693342,0.6947089096058854,6.6289018092164635,222.37127773129595
144,108,fit,1.1209266046822417,3.44240588216695,25,25,0,36.054491597125995,2.179990873056851,65,83,0.2728177309036255,0.8304508066547637,0.28259954,0.2893904107435195,5.747410681797229,10.927085979268535,0.6530126792232392,6.231037015488924,141.05663462390072
145,99,fit,1.1453895653818524,2.7788055773336784,18,18,0,71.3639788880356,0.24281287376896313,62,81,0.2549665570259094,1.4996441869528452,0.0,0.0,15.591877558808502,19.4095218371724,1.6265904584733772,15.52090132131085,395.67472079992973
146,97,fit,1.210205711567616,3.1609132108195626,10,10,0,7.297807850589112,0.028153890793152263,69,87,0.297112375497818,0.6168415751283887,0.18564501,0.07285813238375728,4.767571740825816,11.60386414636903,0.5053143304023103,4.821701625976243,126.67220729045097
147,93,fit,0.9811862570112032,5.060449799454406,25,25,0,73.87499474954376,0.5120831241241822,51,68,0.17076051235198975,0.3777759515886007,0.0,0.0,5.562057615431269,13.400931689198776,0.5992548748470853,5.7180808668615,147.47400042000092
148,117,fit,0.9444294604054964,6.878699555102847,26,26,0,3.4320344710496813,0.7446052741512824,72,73,0.23225152492523193,0.3020527942428684,0.086237445,0.11972406885268953,0.7389680353355,2.512398263828982,0.03489717204664388,0.3329882828878233,6.466545794748483
149,104,fit,1.1845982042513066,3.0189313224230014,13,13,0,18.924412797152595,0.1613477105449639,73,91,0.3086070716381073,0.5563137992437165,0.06944033,0.12530153958446455,7.04491564352063,13.280439840397284,0.7293287645468108,6.95924393651537,166.73095078279502
150,99,fit,1.1658225913066276,1.549300016563908,11,11,0,10.956045675361505,0.0889165574945659,69,88,0.286848783493042,0.9762115782998645,0.116507605,0.3039851361820826,7.446592219969875,13.48544388528275,0.7945999681855708,7.582060765129492,208.37560619815287
151,103,fit,1.2773391375228995,3.247129064234868,11,11,0,21.596050792220616,0.08676562810302924,74,92,0.33931782841682434,1.5101331638863198,0.22043782,0.24597670622146114,14.27475142809245,18.08895812489364,1.4983330952820162,14.297071519866567,348.609919567481
152,97,fit,1.1376622217713577,3.4404758207622548,16,16,0,7.214420446494191,0.1392368721093556,63,81,0.27024245262145996,0.29867519575864404,0.0,0.0,1.55250385581071,6.918749598670953,0.14753889290003327,1.4078138635499358,36.71167885953774
153,103,fit,1.2940994529086136,2.3069765023472284,12,12,0,24.10433529913443,0.17788533660002295,71,91,0.3252074420452118,2.0415944053809785,0.0,0.0,16.90829291756233,18.79884425574263,1.7492314539729221,16.691139827985896,375.9585523657338
154,103,fit,1.0102687115530171,3.022761429877937,20,20,0,45.33597111480581,0.682959629792094,63,83,0.2342858761548996,1.1774387005459568,0.2752509,0.40032183454390596,9.81390556988817,14.776211740132856,1.0914139151594697,10.414254915643795,305.32578288845673
155,105,fit,1.0680430605149596,3.803035443171324,18,18,0,6.7426500923809725,0.14206373025800628,69,87,0.28323814272880554,0.4371163430346061,0.27783442,0.317412419100547,1.6834638321063708,6.606847541087443,0.19786661653444995,1.8880402341073468,45.021348262181625
156,88,fit,1.0046882368197194,1.9810101460753078,16,16,0,1.453709870397349,0.09857755018327059,53,64,0.18868739902973175,0.21743811822481976,0.0,0.0,0.3012970872892333,3.925004444957419,0.04742756224693497,0.4525530748753337,15.042447268969743
157,91,fit,1.0374100824694694,3.312304318994103,15,15,0,4.793354185142074,0.13396817593826954,57,34,0.20766842365264893,0.10963731631271245,0.01935897,0.10461868223055336,0.9879914048696402,5.139244174084185,0.09258376568143213,0.8834328786396195,27.822294927062263
158,135,fit,1.1867798392390305,3.2534749461584638,18,18,0,5.5484386363222455,0.31132486559157263,98,60,0.3028532862663269,0.23539459083516165,0.2584458,0.24854788852360896,1.3927107890353685,4.467951234616212,0.1036820854257603,0.9893328762000028,21.221442255248625
159,108,fit,1.1355119337704958,4.008045105792867,16,16,0,2.4830567366856973,0.1737374938253333,73,83,0.3147444725036621,0.3270716483404583,0.16716297,0.24573104131811274,0.4408277405453082,4.728839980718385,0.08689313480332757,0.8291329656806066,20.81553088171166
160,91,fit,1.0061952445742819,3.30926275262522,16,16,0,20.4033736076005,0.15377248710586047,56,75,0.2090037316083908,0.3863769360409709,0.020425983,0.0,3.9251888498324905,11.411276025224145,0.4150169729246768,3.960085619510275,128.77897664439803
161,97,fit,1.0589610076579732,0.9839381395752499,18,18,0,30.301974108890366,0.20897607230453832,59,79,0.2185087502002716,0.6355428777071919,0.18807462,0.2788865345926307,5.718368170571612,12.693557590184314,0.6103713045126041,5.824153669013398,172.19771661548975
162,93,fit,1.0894507793158577,4.0205324723524605,15,16,1,20.411706795926982,0.10532929731803395,60,77,0.23887962102890015,0.30804066333791996,0.0,0.0,4.175177595981962,11.859974178214674,0.44296174549070017,4.2267342126975205,118.40182265339571
163,93,fit,1.0363938122757193,3.995234965281971,17,17,0,15.41128394468507,0.07994097818551023,56,76,0.212155282497406,0.3982913908438211,0.19491312,0.14955779136168856,3.1123252447682,9.566668665849821,0.32651526422006916,3.1156036662220337,91.89106220549677
164,101,fit,1.1004436760195704,4.903993149417315,18,19,1,25.452466991985023,0.22301738775538463,65,82,0.26355651021003723,0.228867722172355,0.21697521,0.24688930225736175,3.4173265781217625,10.7065583429576,0.44768641145898475,4.271816903234587,86.12173452900737
165,121,fit,1.1233411331733492,5.433482520243435,15,15,0,0.36450615618662435,0.2586427668120814,87,81,0.3971896171569824,0.36285639957399046,0.078774385,0.048070989199732066,0.4033661430127689,0.8685314823327771,0.0029361025768839056,0.028016245962632684,0.5849394919682799
166,102,fit,1.1833073756976173,3.8408129710602337,14,14,0,23.040159840005405,0.1333468186966826,70,88,0.3043099343776703,0.9618461677884577,0.24549676,0.3896087003140318,8.817787747410273,14.496198717355412,0.9737406869907881,9.291418768996069,207.73454907209958
167,123,fit,1.1715905236860884,5.100642026862266,16,16,0,26.246777162599354,0.17945088711758156,88,107,0.40472280979156494,1.2788992074673409,0.06722605,0.0,11.042155793018958,13.409244875126982,1.1501593257235634,10.974802726369878,216.696626745594
168,96,fit,1.1162310732803882,5.067602309249821,11,11,0,23.001401588808736,0.14150688993408103,68,85,0.29723337292671204,1.624726679422145,0.0,0.0,14.56128357675088,19.079819242563175,1.5267577024062005,14.568298687082065,404.1345001142528
169,90,fit,1.063288752671113,7.133256756069043,8,8,0,0.1489665418969627,0.07921320878336,64,72,0.2597675919532776,0.2902134487909586,0.0,0.0,0.31765959020057866,2.232212086657996,0.013248012909496646,0.12641233692267792,3.630367963148768
170,100,fit,1.1934116318093642,5.236338761713236,12,12,0,6.337295517837565,0.0801362388670687,69,34,0.29615500569343567,0.1204362755488467,0.19431728,0.13074358524149263,1.7919209605722182,7.86451961993317,0.19783199641532156,1.887709889459175,47.12356801565895
171,88,fit,1.0433925351815987,4.127054683130982,14,14,0,12.251551239146846,0.0671310958437579,55,74,0.2009834349155426,0.49356627938821995,0.17012201,0.19286572641142907,3.5346879076891997,10.800730358732839,0.3798648789592867,3.624664875565713,118.82979148981563
172,91,fit,0.9987546452178097,3.5577316414174316,21,21,0,61.665466052410636,0.49162272813606095,51,70,0.18195030093193054,0.8670225670721948,0.14017135,0.03229364016231927,8.507203488720533,15.548093509538846,0.9013107053987657,8.600292990446237,260.46650586515926
173,102,fit,1.0653587962801796,4.553694404132469,17,17,0,7.9766601660959,0.6745739206142392,66,85,0.2566106617450714,0.5050996925067838,0.26855493,0.35949408351079065,2.5939898106589143,7.966516655092949,0.2993780076850501,2.856660378674142,79.32321478076636
174,94,fit,1.037468977084854,4.366763304397313,17,17,0,38.013686053670995,0.06153524837962181,58,77,0.21669545769691467,1.1795316442102624,0.24038209,0.29647968119836,10.146542670837619,16.001952432961104,1.0741375099669872,10.249403721059037,311.1231857013246
175,104,fit,1.1576467578636325,3.185083167424137,20,20,0,7.150286458607609,0.4830975381597604,65,84,0.2569165527820587,0.4397546001099182,0.007944206,0.00991310623704877,1.8625635723034935,6.646465348426573,0.22045362101177615,2.10356508599023,52.21830602012705
176,110,fit,1.182024288304467,1.5957875441536837,20,20,0,0.37386578420218336,0.21815012142033788,70,66,0.28884345293045044,0.25422070246501177,0.052710194,0.10259842888398958,0.3286183908442191,1.5687767062244817,0.009376554022651935,0.08947093533064823,2.1092834427917895
177,86,fit,0.957219376471676,3.218853050102721,20,20,0,74.06491517747642,0.28777119109571553,48,66,0.1537274420261383,0.6877775041915903,0.17987925,0.07100602737079499,8.747761697080794,17.183010346849468,0.9073069833192428,8.657509382817201,296.9147311965857
178,93,fit,1.1387459115033787,5.147925121187033,9,9,0,9.606398170630506,0.06933651330175218,67,84,0.27827879786491394,0.564006733034117,0.29178745,0.22612760824300046,6.934639056206587,14.392031984399214,0.6989241836171135,6.669123889476274,203.95858938059516
179,95,fit,1.1040409495794363,5.198847560701682,13,13,0,32.405254002834994,0.16101946786091226,64,82,0.2504950165748596,1.7359019208860558,0.26011047,0.43863369269291724,15.353660917250696,19.51052394847676,1.624518895088759,15.501134495121745,473.69591275987756
180,87,fit,0.9638366677686547,1.369213761208039,25,25,0,24.97961435277401,0.20301414627370737,44,62,0.13714560866355896,0.4183651126998142,0.0,0.0,2.941743475318457,9.17155944222458,0.3131752304171745,2.9883132673394512,93.3127495113436
181,108,fit,1.1654165090375719,5.03774754099084,13,13,0,39.128727006916655,0.12655823704785604,76,95,0.32696565985679626,1.4960915379657775,0.21024999,0.35388975458237437,17.588780080456736,19.619394813757683,1.8580970019884029,17.72993322508018,395.29923870443423
182,107,fit,1.2172609411392474,5.1243918048301005,11,11,0,2.5050006558211093,0.07726315785948736,76,51,0.33910173177719116,0.21563234240510787,0.24656409,0.24805996411245643,1.2573889678413732,4.951634103217739,0.13027315508541745,1.2430644569219222,28.640214434359425
183,97,fit,1.066413795122822,7.185084050457808,11,11,0,3.190352315263639,0.13754180017749976,68,86,0.2873097062110901,0.3812130601247224,0.23095416,0.12429843594734019,1.8320766809030606,7.04109373707386,0.1543692881489276,1.4729893907340421,38.80528208409859
184,90,fit,0.9878838817143882,2.4706917438861398,16,16,0,9.5736390174835,0.2920262685304779,55,27,0.19240690767765045,0.07449457563993252,0.0,0.0,1.2454100857095103,7.165538611893193,0.12330444158137621,1.1765690990589333,39.09054887629382
185,84,fit,1.04888085001727,4.476426627284381,10,10,0,14.344375556347229,0.06742520560477298,55,74,0.20281095802783966,1.0350340113570324,0.11897857,0.22178903943993952,8.824844490849834,16.942551236924828,0.944142634570813,9.00899460468333,348.1280895812767
186,93,fit,1.0754895900286456,3.4032348242592687,16,16,0,24.44723680712796,0.5154454278984318,59,77,0.2396213412284851,0.6796761514575044,0.11429868,0.12140477128440003,6.122445927632166,12.87180962704481,0.6245437706529268,5.959387124550828,160.5405876611857
187,107,fit,1.2201064633726801,2.680551394598326,18,19,1,6.1342187232114425,0.2281209467987301,70,62,0.31869378685951233,0.24265068638731815,0.076208495,0.0737643356714036,1.1050101755625337,4.8606749103661375,0.1087866696881247,1.0380407412988997,21.597531922210806
188,93,fit,1.1543190513432415,2.5891409448812683,13,13,0,28.69738609474245,0.03623562811370301,62,80,0.252144992351532,1.515943445971439,0.019293062,0.0,13.161713617026109,18.32226083484184,1.3658234269784955,13.032666287962742,358.76256478435903
189,106,fit,1.2068017819967076,2.3067952552594897,18,18,0,19.406585489308856,0.37870430676909994,69,88,0.2947015166282654,0.9584787343660659,0.0,0.0,6.553288842572409,11.47535336892157,0.7143284684334618,6.816111340013948,162.7673200189371
190,102,fit,1.1267007676676626,4.950256387102222,14,14,0,9.328823933903163,0.21541193407173034,70,54,0.3025207817554474,0.15395207469882183,0.2834918,0.3249737250218767,1.9866742450052728,8.33775645368129,0.2587294640339617,2.468792595743909,56.3148798207705
191,88,fit,1.0860583306496356,2.1174600001940433,15,15,0,13.596624495977482,0.049049247911885724,54,73,0.20173989236354828,0.679021019648936,0.0,0.0,4.792602026411959,11.359024952165145,0.48933319089308264,4.669209836766056,140.5416198371963
192,99,fit,1.1393387181122936,1.946635770651699,16,16,0,43.771343099005335,0.48196766187766427,64,83,0.25487059354782104,1.1339467513604602,0.14188689,0.14233541440766773,11.380274147296296,17.027458710305964,1.1921288247721538,11.375275045535817,292.89105970155714
193,99,fit,0.9552128245906221,5.165544864206341,13,13,0,8.786736662327902,0.08105934193708116,68,86,0.24632126092910767,0.21503117863726456,0.28457835,0.35452651997711426,3.1865272077922313,8.896820925894387,0.29009465653777955,2.7680787837574385,88.39440810511371
194,252,fit,1.2197176095156645,4.97229820446607,15,16,1,37.30799825764459,0.2026316998928263,71,236,0.3182612955570221,4.998250882416697,0.0682302,0.08721170999077184,49.23502155590034,16.35931211400549,5.231702912567661,49.92082931839371,921.0071783048785
195,105,fit,1.091021592258013,3.252020665025737,16,16,0,0.2236727286572624,0.21307094367664892,71,69,0.27967673540115356,0.26329406358150087,0.27260426,0.34389385496510666,0.40561532532280514,0.3702737966555611,0.0021793740239889614,0.020795553664016808,0.52329946505034
196,98,fit,1.0904729351549285,3.4709433830779015,15,15,0,24.349684297806473,0.12139635751563121,64,83,0.2347327172756195,1.2289355300547509,0.17433783,0.3134768850163109,10.00013489680945,14.933476941087108,1.007234348037755,9.611014771352623,253.0806811819069
197,103,fit,1.194230047780074,2.7098442890353907,15,15,0,34.0471810521235,0.08781196833756412,69,88,0.2980301082134247,1.1377227747569798,0.0,0.0,11.19422036497327,16.238646318834697,1.182945486399843,11.287647770990867,254.37254354614146
198,111,fit,1.0936271766315147,3.9759147649750983,19,19,0,5.88474270411268,0.22846030371709913,74,92,0.29238370060920715,0.3728356259916753,0.3333091,0.3689540072316825,1.1262873498909047,5.974787033986582,0.16517681916479404,1.576114686686966,39.79476696666296
199,104,fit,1.2679676682091785,0.5826115930701105,14,14,0,10.449232720149283,0.16711033686951782,71,90,0.3235095739364624,0.6941441675783221,0.17574117,0.18197833211030842,4.3405906494754,10.199654408935015,0.47390767657120714,4.522019814610755,105.02155121561344
200,106,fit,1.3099009818481737,2.284926319294527,13,13,0,7.876459044841664,0.19796624969773022,74,93,0.34523436427116394,0.3826004894158851,0.0,0.0,2.745109096988378,8.735487639131609,0.2886150146492352,2.753960063446901,60.98897163625386
201,116,fit,1.3238570908481146,1.8019070988722965,11,11,0,14.943586238710093,0.06586206036551807,86,105,0.38088396191596985,1.9941249139661248,0.35193065,0.4006589601270208,15.601094127597115,16.48962591042922,1.707909778645549,16.296849032877375,396.17544906437223
202,94,fit,1.209336450559495,1.4937700268506657,11,11,0,0.3050525149278219,0.10775204691963529,65,70,0.2740646004676819,0.2755116157320948,0.32892516,0.23078729522953417,0.02820227612615782,2.3924981648462498,0.018726421884139165,0.17868723171888515,4.934467325261586
203,100,fit,1.0416048074835567,3.261345640630486,17,17,0,4.494950098467102,0.526116381216488,64,43,0.24509692192077637,0.13734054299348541,0.0,0.0,1.0789951609726827,4.474397281844962,0.06632388045666801,0.6328614547391985,18.84596404929248
204,103,fit,1.1657081037774475,4.891119703691085,13,13,0,0.47292284347464414,0.13077555616187,72,73,0.3229808509349823,0.3063218855637107,0.025175802,0.0,0.27577149866678224,0.10365386549284446,0.0011202765822647765,0.010689662044511225,0.2576322877070633
205,102,fit,1.2259417097531506,5.403869603650537,11,12,1,9.185865599035429,0.17540056674943047,73,90,0.3251756429672241,0.6288806645264196,0.10391572,0.07957344464408156,5.162093493277677,11.480189315334014,0.5470627818910438,5.2200647127007995,116.60156945118594
206,99,fit,1.06097662136891,3.9576371128691648,16,16,0,46.543747841811076,0.19002228743532718,64,83,0.2399580180644989,1.5238322515841622,0.18346141,0.2875997722286903,13.987040038626974,18.281217454598945,1.481021028499469,14.131880042933863,410.75403461759225
207,130,fit,1.1627444196038557,5.803530092335752,18,18,0,17.531327352839103,0.11802456978165526,92,112,0.4172508716583252,0.6921583315495569,0.0,0.0,5.225247319714351,9.397939006773967,0.5274762130865055,5.03316997219948,83.61575713831114
208,112,fit,1.1594987638146863,4.997572283707141,23,23,0,127.19341027792916,0.6376487386015749,71,89,0.29620644450187683,1.5674297510967912,0.26871708,0.20118866509501118,19.032959847713975,19.5103270875649,1.9376140444434236,18.48868363018534,429.92890763031573
209,121,fit,1.2463781278069366,5.928706534933875,15,15,0,24.583891625609567,0.259068912939303,87,106,0.40518394112586975,1.2077098939108204,0.096237056,0.16451720867120517,10.35530428363467,13.936807314454427,1.1068863113827525,10.56189228418657,212.58018389646503
210,108,fit,1.2144830247475107,5.583280559039857,14,14,0,14.609622356616665,0.18887088004533806,76,94,0.3446498513221741,0.2699106186519187,0.25850308,0.263103215361432,3.924304859971217,10.585249638806097,0.4245952376266137,4.051481275063108,89.91399335810091
211,90,fit,1.1318116975501673,3.1335507249757253,13,13,0,0.30182960775929596,0.10751663991124794,58,57,0.22323566675186157,0.201568674779189,0.15604343,0.17439911933453367,0.31076476419029275,0.8646024675652974,0.0061954765396165234,0.05911714255359278,1.7843076717449173
212,95,fit,1.125363369856699,3.1920522373806373,16,16,0,14.918953125632921,0.047106927466559895,61,79,0.23175737261772156,0.7429294493618174,0.0,0.0,5.084235924550853,11.167073146912145,0.5371366638923409,5.125349846300963,138.2324259043793
213,101,fit,1.1666218810106053,3.8193203076144413,13,13,0,8.3363404446308,0.18657996016606457,69,88,0.2855755686759949,0.7168742350141887,0.106949806,0.15922289534441306,4.565670973852629,10.209545353011787,0.46308739638050256,4.41877286622617,104.87884415497908
214,95,fit,1.145289414015321,2.559154666967625,12,12,0,5.111646107263167,0.17180109006704639,64,83,0.2495238035917282,0.28171974403797817,0.11870639,0.21381849009217058,1.615208736607072,7.809847114245694,0.18217890787431518,1.7383483575793433,49.97463603406149
215,104,fit,1.1105964955088485,4.236763548369196,13,13,0,10.122342890203157,0.13665217918845246,72,91,0.2470652312040329,0.8476071462253244,0.25678036,0.4187546328193983,5.932724662724563,11.278828405581475,0.6365035387478541,6.073507049120745,164.78672530048323
216,95,fit,1.0620311998572887,2.988456056851788,16,16,0,32.19625200198557,0.37242993338914593,61,79,0.22493329644203186,0.935399751261868,0.22834617,0.11417920905418849,8.802981394530365,14.974956752080686,0.912447685869651,8.706561888069189,252.61292511136568
217,93,fit,1.1008460155893602,3.5037265394990507,15,15,0,0.82992478978751,0.21160231808066668,60,72,0.24192605912685394,0.2854337888853618,0.035295084,0.0,0.4310171352797082,2.9874542086877445,0.026706401209323886,0.25483207260805235,6.568820363556063
218,91,fit,1.177270346297411,3.121466000935031,12,13,1,33.403946786228474,0.09908468161629408,61,78,0.2414971888065338,1.0158509118116592,0.0,0.0,12.350116664308558,19.70822773745119,1.3238035210850947,12.631712987453193,338.8510369314477
219,100,fit,1.1222000899856506,2.0409294014025736,15,15,0,52.146066450119484,0.10129235601847619,67,85,0.29056355357170105,1.439149282298511,0.42578095,0.3068573988865565,15.912650708101246,19.746051958691005,1.683356259275555,16.062559725911786,389.80877498497847
220,93,fit,1.0933176126902615,2.7210017499516477,12,12,0,4.361631085883805,0.10209689739896566,62,81,0.24286718666553497,0.3652463040183665,0.1436094,0.23074600308605578,1.7766440821741656,7.6469543637177,0.18634993937838956,1.7781482765113508,53.622107374753774
221,102,fit,1.2227101336699113,4.538708354278068,12,12,0,23.8224481308262,0.0926001386035282,72,90,0.32213979959487915,1.3055714058356453,0.3002646,0.0736872158838843,12.496471037811546,17.148018630200717,1.317286312029888,12.569525878147786,294.99528512424484
222,102,fit,1.226633681614098,3.2145434012325085,14,15,1,22.282917584887212,0.12892822609223453,71,87,0.3143424093723297,1.4322231955867972,0.17234844,0.2755992639085228,11.141188994118522,15.455075976671235,1.1858225038444934,11.315100227523791,272.2400864982068
223,117,fit,1.2614225138876964,5.489413875488094,9,9,0,13.567866892952395,0.10671352219486578,90,108,0.43712860345840454,2.6360684339728286,0.0,0.0,21.2905140752282,19.304659663276738,2.262388842727954,21.587679797022464,452.48468103739776
224,101,fit,1.2945631862165428,2.8220780574303013,9,9,0,5.804961311517127,0.07778731044420689,74,92,0.3328515291213989,0.49359203548129604,0.050629757,0.02099008313190162,4.473011920537527,11.162987815689375,0.46334744029760827,4.421254201313056,107.82133170775079
225,106,fit,1.280212031537055,4.542686626175795,7,7,0,0.20937504370000257,0.0655015767782691,80,73,0.3694470226764679,0.3185739641375909,0.29077226,0.40971685397393887,0.48743069857189253,1.3848559858784555,0.013211421727643074,0.12606318442407513,3.197542660847479
226,104,fit,1.1095533999718181,4.7745239877372745,14,14,0,4.486868129340953,0.21828883556615555,70,49,0.2696857452392578,0.15179977567699868,0.28918058,0.4075981529644258,1.2519891255266589,5.316713305718653,0.1313516802388992,1.2533557274704121,32.07686804459417
227,229,fit,1.3640888375744835,5.364997816756001,13,13,0,7.387293328545368,0.2983457811387224,80,216,0.39907941222190857,2.386169884894782,0.13631599,0.32221796676209163,19.119096547195856,10.279889206215122,1.9689114895068143,18.787323373156624,345.91950001466176
228,92,fit,1.031764279394977,2.960055900543958,16,16,0,0.2515918350993182,0.10681905397097598,57,52,0.20548798143863678,0.17150351360670302,0.0,0.0,0.34375852449625643,1.1822556657530414,0.0031606971036701693,0.03015932350830314,1.0023443790744775
229,80,fit,0.9763727206771922,4.7884062466674555,11,11,0,18.25873819326639,0.0499000185766222,51,69,0.18091268837451935,1.107589826599698,0.06668802,0.045362290595397196,9.30714348534922,17.637509558988445,0.980516288475278,9.356071454916774,372.3578799468697
230,94,fit,1.0785379433153721,5.886020739491539,10,10,0,2.5428944465079724,0.07269926719123462,66,84,0.26599055528640747,0.5080186508974391,0.099673264,0.15117810641940602,2.367315708416956,7.809531430692737,0.2481875503311291,2.368201816136728,69.64144732421187
231,98,fit,1.051455328174501,0.8712035722099537,16,16,0,4.2537196041196434,0.1082622417041653,64,56,0.2644634246826172,0.2226874074884206,0.13993295,0.026544758573733358,0.5265314444886168,4.689814934350546,0.11312894653672997,1.0794746806939883,24.202194607611425
232,96,fit,1.0949621021466622,1.5703455104074835,12,13,1,20.203071415891078,0.053114262224424086,65,83,0.2606286108493805,0.6437162743347243,0.20880735,0.3027848958229275,8.192146802179138,15.262967139533881,0.8523100341074925,8.13272933308676,236.38569873011588
233,89,fit,1.079841563808083,2.6329389455984993,15,15,0,20.20103616087278,0.0915267358462037,56,74,0.20747250318527222,0.28512269750935776,0.025344279,0.0,3.8545668174998604,11.816677057087096,0.40967832479852156,3.9091443205965795,113.56010647990018
234,121,fit,1.1157204502488045,1.065910339673621,22,22,0,1.332274173094374,0.24308688057796363,81,81,0.3341906666755676,0.3696302713904086,0.26822487,0.1633510022221309,0.3309216170534663,1.180510876824144,0.020832150608875447,0.1987800630617886,3.5294861900018146
235,97,fit,1.05707011386547,1.895475292715498,22,22,0,26.9853265797206,0.18414841511940142,58,75,0.22573190927505493,0.6161492264264127,0.28427437,0.2978531640770259,4.274822213846589,10.519749311813634,0.46351507647594903,4.422853783167453,110.70357555800962
236,110,fit,1.3284448922582082,6.29206708580908,16,16,0,10.423704600856897,0.08531502516660935,76,94,0.37538862228393555,0.5124926073895109,0.0,0.0,2.5294290970579882,8.277219194209032,0.2902959924006123,2.769999927486759,48.0158042703871
237,110,fit,1.2744908502855543,2.983157535838846,10,10,0,3.655239209174203,0.07822859197562922,80,100,0.3249923586845398,0.5380913351711418,1.6913404e-05,0.018155290586518526,2.96222229109249,8.554601015983044,0.3381565742831287,3.2266848691138232,89.23599041609873
238,95,fit,1.0625805395831966,3.0368144282313265,15,15,0,6.657043447806835,0.10969790454733505,61,43,0.22213628888130188,0.12880643026584682,0.15761715,0.03383629708096378,1.1491916635559238,6.441087808950788,0.10248808619721499,0.9779397537902192,29.797749628153834
239,99,fit,1.2057754153945939,3.0958755277535945,11,12,1,0.23195917573489053,0.13388297537331778,71,72,0.30119502544403076,0.28727906643607914,0.24482854,0.3395155156729494,0.15287182578269942,0.3520816033914068,0.0013802865378030288,0.013170673070639587,0.3272828392836834
240,117,fit,1.098965288714682,5.282351902852772,15,15,0,4.253607279045812,0.17584543888630189,85,75,0.3643563389778137,0.30917865318417126,0.067506045,0.0,0.9059349538205772,5.415987601775355,0.11138028270765084,1.0627889571340727,22.49884161388069
241,111,fit,1.3083855843548833,4.882052517549414,8,8,0,11.548430993282741,0.05811959938138904,85,103,0.40745049715042114,2.0400436180565644,0.052620582,0.0,18.264428958881442,19.064515853716617,1.9108776635495288,18.233565491884818,362.1397445801519
242,104,fit,1.1720334722153747,4.944114399346208,8,8,0,0.1274765210474431,0.0630981597445591,77,79,0.3546043932437897,0.35611550148533766,0.13111204,0.0992959194804596,0.3227028836630965,0.9072710923312227,0.013325493250352812,0.1271516531522215,2.939801903936585
243,106,fit,1.218287721143387,3.414487806939403,9,9,0,1.2426036415395254,0.10156572950456601,78,97,0.34907066822052,0.5119850267585138,0.26107138,0.25063707994517365,1.8941265524418756,6.3466167480567535,0.18770455569516967,1.7910740047249014,44.007308125784796
244,98,fallback,1.2229487895965576,3.96602470663486,4,4,0,1.1402562425544447,0.10824797370312877,76,94,0.35278546810150146,0.5582717682739168,0.13203108,0.17077581536291114,2.9935628774708007,9.63843467267419,0.34310672663996755,3.2739191473279345,85.47842429923722
245,99,fit,1.0414173244527303,4.347158355898526,13,14,1,24.27275691876263,0.3562048582896488,68,85,0.2821715176105499,1.0010425865928032,0.20848034,0.13891947159646575,9.555891867516344,15.794152478673896,1.0082057612137296,9.620283981047038,236.2425914749554
246,105,fit,1.2132267687631992,6.245511743541553,12,13,1,5.176933397293438,0.30817006007142295,74,92,0.3333014249801636,0.35677653169316814,0.16617413,0.031010421452443843,2.1002533638813046,7.503688566701455,0.22173707522536462,2.115811786501571,42.82695215888276
247,102,fit,1.1364938839544596,3.8753610749527834,15,15,0,0.8026872907163619,0.12460409036804282,69,81,0.2782750427722931,0.3302995735061812,0.22430305,0.3137273910320621,0.5777486287867576,3.346204347584644,0.042553006646267134,0.40604013975445735,9.826548872375774
248,109,fit,1.087948359325499,4.230657852495705,12,12,0,6.806517874307638,0.12043379982003544,78,97,0.2878689765930176,0.7769752072168664,0.24327493,0.37776996257650924,4.975217246741791,10.213602212595102,0.5580709729552368,5.325104703771343,148.1847377681025
249,105,fit,1.183098061066465,3.8422552340968017,18,18,0,10.514267026035615,0.25484243520323935,68,31,0.28331780433654785,0.09939415123406545,0.2264751,0.24747702506497832,1.86619211712485,6.314306790409709,0.161091834767189,1.5371358279311926,37.07765951215099
250,99,fit,1.1210834097987243,4.190351084542188,15,15,0,0.9222745234381637,0.1620082084312563,66,65,0.2711530327796936,0.24638234271242912,0.21732438,0.23926554066383654,0.41251409400446937,2.585450356530165,0.01576992194240035,0.1504763544122171,4.030819366160078
251,96,fit,1.0645467475596013,2.0931407505530086,19,19,0,51.466333622480334,0.17359901278529002,59,77,0.22015881538391113,1.151001915503667,0.18611924,0.3956998108594676,10.490412584244208,16.181061406493193,1.1060342142687611,10.55376158653398,302.6141863955906
252,98,fit,1.0887973109346514,3.6472649982096796,19,19,0,1.8145337561229342,0.3105225267471381,61,56,0.2337910681962967,0.20881820404597456,0.2602995,0.2587036984607284,0.3095026758851952,1.8718523091623316,0.03243443273133996,0.30948886194026676,7.685389078264015
253,92,fit,1.00013082712708,3.7238108225026463,20,20,0,28.60632827811828,1.080856076708357,54,72,0.18719102442264557,0.7182986909333361,0.0,0.07749654498175482,5.590104930253535,12.01446601252655,0.583351139605704,5.566327667993358,162.77862206359558
254,108,fit,1.1121410100663012,5.229093006385376,12,13,1,22.36185476404032,0.30034219174450016,77,95,0.2804824113845825,1.670478590266515,0.33560112,0.44855541321712505,14.911535318921027,17.34822321685097,1.5721006521731578,15.000960421499597,418.1279981962714
255,108,fit,1.1374189068275729,2.955185479144227,14,14,0,3.1368432809027946,0.08115393928204714,75,54,0.3291897177696228,0.21126177166721422,0.3924906,0.4148614253523669,1.221332386747702,4.25676648929731,0.1105333471194471,1.054707510681747,24.24895966692285
256,103,fit,1.1748792882846117,2.1385383744514703,13,13,0,10.266762403832272,0.05683425033748172,71,90,0.3065311014652252,0.9275129633988332,0.3941138,0.49195086386272,6.197326904680868,11.5226744049153,0.6587325669865916,6.285616097200301,152.75003490979125
257,118,fit,1.2216922765865528,2.390758193813245,14,14,0,0.18049367876983655,0.1544777259818648,85,85,0.39733177423477173,0.4038675386271613,0.45298764,0.27056540854527045,0.11801284365466591,0.9643306924877915,0.006801070090981113,0.06489570697501061,1.2519861934947258
258,99,fit,1.117409525826972,3.883123777494103,14,14,0,19.086802496542926,0.03879732367851271,67,85,0.27425262331962585,0.9288492384944215,0.15475067,0.1933074906104156,7.825262626900289,13.61670548448419,0.8265272085588281,7.886710005332329,212.02505271107268
259,100,fit,1.2264212006876034,2.8269557337980897,21,21,0,4.373185265587275,0.1188219007288716,61,62,0.2512989938259125,0.2393217252281756,0.22836798,0.16270114590348683,0.37501109031637603,3.52417047965885,0.04840215317467235,0.46185260662855293,10.170754837826621
260,100,fit,1.1042388310702234,3.6765292407555727,18,18,0,5.949653935952271,0.14067364982907515,63,51,0.2393438220024109,0.1749914861394236,0.08762134,0.06876453250183706,0.8523495137700261,4.684210729799491,0.0907707470064693,0.8661330821227986,22.02067541532592
261,96,fit,1.1957185421440433,7.7627236647683,7,7,0,8.728823651655055,0.03928241817309289,70,89,0.3184596598148346,0.979126822902173,0.0,0.0,11.623247111227993,18.257165168497767,1.265278649896329,12.073269560079476,291.3626864401997
262,105,fit,1.1578678771468478,1.9753333948615834,20,20,0,30.077226427305007,0.2710706010831937,65,85,0.26920679211616516,0.9670893183035866,0.19463982,0.0,7.220954648962144,12.2901396018786,0.7776836971417204,7.420645965092751,182.052626511712
263,93,fit,1.0988111860744738,3.2352182934621236,13,13,0,0.14299564261949985,0.114035948991133,61,63,0.24220162630081177,0.236383468837811,0.09493512,0.0,0.0749501261810353,0.9173669736419041,0.003920610031991476,0.03741040106862095,1.1132737828587764
264,99,fit,1.1409495975657902,3.595707098319759,17,17,0,44.47442746515789,2.3346079632719636,63,82,0.24765437841415405,1.3560563754364903,0.2810692,0.35786646978939296,12.335243697378658,16.942925171214085,1.277872716588008,12.193441952175649,308.7684037990126
265,107,fit,1.0978573701833896,3.8667599730298723,19,19,0,23.278747504533904,1.739115396169118,69,88,0.28197625279426575,0.2712750639896591,0.25866187,0.254612203926092,3.763719417594241,9.53858825061639,0.42695894305177207,4.074035716142863,87.20145290479822
266,94,fit,1.0509383241600005,2.473698865638387,21,21,0,64.95079276839515,0.1722756354960397,54,73,0.1864212304353714,0.9731017819577932,0.1909602,0.2693579630413179,9.457131185260968,16.024406006220367,0.9990494059122318,9.53291417855183,273.86642368315245
267,102,fit,1.024002971272639,5.198547777094324,17,18,1,32.704838828428294,0.16531006846678398,66,84,0.26522377133369446,0.39923402569302613,0.1165636,0.24927846462777686,6.04589808297071,13.192294832569488,0.6783610138740928,6.472910437729892,147.1324248494729
268,115,fit,1.205748607323682,3.812891175799029,19,19,0,7.672406284342516,0.3194440403391758,77,96,0.34945517778396606,0.5878231954209566,0.0,0.05250504724811714,2.4930420377653832,7.087517505131565,0.278066384141684,2.6533051921916413,54.158210188679924
269,87,fit,1.0186649293996983,4.513107834314025,11,11,0,4.730884549617731,0.047164586389380495,58,76,0.22218583524227142,0.5575164374238754,0.09696489,0.10089727963012086,3.2916546902107378,9.390953722841967,0.310440604359821,2.9622195072502002,87.94145969749752
270,100,fit,1.1461822663374797,4.292019112722961,13,13,0,6.164798830274777,0.12567247571444531,68,87,0.2912440896034241,0.3609730157965217,0.24378178,0.17619646722910765,2.355936635996444,7.638060421214843,0.220326541825707,2.1023524983368986,50.867489943732885
271,99,fit,1.1255318593017833,3.5210948815579566,17,17,0,49.77897896259306,0.2079570052528795,64,82,0.2570880651473999,1.095265276670632,0.093125805,0.1177637467093605,11.775352976158814,17.070873978598296,1.2484369709463847,11.912566516663976,296.0453499850331
272,97,fit,1.0848175591986786,4.21331823549568,13,13,0,7.86104212648095,0.09230987976766566,66,84,0.2661345899105072,0.6595871989305299,0.053812727,0.0,4.19640066633868,9.928729400862023,0.4154897101860785,3.9645964712412067,102.78298371466711
273,113,fit,1.2671654792045017,3.316207875302928,16,16,0,39.12436721975901,0.13621067887414073,79,97,0.3478195369243622,2.101106524173649,0.17903009,0.45558473519705445,17.57186516080008,17.669837820544704,1.8420673003634696,17.576978056903336,365.63489565845356
274,83,fit,1.0397093035394183,2.223011914999467,11,11,0,9.96915153681088,0.0782295859999451,54,72,0.18737047910690308,0.3857611469784637,0.0,0.0,3.66039816577229,11.982444215774455,0.3761016259622046,3.5887559729217995,134.31643578731757
275,101,fit,1.1921171559288726,2.8182492376808495,18,18,0,19.851995441870482,0.22746809344498495,64,83,0.2634686231613159,0.20449235140234506,0.034662154,0.07080795027658354,2.8388586195263468,9.463545969926898,0.29514512908305485,2.816270315678004,68.3191566421433
276,98,fit,1.1551868413637447,1.5014728767022607,19,20,1,71.39664572643686,0.39721877165298863,60,78,0.23588956892490387,1.3358071169792285,0.0,0.0,13.635427643651532,18.442232498276717,1.4391384570619015,13.732237185705166,349.3632866046724
277,96,fit,1.0763213032489465,3.20301732185088,18,19,1,2.1287485248116176,0.2748952687239445,59,57,0.22139966487884521,0.20751096042343414,0.0,0.0,0.15833840699453136,2.685935031254761,0.029335500321961396,0.2799188962019217,7.284181974954884
278,90,fit,1.0216625529460548,3.3754229123713815,18,18,0,59.88959335046685,0.29779030918069505,54,72,0.19456236064434052,1.3481219535291866,0.0,0.0,12.30623743126921,18.52127194934157,1.3055483716843617,12.45752263057597,348.56413412635965
279,99,fit,1.1706936395121144,5.5492426434437645,13,13,0,7.069703217209336,0.18496551852430124,67,86,0.2829291820526123,0.6932488303730884,0.27429327,0.3086003076851515,3.9998621081827666,9.774638043188146,0.45231835259151787,4.31601481480456,119.25987352457206
280,105,fit,1.0793116501271318,4.72098767931059,19,19,0,31.58570067609251,0.28184963758159987,67,86,0.27291274070739746,0.5074610562134008,0.35435316,0.3144254734881071,5.618479703725564,11.875640246202595,0.553591646171433,5.282363035986956,129.1758055123256
281,107,fit,1.2405740836212678,4.302060130208068,13,13,0,10.805695921744036,0.21947216107936818,75,94,0.3502195477485657,1.1050129826197583,0.15850762,0.21021697145587118,7.404645202081309,11.976302548213763,0.7678504652034266,7.32681741606323,155.66169984315806
282,101,fit,1.310989471922511,5.310944229309882,9,9,0,17.079697659809092,0.05776920877915837,74,92,0.34765294194221497,1.4648638179437015,0.1597175,0.07988468633912282,15.701863806959995,19.614767554821835,1.6642600325548773,15.880343822088523,366.8456237793743
283,95,fit,1.0881721820786263,3.7455614925583607,16,16,0,34.9210429656709,0.1324394891045707,60,79,0.22550925612449646,0.9988704536430443,0.18124223,0.0,9.200751000475725,15.543359161837706,0.953802133726838,9.10116539815685,250.92553479660754
284,104,fit,1.2117998051069117,4.198777396653809,13,13,0,6.569394470838468,0.21270745932449645,73,65,0.3081416189670563,0.19832576558576587,0.23772459,0.3886297602311266,1.6019617038218048,7.5186554792187135,0.1850996553009791,1.7662180849330067,43.67654754526919
285,99,fit,1.1892605706989785,4.281480983788827,11,12,1,6.761199805618292,0.08376387299511581,69,87,0.30102500319480896,0.7074878892464046,0.2544179,0.3516220905512784,4.557809672040214,10.690612539259321,0.4831677182140887,4.61037899059245,119.2821157558869
286,100,fit,1.168315374170438,3.616328004829499,12,12,0,7.732725310787708,0.08036250945192862,70,23,0.3109586834907532,0.0712963152624724,0.26016355,0.3295226112029813,2.3707359945818536,8.793518015014431,0.24661969842566786,2.353241397191487,60.857915804099385
287,108,fit,1.2697934772748167,5.175752076163286,15,15,0,2.4952066398395703,0.19014158701718817,75,93,0.35539865493774414,0.5144219006385833,0.2159078,0.07080043973184846,1.5725130241506242,5.526556136023121,0.1436701296069949,1.3708981832728522,27.318994252482188
288,97,fit,1.119522605195966,2.7174558393728145,17,17,0,0.32368960211893283,0.3136193012686075,61,65,0.23316437005996704,0.24616210916721565,0.14423591,0.24451127898732516,0.1331451921237028,1.9698542265490935,0.012622730174870362,0.1204458986151752,3.1485356784492997
289,95,fit,1.02396381325758,4.264418082011158,16,16,0,9.244761589884835,0.1912428521384892,61,30,0.22440464794635773,0.07473466252171533,0.2472974,0.2056349021477665,1.5607426576140615,7.069496526225539,0.19992524896211325,1.9076836733026072,57.35914240775462
290,94,fit,1.1330758046589804,4.147672983379822,14,14,0,13.594511856494723,0.05502550953139467,61,80,0.2331024408340454,0.8554309634830217,0.14318961,0.24681188359535772,6.154551034884786,12.169894600877774,0.6285182996941727,5.997312019982564,163.19401993981825
291,97,fit,1.1495508711475935,3.2131929907723733,16,16,0,24.88052145549807,0.15445576583865328,64,81,0.2621430456638336,1.0516741942813135,0.01649324,0.16640179824691465,8.124769914303181,13.9044571305357,0.8541607499319845,8.15038883522886,207.42650335197703
292,104,fit,1.1753514396157365,3.4977704644517225,14,15,1,15.493883741242572,0.3822354120631624,71,89,0.3048411011695862,1.0061555107874833,0.0,0.11961666826848223,7.384104999119071,12.637591448717167,0.7904118102580605,7.5420974261265314,189.20607496090773
293,105,fit,1.2151303985234854,1.5177860740238303,17,17,0,29.1783318086363,0.3288261118587916,69,88,0.2963528335094452,1.1740115498028447,0.15008464,0.22063422688522277,9.522802874925173,14.058401286833012,1.0065204822526352,9.604203074929725,223.28804322223957
294,93,fit,1.155375874783516,3.1465356889319276,15,15,0,0.97941950332065,0.06856975419045926,60,78,0.2311110496520996,0.2990539426781257,0.17738265,0.12845102972853983,0.7140041472043428,3.8761292800877927,0.05461153883746531,0.5211024698231422,14.075438202077944
295,103,fit,1.239709791843832,3.3712837902381825,11,11,0,4.725608222003034,0.09432898782539927,73,92,0.32276350259780884,0.7269161668169702,0.23594943,0.3352681471188674,4.135120069505395,9.392364420946855,0.4163620620042563,3.972920438971911,92.28044096352848
296,108,fit,1.2183647130946518,2.9200474408752313,16,17,1,53.068238233699915,0.22449115139404976,73,91,0.32111042737960815,2.043161028897882,0.06900642,0.0,19.00404119754049,19.638115671899108,2.0084551442222818,19.164648322731697,447.4797503040717
297,107,fit,1.252310087900125,5.455611953339058,14,15,1,43.83411665219554,0.19365445017079544,74,92,0.33478814363479614,1.6064020255218208,0.0,0.003004261923686236,17.129986565673548,19.539802697359292,1.8490745080612387,17.643840725775178,335.34774992343534
298,107,fit,1.2491117090062875,4.292705666710435,19,19,0,26.806651040490653,0.13998113837243406,69,88,0.3034132719039917,0.3286581045392047,0.21062554,0.35822106045958785,4.113093198778541,10.482234162190819,0.4249480670836001,4.054847968354963,87.98510929304547
299,93,fit,1.0422393298951766,2.9953126569977204,18,18,0,14.819292443327678,1.2684721045403122,57,75,0.2119848132133484,0.5596127448331266,0.11960542,0.19798786369135915,3.54263587018298,9.847032798894931,0.4068358246238315,3.882021227326636,120.4641050619289
300,88,fit,1.043392419230843,4.127054739743269,14,14,0,15.467679898490182,0.06713144080332538,55,74,0.2009834349155426,0.7563988632535761,0.17012201,0.1645024552360907,5.791251585330722,12.705770762568324,0.6037343968192307,5.7608243971300634,188.8642409813223
301,91,fit,0.9987547313844108,3.557729466717336,21,21,0,52.88649295295158,0.4916284621229535,51,70,0.18195031583309174,0.9251687170323147,0.14017135,0.04592336974553301,8.149637680887409,14.919882636928701,0.8694060381803941,8.29585914294269,251.24645063093814
302,102,fit,1.0653586783184332,4.553693840677142,17,17,0,19.975025328990945,0.6745769968098928,66,85,0.256610631942749,0.6039594820209552,0.26855493,0.37876695521846654,4.570474384549552,11.070636548690155,0.4905015214823662,4.680358029411891,129.9633339402183
303,94,fit,1.037469010157219,4.366763338921451,17,17,0,26.758919778801005,0.0615296628773189,58,77,0.21669545769691467,0.9431698820172819,0.24038209,0.35910887422331184,7.3442195651198094,13.660934051987086,0.7953833923333317,7.589536186386752,230.38231494004927
304,95,fit,1.0290929936489845,4.1566120389922965,18,18,0,9.668808390530476,0.10843443289783065,59,28,0.22203953564167023,0.08530663493842686,0.1281943,0.0,1.409418194182167,6.194834072142333,0.13536071569947594,1.2916098826285871,36.954680386123016
305,102,fit,1.091969503520087,5.244521548500298,17,17,0,50.610836451239116,0.25924682564230483,66,85,0.261505126953125,1.821994467052757,0.21539335,0.0,15.923751174237466,18.464766991011697,1.609283197734678,15.355755703575172,348.7280217604174
306,88,fit,1.082264251509059,5.235075128401485,8,9,1,3.6062489171778025,0.14666353392276413,62,79,0.24810285866260529,0.5275015178325528,0.19414267,0.22440586936080048,3.849446770853539,10.635583024157606,0.4025844177703888,3.8414543680380606,111.9763556011946
307,101,fit,1.002117490586284,4.830066465280499,16,16,0,12.82240895006318,0.14410978964270668,66,85,0.2555769681930542,0.6685486876018767,0.17647113,0.14188156365976093,4.7787581743794325,9.91798015896543,0.4728164290925567,4.511607147829739,122.79304180017434
308,102,fit,1.058051869313687,4.446665887272967,17,17,0,2.782852022266709,0.23494909164646868,66,85,0.24894015491008759,0.33642606717424717,0.25708938,0.3438098730815655,0.8708430290247857,5.13664116636478,0.12524101428907913,1.195047846269839,33.82929757854575
309,102,fit,1.0759412114093259,4.800689097071236,20,20,0,12.753306673634299,0.4134905407014791,65,82,0.2723948657512665,0.4863251898047253,0.25079194,0.2808103225810972,2.4468461617233874,8.235489610799322,0.28897687780901665,2.757412956192907,72.62693601913523
310,100,fit,0.903992473413318,4.652243916157492,19,19,0,62.1053964174349,6.5762315337216,62,81,0.196242555975914,0.9284033237594859,0.2642019,0.10694785020626281,11.113515688328173,16.587849845274413,1.1264144348871645,10.748229340526379,381.4698229075725
311,94,fit,1.0217966601618056,2.2637130200861915,19,19,0,27.34003932298437,0.3505672296984434,57,75,0.20672330260276794,0.6223097214667908,0.23454867,0.2015793119337874,5.068574308695787,11.870828573838379,0.5441367044891363,5.1921441268047355,164.32856593129597
312,101,fit,1.1492454645021897,3.5730299434791433,16,16,0,31.96906879541233,0.08049756439355678,66,85,0.26287829875946045,1.4026793591428184,0.019599074,0.0,11.465901740751937,15.848685381330927,1.2128570088464263,11.573063061511702,305.3397537743329
313,98,fit,1.1200152603567277,3.3078959528020215,14,14,0,1.610558652505957,0.19335270711229033,66,75,0.2646794021129608,0.26199514694319054,0.19166712,0.2710601214970166,0.21682426414408829,3.529561283217624,0.06850586695949541,0.6536819366364066,17.914920387930408
314,91,fit,1.1705469329024165,3.8363973856444322,12,12,0,19.953235539639127,0.24237475541035336,62,79,0.25395798683166504,1.1850676640204763,0.15321542,0.09107809333385321,10.08485848129757,16.481039588599817,1.0314974576353293,9.842532992703523,273.5767222936217
315,107,fit,1.2548655967722981,2.9098808426669005,15,15,0,0.46553485642785,0.3749695252466982,74,76,0.3280739188194275,0.3163886901514735,0.05913843,0.0,0.1326056211338483,0.8329420075192843,0.005228847097621327,0.04989357917577602,1.1138644804071964
316,122,fit,1.0920925628128275,0.9867814243923817,12,12,0,26.744690404867406,0.08357172482688804,92,110,0.3521274924278259,2.751434142323805,0.4128907,0.14237711232422826,23.83538581177113,19.491789687415626,2.4708817805389702,23.57711622651689,507.7178504501148
317,101,fit,1.189731288957088,3.6256356569642736,18,18,0,33.882341890151835,0.2827958834499163,64,83,0.26658129692077637,1.1734551035941663,0.080781214,0.0,9.413405517565177,14.339717261117995,0.9824906731361719,9.374911003207746,216.2665649635808
318,98,fit,1.1481315271156343,2.794234363006986,16,16,0,0.3249964507086949,0.30589143156788506,63,59,0.25777050852775574,0.21197754655220186,0.0,0.0,0.4369139492328577,1.967338202290156,0.010132039875460026,0.09667976980400789,2.7559113335682763
319,238,fit,1.2664203233749514,4.855421793407802,14,14,0,25.203794868934715,0.08706190364159884,79,224,0.36815953254699707,4.9980123833637915,0.28364143,0.31422798909491556,46.1376367442292,15.679205838189679,4.84566173131808,46.237230260668696,887.7314089855395
320,108,fit,1.2140042384165344,5.735481249496186,12,12,0,3.2193411487711083,0.13588699439094287,78,96,0.363707959651947,0.6897731670157966,0.0,0.0,3.2260206986602507,7.342887153324666,0.2659473230313654,2.537665296100815,48.00882950756003
321,96,fit,1.0703906936018568,1.2970005763091657,16,16,0,22.637810190761684,0.1695798464337413,62,80,0.25158628821372986,0.5192178132198901,0.0,0.0,4.663196379447725,12.128947928484545,0.5479329750022713,5.228368082082741,110.36111620886464
322,104,fit,1.0651295745503788,1.1911525372342324,13,13,0,23.057126517059544,0.5366920420595456,72,91,0.3049487769603729,0.6695951229221224,0.0,0.0,8.302134774794185,14.938004504811706,0.9406845991386015,8.975998083383601,189.93846706981964
323,98,fit,1.2671290684840697,2.378002710168373,9,9,0,0.30781989966687734,0.3135313174584279,71,89,0.32422494888305664,0.3798981304371991,0.0,0.0,0.5866280986287374,2.9359617587989706,0.030003574159587734,0.28629364656095163,6.842190019471113
324,102,fit,1.0951803519151262,5.708567479976697,16,16,0,22.83344896750744,0.49247437852110704,68,86,0.2862299680709839,1.090214437253815,0.3022567,0.46019037949376235,8.259404749935253,13.547621447336326,0.905842659707746,8.643536829272385,244.37733134733233
325,91,fit,1.006195364370139,3.309262979652827,16,16,0,21.55337541455721,0.15377648598347055,56,75,0.209003746509552,0.8716190126258905,0.020425983,0.03385920803846517,6.560041826996276,13.226282417965244,0.7164740309793713,6.836584265070337,222.32052242670298
326,97,fit,1.0589609689658614,0.9839379304719952,18,18,0,0.31417168363397835,0.2089758192660279,59,54,0.2185087352991104,0.18444653386039492,0.18807462,0.2494319254008455,0.3364855040072626,0.568004940311574,0.002422599591527844,0.023116408316105383,0.6834629013969112
327,93,fit,1.0894508039622606,4.020533093162664,15,16,1,49.741273090841986,0.105330706046319,60,77,0.23887962102890015,1.2537585773798123,0.0,0.0,13.56503835739249,19.417261292207733,1.421142565050951,13.56052065888312,379.86538803155696
328,104,fit,1.1322359382722678,4.664280120681994,15,15,0,18.023070780487487,0.18658240796979864,70,89,0.2982460558414459,0.2530291759112746,0.27875316,0.33042119068035725,4.00936758274238,10.80943378763195,0.4331278829984089,4.132899646931382,95.76787530859741
329,94,fit,1.1270173673864143,4.049502738618766,16,16,0,2.3047837843924444,0.23794777543682227,60,61,0.2442576289176941,0.2476750365046705,0.13798828,0.12837717810750388,0.047342417798916715,3.073978028147946,0.05801910048320241,0.5536173710229237,12.904087311441184
330,99,fit,1.0474737961345302,3.8997843766619757,17,17,0,2.618163614856986,0.2738753169046541,63,66,0.23980852961540222,0.23906999471472143,0.26756856,0.2884204235634209,0.213143507241444,3.70662956553359,0.04391093316947885,0.4189974539072409,11.043630104488777
331,106,fit,1.2391709719838937,3.843231903970563,13,13,0,8.74136861304258,0.09203283036607159,74,93,0.33403098583221436,0.950269148968217,0.0,0.017336470735741988,6.035535205817615,10.913834441037585,0.6408477877780875,6.114959807042819,143.64200862742192
332,113,fit,1.1336980020008878,5.017503545710751,17,17,0,11.013276610577782,0.05985731224487263,76,41,0.2984939515590668,0.10947916371915101,0.26694572,0.38309202656806446,2.0235068743473,7.195295973362684,0.17309096277791533,1.6516313242167493,42.774473881540864
333,117,fit,1.2382956906532412,4.8217975731423035,15,15,0,5.6323053787810595,0.16753543611734678,83,102,0.3832080066204071,0.7062329978974399,0.36947915,0.4435609399594264,3.171955905204166,7.858105444290999,0.3769093032299115,3.596462817079308,77.52928869476429
334,114,fit,1.3114511734843333,3.1017005839190115,13,13,0,1.0015567876905291,0.07913162277926833,83,72,0.3965451717376709,0.31667034382584486,0.3331394,0.3750231570918222,0.7730579670013739,2.0593221608313463,0.03837680799558735,0.3661909159884289,7.6967022391292605
335,90,fit,1.0778940242776114,2.674998677406174,16,16,0,48.03616499188981,0.12529748920573405,55,74,0.2035822868347168,1.558730198436328,0.0,0.0,13.715850396676084,19.20519412841815,1.441624953023088,13.755963292205038,409.93896797991766
336,105,fit,1.2528154301163403,4.565418304241261,9,9,0,3.149856637889281,0.07138266123616212,77,96,0.35603779554367065,0.4802425132455258,0.25974107,0.3471017232012602,2.3915646790905063,8.510076343080359,0.26855556451144724,2.562553096483275,59.19824703400561
337,111,fit,1.154952507633327,4.878771336014453,14,14,0,7.111853912435922,0.21683645159547774,78,97,0.31478455662727356,0.7061203350158196,0.3304222,0.3140839067922329,4.205353624267314,8.831738978304262,0.4336636779793185,4.1380121944591455,99.12716950707825
338,104,fit,1.209770610740164,4.17038525729084,15,15,0,33.88063460976125,0.45310132013709165,70,89,0.307149201631546,1.3156325593024476,0.1802539,0.12402491465444426,12.324372486220234,16.417130879539684,1.2891452292727437,12.301004096113966,295.98199274623477
339,109,fit,1.286507616984224,3.804703166416492,14,14,0,22.09614570605615,0.14221417071867698,76,95,0.35240161418914795,1.3885863631317323,0.2819141,0.18192567915344898,11.268464197219002,14.768814827814694,1.1609379896854208,11.077652573334168,231.29555075533662
340,88,fit,1.0990594121652992,3.6520899409695784,8,8,0,0.514407171050377,0.062274709074679996,61,57,0.23908136785030365,0.21022350400568574,0.026083412,0.0,0.3874689436976938,3.2552757884238024,0.03621974000035045,0.3456082061102142,11.369675779828393
341,105,fit,1.1633936708535555,4.09453183226692,11,11,0,10.145924794141802,0.1191367425462173,76,94,0.27709856629371643,0.6145876884414007,0.21990126,0.3449675964143516,6.232709517294173,11.947811579291326,0.6315192456639013,6.025947000609745,155.0274517816427
342,108,fit,1.1257831512287828,3.0770818170034047,18,18,0,8.140305524525825,0.15353575367619518,70,46,0.2905281186103821,0.16727920615071537,0.084943675,0.0884583078264343,1.3632760694723909,5.5625373657884,0.14660611800659304,1.398913339757567,31.434214934805933
343,97,fit,1.0604361771663127,4.192694423055076,13,13,0,2.027951257800012,0.05233442108300953,66,84,0.2596164345741272,0.3649277940965821,0.23147579,0.39499679563417894,1.0352268280667114,5.689239373134671,0.12961184045738394,1.236754202837633,35.91831624745534
344,106,fit,1.2956851126780973,4.306570391096907,7,7,0,0.6773181856868219,0.08145571855201333,80,99,0.3800172805786133,0.4767855559959828,0.0,0.0,1.0233635415588602,5.147272895421605,0.09687944399169268,0.9244221754932508,18.24822901186752
345,99,fit,1.2176377415973276,1.596266523480895,15,15,0,16.13897528899383,0.30420213991076545,66,84,0.2819570004940033,0.9012781321485797,0.13661595,0.265400617799154,6.368154016965773,12.174542930028448,0.6812517435745453,6.500493736398333,162.88554434263628
346,104,fit,1.1809869166705058,3.0452444876078406,16,16,0,0.5106017268721585,0.25258506047320095,69,68,0.2874376177787781,0.2594484864131501,0.1182285,0.06547931627149378,0.2624353372194603,2.7954056074618694,0.027443671860592853,0.2618670979064203,6.931609493944017
347,93,fit,1.069888392187876,2.2802021651455333,18,18,0,9.405679247750518,0.35351410836983715,57,75,0.21985822916030884,0.3223771497690355,0.0,0.0,1.6238786124334563,7.410351133565504,0.16077283540317872,1.5340919408700258,41.54534294379102
348,105,fit,1.2231120659357941,3.0981210847134006,20,20,0,12.089339708025772,0.3712947189992091,66,32,0.2954782247543335,0.10559530855432761,0.21377128,0.30000877327577735,1.9432935748383195,6.0294572279345635,0.16316383631460413,1.5569068350630164,35.624856946674534
349,107,fit,1.3449086005924409,4.404875106653258,8,8,0,1.1728631237210783,0.05769894985029798,80,99,0.38462522625923157,0.6621177548061014,0.16696705,0.17343129513821914,2.663707246798785,7.359442549063361,0.2812017874236709,2.683223162439608,59.57466121521552
350,107,fit,1.2528648087162084,5.967330798638833,13,13,0,18.366736989226705,0.0848413892807247,75,19,0.35805732011795044,0.05668151766123971,0.0,0.0,3.086063330646697,12.883974537021906,0.6802361774872655,6.490803220298335,128.1578995874072
351,104,fit,1.2509090045672795,1.9472600647638265,15,15,0,20.920968538621928,0.27344339053876154,71,89,0.3218032717704773,0.5456154779144615,0.23353992,0.1538015920132469,5.9457919753370305,12.145590055906823,0.5980950944158262,5.707014259692998,143.77489845682874
352,118,fit,1.3042446068090225,3.2361735743299644,18,18,0,20.24546188211021,0.16891582277922657,80,100,0.3704792559146881,1.1147201432158482,0.062133744,0.0359168930652656,7.636473359024845,11.547892589543181,0.8473188450073716,8.085103482894768,161.88886820026673
353,88,fit,1.0183922386341095,2.5780281969170087,12,12,0,10.89299917135699,0.09081150682528087,57,76,0.21398667991161346,0.7479434393951635,0.07968489,0.12270363074472923,5.437362302185547,12.531577164345553,0.5806803153715251,5.540842703926766,187.652743199863
354,93,fit,1.0051419276726608,3.261013280562579,16,16,0,55.254101401551615,0.13163463763132038,58,77,0.20407092571258545,1.0945160294265883,0.0,0.026770546050348676,12.729954228354032,18.855992349997337,1.3146194572625494,12.544078790673181,410.49542937982153
355,96,fit,0.9610085816077114,3.815048987973707,12,12,0,18.38006358923173,0.060368389360512295,64,84,0.2064708173274994,0.5759400545933205,0.21480134,0.32837941460739756,7.538967438520443,14.512687868847685,0.7970430119783098,7.6053722517014295,247.2522169718443
356,87,fit,1.0599187340676992,2.2712573083121432,10,10,0,1.1632268802641887,0.07973035380947871,59,46,0.2202834188938141,0.15569124099942383,0.10095397,0.11380297311689926,0.6345867848073414,3.7664610646126855,0.05263087774360933,0.5022030319046692,17.252714441626505
357,99,fit,1.1166826738454374,3.1122876517987654,13,14,1,30.45292668657769,0.10025784885443709,68,85,0.26965534687042236,1.536449746175823,0.12003305,0.2067549224734504,14.323224668753433,18.430564804475765,1.5076904066029282,14.386358841630994,403.57511624617086
358,97,fit,1.2256005046677705,4.358903280532076,11,11,0,18.8607225618972,0.05704634381831316,67,86,0.2775404751300812,1.731531535628106,0.2894726,0.33980443612876077,14.174567890463845,18.188284647463675,1.4567891166611873,13.900659510125832,346.11461049312965
359,90,fit,1.1489268401375297,2.7373894258366644,13,13,0,35.67931147129302,0.17543918230995204,59,77,0.22909848392009735,1.3728605385932537,0.0,0.0,13.255014248721594,19.56609529146536,1.3844133792794664,13.21005132900254,385.03620470303605
360,97,fit,1.1521378275708551,3.8937027107410884,10,10,0,1.290831723930919,0.061167228569338816,69,75,0.28637367486953735,0.2838829920858948,0.31326875,0.3899576746163455,0.08837895064694702,5.005189546960011,0.06877022696079162,0.6562044557327444,18.991738577391434
361,92,fit,1.0933784566199793,4.048198433513082,11,11,0,3.1122061674157497,0.12557582759044375,63,81,0.2537374496459961,0.3208020395326937,0.1300707,0.0,1.2860833891020542,6.754571656750734,0.13822898956109764,1.3189789080257408,36.73725050160918
362,129,fit,0.9950184278455076,1.12948104619803,35,35,0,6.890852380560133,0.7551274127478083,75,86,0.293748676776886,0.36997035605482814,0.0650718,0.06624178147718263,1.162146436597641,3.513653523795792,0.05973439535006063,0.569984688454777,9.373076664344747
363,105,fallback,1.2446191310882568,7.389613808470469,3,3,0,0.44459721064300284,0.015951907364072822,83,102,0.38753604888916016,0.4115709859036259,0.0,0.0,2.681331058364575,9.097530562444325,0.29542431964371596,2.818934347745381,69.32748748507593
364,104,fit,1.1577002171992468,4.438288598662635,14,14,0,0.8516639784407245,0.276000135232591,71,80,0.309291809797287,0.36461066953228904,0.060809977,0.0,0.6942999773225736,2.313020710003088,0.023101266346223896,0.22043193078457915,4.533591678518899
365,115,fit,1.2395148020115778,1.3341562035637482,15,15,0,8.606221323336552,0.06805011206885021,81,43,0.37167075276374817,0.1682428931292939,0.36098444,0.37874626727351723,2.073973221729959,7.049082853549223,0.21884982124446553,2.088261653096045,41.426161561261615
366,103,fit,1.313656285373486,3.5768453015860397,13,13,0,6.301230064646191,0.10445409747251273,72,53,0.32975155115127563,0.1923868498634099,0.1560267,0.11400163434935766,1.689868781702872,7.265422445713523,0.1792529349541853,1.710428768646806,38.67252273027009
367,114,fit,1.335016549118774,2.7712320334999365,14,14,0,0.23813456462932864,0.10144052731029225,81,81,0.38956087827682495,0.3701332684038834,0.071191736,0.008713454553279317,0.2188078757429925,0.6063014404950042,0.005332939307185733,0.05088682545024554,1.0253370325669042
368,101,fit,1.2967506698807245,1.3986930347242166,14,15,1,10.31386665229147,0.20933862211476315,68,29,0.3006303608417511,0.09595889151110015,0.15890956,0.18418591669834586,2.0152943737842883,8.468838067580892,0.24770024808864077,2.363551985578633,51.11377692501394
369,101,fit,1.2047288973313783,4.270950065860174,14,14,0,38.338680471031644,0.10500785950459136,69,87,0.2951063811779022,1.0496890310109905,0.2944967,0.29767133048297206,12.974784523715693,17.761791445566875,1.3563132528582174,12.941920351700547,309.16724017201227
370,94,fit,1.0538224918224752,3.8283638935541133,15,15,0,0.30089741047731977,0.08610832984603846,61,66,0.23761755228042603,0.24095749921119206,0.2683707,0.389500132095071,0.06608622399378326,1.4551418446979234,0.0037307056165518846,0.035598336035800426,0.9470573052222436
371,107,fit,1.1769832978012058,6.00660114814659,14,14,0,1.054167722842307,0.13759745415552205,75,83,0.34134578704833984,0.40169415543092374,0.0,0.0,0.5813120167058444,1.770079201968457,0.040865288124993696,0.3899359553911612,7.028739825433867
372,101,fit,1.113793829126339,6.241775801597862,15,16,1,35.829230516733716,0.06810741729500866,68,85,0.29944294691085815,1.6505282333377505,0.0,0.0,14.27522894555405,17.675016163683836,1.4570884646330773,13.903515883903408,277.27256803804926
373,99,fit,1.0970371635430394,4.774307466795685,11,11,0,0.9691672131943556,0.043715711213803916,69,88,0.27301451563835144,0.3608706455063489,0.31414476,0.39475698432236217,0.8647065694972962,4.821495969779789,0.08127959397575625,0.7755686448068344,20.883642594561678
374,111,fit,1.2457071952251169,4.392767993063396,14,15,1,4.746378081320724,0.12674005590021048,79,48,0.36682918667793274,0.19513123952836084,0.0,0.0,1.6166708704449715,5.514789401083148,0.16896269165592237,1.6122394241977325,33.404872842460634
375,126,fit,1.1941790116306017,6.792405753346618,15,15,0,1.2576173473569396,0.23989292905563653,90,87,0.40952107310295105,0.41561548707069745,0.0,0.0,0.12656424094931365,2.761608534626924,0.0371152194097591,0.3541528569633502,6.450099633931038
376,95,fit,1.1231765106258726,4.339686877746099,13,13,0,4.270360253201104,0.09089363994059578,64,82,0.2639803886413574,0.3217200776909866,0.0,0.0,1.4873625484064346,6.660004411584406,0.13929444252283085,1.3291454439201418,34.66652600250959
377,98,fit,1.21942565110684,3.5703871879294042,12,12,0,29.526506714284686,0.1309626255075303,68,86,0.2911812365055084,1.0399581829357294,0.0,0.0,12.535129534480664,18.445811010786276,1.3429751843123021,12.814648705270058,306.61259273290574
378,113,fit,1.2040210051015923,2.4141212658043694,15,15,0,2.107923126834725,0.10776412011032688,79,78,0.3258521258831024,0.30652846531854827,0.25420558,0.31411769057633276,0.43115789785211645,4.3001369563048994,0.06417283057960489,0.6123361696527184,14.486744250058535
379,94,fit,1.1257878704822772,3.458610574290151,14,14,0,31.053944436400155,0.18017573628508668,61,80,0.23674245178699493,1.221223442365072,0.06519702,0.059540106241492245,11.149513034324059,17.118848221807156,1.1692473340449254,11.15694021035234,320.7049799430706
380,110,fit,1.1493780532815672,4.698752641114268,13,13,0,10.613224223180653,0.12379883375440873,78,97,0.35357266664505005,0.7790495753969751,0.0,0.0,5.34980915034412,10.80368835475526,0.5518085214615781,5.265348487228798,108.44420323980644
381,97,fit,1.0795156266730859,3.8584005976756504,16,16,0,35.71827481823049,0.19394866234950026,62,81,0.22630929946899414,0.9313603144981218,0.03455651,0.0,9.502358444350884,15.473046047328456,0.974965324421187,9.303104240660181,276.3809018978115
382,100,fit,1.053760004623499,3.1938464037423864,20,20,0,10.11232344360794,4.7934678575900955,61,80,0.2339777946472168,0.3575321515327664,0.09267977,0.14743289907835783,1.7341314904769956,6.934089840155565,0.18810347151532003,1.7948804533904583,48.24015428047353
383,98,fit,1.0534990631179812,5.268051041582189,18,18,0,41.894809121428835,0.2343769364599093,61,80,0.23647649586200714,0.5724613457359428,0.25131735,0.32109079222158454,7.171997824095668,14.267029476022167,0.8110620022827012,7.7391412431555455,171.0473476476134
384,91,fit,0.8930694716572184,4.637626524484909,19,19,0,13.966305613355376,1.335252953504067,53,72,0.17516876757144928,0.3482773145348427,0.11775547,0.0,2.3713532752948447,8.559332789158455,0.23931079170248537,2.283499920825242,70.66399987911612
385,94,fit,1.1539084488140445,3.3348481129282974,14,14,0,12.01082640892897,0.09062804513902865,61,80,0.24071365594863892,0.7963230988577905,0.0,0.0,5.485067946528232,11.585611512769212,0.5772727832352395,5.508328084305719,156.0731568826194
386,103,fit,1.1486489862607485,4.727692594114088,19,20,1,22.951380299330353,0.2259596309080436,66,83,0.2685161828994751,0.6859460671939658,0.30425495,0.31981268658214285,5.615272267068136,10.855263675762219,0.5665780766897989,5.4062793577270885,121.18703530085382
387,92,fit,1.0700900168275702,4.7866739437207,12,12,0,6.094872935228051,0.10362532740924349,63,80,0.2519139051437378,0.31185099015057877,0.2449215,0.19751202645978888,2.0649729871751044,8.457319612354976,0.21089577970246523,2.012364310138027,62.24286468994312
388,107,fit,1.1002966326437558,3.924406965536292,19,19,0,3.185960488955673,2.7074050219658714,69,71,0.29235196113586426,0.3160392685961066,0.031602874,0.04524269372586871,0.5780118641824882,2.9221767110903354,0.06578135868839627,0.6276847203091247,11.98418097483431
389,98,fit,1.091782785848433,2.7357706245181515,18,18,0,47.156981792429214,0.4492066741418703,62,80,0.25379449129104614,1.4924526650692216,0.0,0.0,12.535473796763279,17.059408734397113,1.346699172847619,12.850182947019265,359.61985683202096
390,100,fit,1.1367409907345645,4.713722955831216,12,12,0,14.504259844487839,0.040711784081666494,70,88,0.29476475715637207,0.4090462869906846,0.0,0.0,5.8720116269011395,12.618472267570084,0.6024336577281921,5.748412764581985,149.7068537647768
391,102,fit,1.1475886519171086,6.154303044801621,8,8,0,2.6331470782266377,0.03339145544523142,75,94,0.32016265392303467,0.47067467203899155,0.2801719,0.1800304001377416,2.863203366264431,9.101921632489868,0.29977830887898654,2.860480046555215,77.91254033425841
392,108,fit,1.1484260651679288,6.744552637168005,15,15,0,27.40350200859658,0.21949379050543266,75,93,0.3330768048763275,0.7117984179385566,0.0,0.008173231442918675,7.899048489262764,14.023112772214347,0.9237299647795628,8.814217221179034,162.89728324658913
393,106,fit,1.1880017768972326,4.752720637218994,8,8,0,8.271782600218318,0.06077377786145224,79,98,0.3534463346004486,1.621710148361408,0.21905303,0.48291619779604533,13.624390356285211,16.715871278482798,1.4368411935883865,13.710316732713611,378.4384910333784
394,105,fit,1.1576966259609087,5.3515523791651045,8,8,0,7.613689796922264,0.04262591712084501,77,97,0.34107154607772827,0.860928240897386,0.26143995,0.31228765204941283,9.362609775085296,14.720695779980023,0.9416918776157529,8.985609519234282,247.41766586645602
395,104,fit,1.1810567351050212,3.072318477515911,16,16,0,26.090052062275074,0.36437960390617136,70,88,0.30932188034057617,1.3100248615413963,0.048321724,0.0,10.00525641950495,14.487704309845975,1.0754368492377522,10.261801996543436,247.52007964296064
396,93,fit,1.1110890906546769,6.134132830079109,10,10,0,0.48855896365730134,0.029365759529414524,64,66,0.25288358330726624,0.26089419066807756,0.28104404,0.2833256098050536,0.14625165593040013,2.706835908225341,0.019054274437123063,0.18181559577407502,5.1280227649105985
397,108,fit,1.3214255594678772,3.691108973516929,10,10,0,15.153429533079304,0.0785873992422526,79,98,0.38948944211006165,0.8561407455662307,0.13719964,0.20022669594749581,11.098500464825754,15.841034656913266,1.1709313372275898,11.173008943011352,236.4570702272894
398,97,fit,1.166219914798776,1.957803008917548,10,10,0,15.047575946703304,0.034251145081084754,69,87,0.29719796776771545,0.6560929140937322,0.018832548,0.0892610573950399,8.399173499332925,15.986086414053762,0.9494912951463569,9.06003144223623,206.68830405137746
399,100,fit,1.2277586904469653,2.984822479616358,15,15,0,22.652250010177493,0.15479722289388292,66,85,0.2835344076156616,1.2585986289591182,0.23389398,0.3080452248965941,9.680097484281452,14.600953955903124,1.0328334003631665,9.855280537816475,246.9055630073843
400,106,fit,1.2936020162919422,5.1281704699937585,11,11,0,9.04515178055524,0.07158535466327445,77,24,0.36566516757011414,0.08708407321840285,0.27653816,0.2874918191980478,2.7624979393406557,10.589995424468311,0.4197004082222781,4.004774887617157,85.17905156498539
401,91,fit,0.941174816262799,3.117035864815726,18,18,0,0.5628326453285977,0.35804663914073337,54,50,0.18879136443138123,0.1650992103840015,0.15310334,0.23004923984500358,0.2546297076178746,0.03146662932813484,0.00010221438732442144,0.0009753281233246321,0.03143248403611218
402,100,fit,1.20575878664032,4.9076918150167925,9,9,0,3.8780166314749027,0.1791560329249104,73,91,0.3238517642021179,0.7484273385316298,0.0,0.0,4.582673596800231,10.225688514717127,0.46671552994817395,4.453392461337537,108.42198257970108
403,104,fit,1.1625137402128853,4.308072031465274,14,14,0,32.75524165314008,0.14972457699023423,72,90,0.30521729588508606,1.0209805364886697,0.3084726,0.3386497828109571,12.212718854862452,16.551686748583617,1.2550496950868708,11.975665029454873,296.7236004689762
404,106,fit,1.2343111939955282,4.069407294961452,14,14,0,4.747248852158394,0.12059664027374178,72,51,0.3159884214401245,0.20239394306762173,0.15062554,0.10879537560076091,1.1807197253531867,5.517266268204993,0.1508781018554188,1.439676544421935,31.20937583648672
405,93,fit,1.0987518265026999,2.762201612226675,16,16,0,46.740680161942414,0.20541963528141535,59,77,0.23110701143741608,0.8167522463100236,0.0,0.0,10.145180787001141,17.11761556275857,1.046713082241155,9.9877202503927,290.0783040529836
406,102,fit,1.2830608714126996,2.8426735370280922,13,13,0,14.069982266842443,0.1519054401178213,71,89,0.3191177248954773,0.2419669998806816,0.006968005,0.0,4.195319593231862,11.119966252502518,0.457739664595573,4.3677448911791315,97.37864020695554
407,102,fit,1.1257828769193206,2.7908604802930643,17,17,0,19.996871755840207,0.08557323053041466,65,85,0.2628268301486969,0.6187615765489968,0.0,0.0,5.003904057406111,11.129453829775468,0.5269079026221974,5.027747162425548,136.015024679993
408,99,fit,1.123811750151103,3.577129666828179,15,15,0,5.305975676388115,0.2755670918682363,64,84,0.2532323896884918,0.3679286155845625,0.03798089,0.046787758303581145,1.732447637378567,6.858430777412061,0.17634910423843822,1.6827204602904409,46.74813324570465
409,106,fit,1.1396571816185335,4.620683163996948,18,18,0,0.4218922543398309,0.13980989878545308,70,72,0.2847926616668701,0.29571996851714144,0.018234113,0.0,0.10502281459834265,0.5778997739655104,0.002712844670791543,0.025885922431217012,0.5819081596052422
410,114,fit,1.1966258009215394,4.010135315141138,20,20,0,37.089469173504504,0.1647431433105475,75,94,0.32574227452278137,0.2802173704803339,0.15846388,0.2207665142732402,5.806797071417778,11.56631152155097,0.5720225087414463,5.458230045242808,119.1754750632867
411,106,fit,1.04014331139117,5.516370180834303,18,18,0,12.306326509422638,0.2041339140203357,70,37,0.28835198283195496,0.1262810034165576,0.0,0.0,1.7457580533525157,7.096947872010104,0.1997495511695514,1.9060071676483912,42.31998186764217
412,117,fit,1.1541076748153267,6.8030810544442675,11,11,0,16.114328311097733,0.05493202211261977,86,106,0.3837498426437378,1.553196011716236,0.049474537,0.0,13.902199219571825,15.706487112073807,1.421273145992742,13.561766660236087,297.85840820302616
413,96,fit,1.0703909044216413,1.2969992891554203,16,16,0,32.8431558928548,0.16957776699177088,62,80,0.25158628821372986,0.8814202478499201,0.0,0.0,8.181290215936334,14.964626812345315,0.8933440379703727,8.524275171473022,179.93153106441073
414,104,fit,1.0651297175413936,1.1911517378470013,13,13,0,29.119350864724233,0.5366996460058402,72,91,0.3049487769603729,0.8387846061574468,0.0,0.0,10.900046815489116,16.790052522306212,1.2192123184607986,11.633705328824414,246.17849669279212
415,98,fit,1.2671292493620445,2.378001660363757,9,9,0,9.89255690656624,0.31353230731856807,71,89,0.32422491908073425,0.9429147116780057,0.0,0.0,8.503031399941722,15.123856676197224,0.910365868741979,8.68669722082041,207.59564722938862
416,102,fit,1.0951803899099672,5.70856746898124,16,16,0,14.472106617166048,0.49247439951523037,68,86,0.2862299680709839,0.18435460913238894,0.3022567,0.3941452404003126,2.8108733561187744,9.140277738701403,0.2334812579914929,2.2278745991554665,62.988335538137775
417,98,fit,1.0355683005994136,6.484631533616376,11,11,0,4.748862204281497,0.1045658641506592,69,47,0.29756760597229004,0.16947436581221176,0.0,0.0,1.429965127868655,7.688486675484673,0.20015408131624898,1.9098671881321467,47.27135770306711
418,117,fit,1.0425454623975852,6.115773126156547,18,18,0,39.993144282325,0.23382349060335952,80,99,0.3335665166378021,1.398266907054018,0.0,0.0,11.92026362212717,14.907895818218856,1.2790972514233085,12.205126444878898,285.935443630105
419,100,fit,1.090056329895311,4.899022098266336,12,12,0,2.2969030154139403,0.23414331033031097,70,88,0.3021358847618103,0.5385443721958639,0.0,0.0,2.2963391573011647,6.4048746175753175,0.17259713714253583,1.6469192475432808,36.48447841136564
420,97,fit,1.0184321689740443,3.170887735212129,18,18,0,0.3502158163482171,0.5204675657262484,61,62,0.22191207110881805,0.22944037988251503,0.30570537,0.024081922338143026,0.12579494492878743,0.30468927944333773,0.0017523965119009325,0.016721340762413477,0.45330966597340183
421,120,fit,1.2076669567481595,5.321579418456709,17,17,0,32.17313649644433,0.2190966995675299,84,103,0.3852129578590393,1.7892759488174552,0.0960333,0.0,14.010113770709212,15.074250560434576,1.403392222830996,13.391147164417902,224.15050482910098
422,109,fit,1.1999740930447282,6.272303329301894,12,12,0,1.167675059459781,0.07661031806021598,79,88,0.3552643656730652,0.41077701680827866,0.0,0.0,0.5978248179182925,3.6055436295501897,0.05051458449740607,0.4820093940592182,9.62006766626337
423,111,fit,1.2891015299130397,3.8449550612988888,18,18,0,3.3183284444646595,0.1724004386804483,75,64,0.34402474761009216,0.2756472686947289,0.2933959,0.17136061118822432,0.7474842148197188,2.9554930838783338,0.08009598742525799,0.764274689172309,15.03170847436273
424,93,fit,1.0641613852042708,2.502264989339283,19,19,0,41.19633576269631,0.20777833924419195,55,74,0.2214217633008957,0.6600165256512138,0.21658443,0.043090479662879974,6.605424895651063,13.7542246999953,0.6942991622960023,6.624992006641243,183.5737341225383
425,91,fit,1.040610605193493,2.799310903515438,17,17,0,20.817946776462513,0.04181805059980074,56,74,0.2106562852859497,0.4313104407770576,0.12859412,0.0,3.7712949577478834,11.126765732110915,0.4095572484487519,3.9079890119155714,105.91910332682055
426,97,fit,1.073811261668496,1.2630655155344428,21,21,0,35.02079623350429,0.3633829854552366,57,76,0.21465136110782623,0.8356579841036406,0.08446737,0.0,6.665273881921666,12.38534859894497,0.6572910396510456,6.271861065372573,152.4195700354894
427,115,fit,1.3047178364053558,4.620932353624586,10,10,0,16.155765070454244,0.17229080623338708,87,105,0.4078141152858734,1.9484803530547297,0.23574601,0.352003888123722,17.041820087108697,17.879546703310034,1.8677077633483106,17.82163896324724,368.1311716525314
428,96,fit,1.2320515195716386,4.020144366205916,8,8,0,0.4338241594228559,0.08242950236499876,71,88,0.31935757398605347,0.3749661575438952,0.2659574,0.26433089685320227,0.6060082724954278,4.3600480736490095,0.06626898110162224,0.6323376059315099,16.505968090639833
429,106,fit,1.346927753782476,6.433663004228778,5,5,0,3.8026876265272955,0.0456388995868243,83,101,0.41477715969085693,1.417875187811335,0.21069461,0.21519300982255868,15.00308748766477,18.152149931848577,1.5952453757025087,15.221807020062105,317.63323237846873
430,102,fit,1.190692951874297,3.1179627361806195,16,16,0,8.193577256447757,0.13506940943180912,66,86,0.27505433559417725,0.5868065451812606,0.18920577,0.2478566875780682,3.3032636254551946,8.415252727374055,0.3320525884749768,3.168440729723061,75.85718733622352
431,104,fit,1.124988485574673,4.413396929196075,14,15,1,13.141679672537188,0.16584455562566475,70,89,0.2886941432952881,0.7137845153486841,0.26878446,0.40152787644361365,5.23017117199676,11.255193395779953,0.5827519507555659,5.560610217133262,139.24625074380108
432,96,fit,1.0354601519513618,4.6538186140646305,14,14,0,28.960030283329374,0.0682023909581608,64,82,0.2453627586364746,0.7494198650222275,0.3132762,0.24559986909823717,8.88368953407064,15.685998032156375,0.9098282530691106,8.681567300277774,263.69718536363325
433,95,fit,1.0211399866452566,5.0600525428142475,14,15,1,21.15086690726638,0.3304763569508147,62,80,0.23938636481761932,0.4042150523541369,0.0,0.0,5.150581866968845,13.048710450556873,0.5760624397628888,5.496779005371076,145.8342590172512
434,100,fit,0.9661823479254177,2.6632862012374874,21,21,0,19.428606110778023,0.37444747948704843,60,79,0.2117273360490799,0.24871868489495497,0.0,0.0,2.0710780968532476,8.346016401782217,0.23303350909582865,2.223602186028899,54.17212107056549
435,105,fit,1.1516126092579715,4.24302570147301,19,19,0,3.919722196731301,0.23903834047142827,67,86,0.2764396369457245,0.39690409336197796,0.0,0.0,1.2392725237510147,5.004246093035044,0.11462297642121626,1.0937306910421398,24.135803300141625
436,120,fit,1.208580796647939,3.1443433132082617,18,18,0,6.469415077348971,0.21339759884735265,83,63,0.39250946044921875,0.26725504127811617,0.027952626,0.0,1.3840194284753797,5.241505106217743,0.14117746849627527,1.3471132490102602,24.976183804007334
437,97,fit,0.9951504048481793,4.608325946560416,15,15,0,50.39830871322277,0.3339829288963729,63,82,0.2206590175628662,1.5757187642040569,0.19016759,0.14716051521902643,16.15091322359638,19.877766682182944,1.6309046904622222,15.562067657082272,488.9930212135338
438,118,fit,1.1356618807749232,2.622078194579436,21,22,1,23.89525521820868,0.19322111026767794,79,33,0.35535740852355957,0.0983966219620821,0.2137476,0.15346562630115237,2.6932625157803014,8.661384785610107,0.30467432351730017,2.9071977434856886,56.29111492212068
439,102,fit,1.1997395824805128,4.873923131498177,13,13,0,32.14973214647941,0.10434162235523024,71,89,0.3155277371406555,1.971382686786577,0.0,0.0,16.923635177159777,19.31343323706403,1.7157537734551846,16.371696311595272,332.1696444556919
440,96,fit,1.106302105998825,4.734943667292945,11,11,0,17.9590391190813,0.0454190491881707,66,85,0.2648017406463623,0.9563524439976544,0.0,0.0,9.812757901731054,16.096337659318614,1.0180545975864725,9.714261427351836,278.23890952612464
441,108,fit,1.221715711553486,5.70420766785953,11,11,0,8.357548720099425,0.09955398949054808,77,97,0.3576728105545044,0.365400999610604,0.33609712,0.47172306115715684,4.105472614793479,10.491556330806942,0.4188603782070328,3.9967593340365726,95.19090817644594
442,100,fit,1.278233600362564,4.352786671166762,9,9,0,0.5132933739222946,0.0526790710308612,72,91,0.34077659249305725,0.396128013049906,0.09194217,0.042797664633594815,0.6361884516828542,3.9626892099182447,0.05446004171067177,0.5196568865522115,12.33637778485895
443,99,fit,1.1295750509382152,4.175055521020738,17,17,0,4.4289176015164635,0.3641801839638324,62,82,0.2520867884159088,0.383407639472393,0.18974248,0.1641599061242651,1.406260186447699,5.905628923778745,0.14464864327954552,1.38023514579719,35.52533584934447
444,100,fit,1.0925040723010477,4.484622025386712,15,15,0,17.413739067322744,0.1168508289071224,67,85,0.2720962464809418,1.011502105224239,0.0,0.0,7.323481636993213,12.815383310333077,0.7951877231648057,7.587669114167993,211.81662700889757
445,103,fit,1.171573038895502,3.3189798105897426,21,21,0,10.969943342294865,0.11165803322198374,63,82,0.2556195557117462,0.31041429862924297,0.0,0.0,1.4729769343483041,6.559743610674386,0.15508107388344428,1.4797812393458423,36.19648286082057
446,100,fit,1.0546435968535608,6.094529460700778,17,16,-1,9.045148270210515,0.6188790818158615,64,84,0.26114723086357117,0.6445181703134497,0.18194585,0.10626280663135841,3.6908151266804365,9.008578389146884,0.36429086973132846,3.4760579172836685,83.92558728799284
447,102,fit,0.9315472029443203,5.935120464038766,16,16,0,12.618701505121198,1.4875132649167142,66,86,0.2529432773590088,0.6795354337015382,0.0,0.05943545470986134,4.503262315096936,9.9149015692652,0.46121775738614584,4.4009327994861245,111.69933222677466
448,102,fit,1.1171987530040315,5.3982193935443155,16,16,0,3.381177521322775,1.2127297865046753,67,86,0.28281089663505554,0.43381842436062185,0.23817715,0.17659187480169733,1.5943779565692686,5.857216558922173,0.14135739327180397,1.3488300884714117,31.72874378580922
449,114,fit,1.2161714990941048,3.2581844571176797,16,16,0,9.281836403189292,0.12345489048704307,79,98,0.3375644087791443,0.7853518081845143,0.2784532,0.33338007464602143,4.3964993228501035,9.13532224350368,0.496554677086206,4.738117147769141,106.8642086681712
450,375,fit,1.3407939109745708,6.74964707953674,13,13,0,23.628833044498684,0.1466026790657001,91,362,0.46596717834472656,8.052245432935068,0.0,0.0,78.77053706974144,15.03251514783124,8.290273581024929,79.10566394107757,1256.7644018117292
451,99,fit,1.1129573783167492,3.397408617489898,10,10,0,3.2530821615761814,0.14865392649647372,71,89,0.2978026866912842,0.36051613017003337,0.09528642,0.2696699793628222,1.6005617726307113,7.798401810195948,0.21371353694914122,2.0392513067666145,54.92115368182342
452,87,fit,1.1872792653984414,2.039995629856984,9,9,0,11.462284834596748,0.06737218475998719,59,78,0.23069939017295837,1.2688769854766617,0.0862066,0.0,10.526648595332126,17.42686703861497,1.0889876226720532,10.391103269771499,335.2813093741396
453,104,fit,1.1095534333105952,4.7745248620345,14,14,0,34.453595051450975,0.2182833066568251,70,90,0.2696857452392578,1.1258032732323984,0.28918058,0.3122851755907587,12.891356356506702,17.063151407583526,1.3451316588402977,12.835225752292917,328.47239017801724
454,229,fit,1.3640889060286345,5.364997759197587,13,13,0,1.6402216560594443,0.29834601311117287,80,75,0.3990793824195862,0.3544915533982581,0.13631599,0.2989301149777874,0.4489309310816575,2.555209994517373,0.07532448788432537,0.7187451134000512,13.23381348215413
455,92,fit,1.0317643571597457,2.960056383803287,16,16,0,16.487132119305706,0.10681839532854262,57,76,0.20548798143863678,0.2827830508430954,0.0,0.0,2.9722080534571944,10.218656653418314,0.29019893239982003,2.7690737824410308,92.02641270639823
456,80,fit,0.976372894761127,4.788406951928238,11,11,0,0.577803512490909,0.049901072785310516,51,58,0.18091268837451935,0.1889002727207486,0.06668802,0.0,0.10758777475671806,3.551732378520023,0.030422654120249668,0.2902925011474205,11.553212994617722
457,94,fit,1.0785378798425023,5.886019750176317,10,10,0,6.670364222377436,0.07270094174651094,66,84,0.26599058508872986,0.8430023878109821,0.099673264,0.14205413825513047,5.741388463334955,12.051225482088737,0.6004682409632497,5.729658787817268,168.4922445116001
458,98,fit,1.192273551466311,5.700074906374019,9,9,0,8.314782020631482,0.038460339527979205,72,89,0.32384055852890015,1.0325398503919905,0.21699183,0.1348447378595032,8.71217436912288,14.323348199664974,0.8928113470248834,8.519192242603848,192.17102575313177
459,97,fit,1.1367168886948007,2.8380841459164903,19,19,0,30.27965068303415,0.28932583337668083,60,78,0.2361467182636261,0.9858853108975986,0.21140274,0.14365762325525758,7.519417005038752,13.18400639697743,0.7950368782412295,7.586229754210205,196.8862271045885
460,99,fit,1.2376198389227957,4.624672722972965,13,13,0,3.2468553243783234,0.16131632021755088,68,86,0.3066323697566986,0.5576135410688488,0.24093588,0.21928741492587367,2.5220139726585047,7.017132024940638,0.2139659841542667,2.041660154143766,44.09652649770082
461,85,fit,0.9838150705847054,1.8644723227790188,16,16,0,0.41850499972797517,0.2298744419185286,51,47,0.17271028459072113,0.14604074412693507,0.21200962,0.11768521594532294,0.2784695955011275,0.5355121645561814,0.0032807214586128863,0.031304594070733646,1.116158603718665
462,94,fit,1.0988708937952627,3.181530453145417,15,15,0,1.8820842570709706,0.31413300535088395,60,52,0.22785483300685883,0.18901154480411392,0.0,0.0,0.3933172844835173,2.7631264912392317,0.047740541329035706,0.4555395164984323,12.881838761599791
463,95,fit,1.2753643986295249,2.0484770885716475,11,11,0,4.053546145043824,0.07222833745984575,65,84,0.2721385955810547,0.25595695267446855,0.19720091,0.31772674693894565,1.5897401527877815,7.48968795265175,0.15957701953688763,1.522681484130607,42.07421187922469
464,94,fit,1.1801423585023405,2.043963217220869,15,15,0,2.1603013701881326,0.30299045745706715,62,51,0.25546932220458984,0.18472428139519767,0.071412414,0.1565547379657494,0.699212142458217,2.970257987923641,0.05675326308678074,0.54153876991203,14.34981205275469
465,102,fit,1.3521362414837907,2.4947144485119863,6,6,0,2.4592693336856635,0.03226867998349877,78,96,0.3643028140068054,0.7376170423024687,0.03685858,0.0,5.92894779094357,11.935372200162728,0.613811634059109,5.856981241022032,136.31604394283463
466,115,fit,1.3267987916761732,4.8687287106801636,10,10,0,0.7896698232996641,0.09583762521210569,86,90,0.4354390501976013,0.4237030488238351,0.24290656,0.287540315802533,0.9441429590508397,3.3379116387393304,0.04070755780431812,0.38843089507937134,7.809882111510188
467,99,fit,1.2112949698758608,3.00557472516769,13,13,0,11.58183769373541,0.16394445490583326,67,86,0.2980082333087921,0.3601172134200447,0.0020612718,0.0,3.578366485560565,10.52859422541563,0.3793204201801433,3.619469658207474,85.26219249525384
468,99,fit,1.1361622300956074,3.8379708857222252,15,15,0,0.8198469746852275,0.15953333586643959,66,64,0.25660738348960876,0.24779835258712804,0.26124516,0.37541431478817694,0.07547992388230244,1.3197206276766136,0.01886400885360165,0.18000008448093177,4.552118849307812
469,134,fit,1.1134711952342466,3.8580216712676854,21,21,0,57.22838724514926,0.29564592632817555,95,113,0.30654215812683105,2.3173596763612045,0.17490575,0.2405211183161179,19.880301210780924,16.177627778063897,2.10571369311339,20.09268791138731,446.31997537567315
470,101,fit,1.145263150561732,3.048449985264329,19,19,0,41.665330155680486,0.2597342451824807,63,82,0.24041345715522766,0.7750429772397187,0.06456026,0.0,8.069650637961328,13.841002049330193,0.8003527852936895,7.636954058145892,190.94827020323862
471,116,fit,1.1820181721349148,4.278680542574304,17,17,0,6.3746265426537025,0.16134325242906336,80,46,0.3204008936882019,0.16156991337858112,0.26373357,0.30057752850442343,1.6318010384283936,5.126383216178328,0.1336482093850436,1.2752691735214083,29.110155002459706
472,84,fit,1.0240271229513815,4.404691762193766,11,11,0,21.884382089171844,0.04513968701585019,53,73,0.1831897497177124,1.0255942461631,0.26676387,0.1695786158035866,10.02469095289734,18.179915282632546,1.0679230985212622,10.190105901920441,357.6129307340598
473,96,fit,1.1177448166373343,3.293414768258325,18,18,0,11.684124508638543,0.8545235049882165,58,78,0.21733826398849487,0.2738253783474628,0.058542863,0.0,1.5396233279740315,7.63310186231929,0.18617376444255362,1.7764672179632979,46.00590713238008
474,103,fit,1.1616041058969508,5.05753025646041,13,13,0,2.2475732484283104,0.07807354240780377,72,72,0.3129861056804657,0.2845072481047566,0.2923196,0.3985824614843256,0.6892050085724556,4.592560292496791,0.07945014707970431,0.7581120904551938,17.943854954402028
475,100,fit,1.0786140386187064,4.491917909296024,17,17,0,2.461040916072808,0.05850614165318628,65,68,0.24216309189796448,0.24836812889490165,0.05595859,0.0,0.29290053632417423,4.245859753868051,0.052275064694828156,0.4988078692254595,13.823024498894826
476,85,fit,1.1021465277197366,2.8636725986969647,14,14,0,5.5699307887450535,1.1770478629076842,52,71,0.19647011160850525,0.4058301251112808,0.0,0.0,2.2061327195719183,7.97277328378961,0.2062830450541884,1.9683496665475992,59.29322805509098
477,97,fit,1.150552481864944,2.2990349271312716,18,18,0,39.28572041395154,0.14437575743356232,61,79,0.24498526751995087,0.5685982704606283,0.0,0.0,6.690825627705481,13.86707815911141,0.6913758359604847,6.597097671378671,170.97543823575856
478,100,fit,1.2103825738135703,4.702800682261482,16,16,0,32.2210082582738,0.3559906930451284,66,84,0.2917494475841522,1.0214628409820996,0.0,0.0,9.313000690479193,14.797347290267517,0.960461961138738,9.164713369644447,195.02758616992296
479,93,fit,1.1095524573016142,2.535792315068708,15,15,0,0.28742466260126426,0.19306342551828815,60,59,0.23903922736644745,0.21428219625763226,0.0,0.0,0.24686925035869223,0.22404349912932098,0.0008167618354190379,0.0077935289639221176,0.2288823423468367
480,95,fit,1.0709718131974253,3.0414686639882427,16,16,0,38.42011226899646,0.16507859441378955,61,79,0.24125505983829498,0.5611774618391603,0.0,0.0,7.905125562220051,15.388298040931991,0.8356285343488872,7.973554717069534,215.99965780567004
481,109,fit,1.209932794058459,4.364762258576682,15,15,0,0.8942458097557882,0.2153320220196122,75,83,0.30282437801361084,0.33262285570626454,0.19250259,0.37767057654642033,0.3694684195704722,3.8848295128887145,0.06447868509165723,0.6152546287371873,15.030097051523777
482,106,fit,1.2202920730659528,4.405913548850533,12,12,0,8.069648412353631,0.07105638807169037,76,94,0.3505602777004242,0.5868273439117386,0.0,0.0,3.955921830292359,9.898979736968101,0.4170942330126103,3.9799068035554415,83.88130690649336
483,97,fit,1.0509106866237348,4.259353837348516,17,17,0,68.1911512084628,0.18333485367862837,62,80,0.25292250514030457,1.2807544714690284,0.25450644,0.0,15.138079102345873,19.59212854966842,1.5432660773061846,14.725821348341455,434.4245134038562
484,104,fit,1.1845815088779414,6.193913171652925,15,15,0,1.2766664635975962,0.15729688429031882,70,75,0.31544601917266846,0.33659043530185034,0.0,0.0,0.19025081735508148,1.9535375032832683,0.036365576945547616,0.34699978001476733,7.01651905468815
485,92,fit,0.9816076278276852,3.2915494004225576,18,18,0,1.911014402493902,0.4479169702966809,53,44,0.19398322701454163,0.13610997583218656,0.07330662,0.0,0.5761300056779708,2.1979105406751014,0.020833485453516428,0.19879280012897355,6.628186564611595
486,116,fit,1.2325705544722,6.178007058889694,14,14,0,40.748932939676294,0.07945917274844436,85,102,0.4022326171398163,1.770479119936666,0.0,0.016921504947129413,18.56019685869586,18.736598266967146,1.9535806943898117,18.641037160208125,361.58342170053277
487,100,fallback,1.3123972415924072,5.142692285499569,3,2,-1,0.22328240959147133,0.02835977299657595,79,82,0.3847613036632538,0.38112968271489817,0.1432468,0.40062622059724207,0.13882275467639724,0.8046097924822712,0.008681015722807807,0.0828341194924409,2.0426149208834885
488,100,fit,1.1316770003051573,4.526810450592883,17,17,0,25.279119234852267,0.37867126803137036,65,83,0.2631889283657074,1.0393881658698947,0.25907627,0.4298320002966241,8.023212874216126,13.377244258277088,0.8444412208556382,8.05764523717212,210.5482546202014
489,94,fit,1.167015790193966,3.355939863821879,11,11,0,14.705212750015194,0.1094871645114695,65,83,0.2773894667625427,1.0291864001886595,0.16448167,0.16890482113220145,8.798600813708708,15.28345968506135,0.915248073805211,8.733283146996287,252.61491060314899
490,106,fit,1.2531577001052696,5.583717163358848,12,12,0,13.243477492126607,0.09636725798163598,76,94,0.3560332655906677,1.3116067900608332,0.0,0.0,9.737304831362009,13.95367020619183,1.005597482031934,9.5953958209154,195.39422427631754
491,104,fit,1.1335525768996222,4.4404840175240805,16,16,0,0.2709000900189332,0.21662378178305058,70,65,0.2909969091415405,0.24623875323846844,0.2640507,0.27627247135278005,0.5194383837740983,0.3254702655381314,0.0011639612964202818,0.011106500920040856,0.28464048103711787
492,96,fit,1.1588378645953,3.7294452795355353,16,16,0,3.287931574324036,0.1629393763859385,62,80,0.25377824902534485,0.39313807191666195,0.15963301,0.06585022347551175,1.3679399050016003,5.910601307428465,0.1481710401485329,1.4138458029440162,37.12538958276785
493,100,fit,1.1289417915481945,4.66734118624583,14,14,0,2.1528831615216326,0.14240500280859145,67,60,0.26622986793518066,0.2172561417032962,0.31482765,0.3992423303822011,0.8521927883109903,3.4872298416438654,0.05968880676366918,0.5695496828594387,14.539584114015423
494,100,fit,1.0514410418529008,5.257881276803424,16,17,1,3.3482290538973642,0.4168434432841872,65,53,0.25734275579452515,0.16456320807698865,0.3025854,0.3633471167213957,0.9621682772973769,3.9828829792622216,0.05829132171430879,0.5562149018540915,15.664738737280885
495,104,fit,1.112340228199835,5.096932353772974,17,17,0,4.04425599133716,0.24877879040753242,68,66,0.2794676125049591,0.2598887837597583,0.013153924,0.0,0.541752185367812,4.659524215002111,0.075589370545344,0.7212726197074808,16.738503662767492
496,97,fit,1.1471990874698146,2.196735660475496,14,14,0,16.406943432052564,0.13565666177487068,62,18,0.26161161065101624,0.040116631369623415,0.12136535,0.0,2.319662456712764,11.215702295132736,0.38549892822291526,3.6784248876232373,105.29425505763646
497,96,fit,1.1061479716094182,4.4179267391978385,12,12,0,0.25713888014543684,0.12199432594790707,63,62,0.2473594844341278,0.2352333701558612,0.22051038,0.31980232287033084,0.11741877184073045,0.7921315608850977,0.0022317762861264624,0.021295575249298305,0.6265106869775712
498,99,fit,1.1447181809301692,8.094959477156552,12,12,0,1.6726192979478591,0.1074306599480529,69,72,0.3022070825099945,0.29932722723731303,0.0,0.0,0.18256369104687406,3.901661839629951,0.05027376046851514,0.47971145485224365,11.477632527019017
499,116,fit,1.297155658446774,4.919748679960581,14,14,0,12.44517635333105,0.1766820553337864,83,102,0.40650126338005066,1.260167135367284,0.0,0.0,8.293826308092678,11.96125055220933,0.8591162003603983,8.197673667561052,152.23728256511154
500,112,fit,1.3026935253379544,3.695108550579911,18,18,0,18.258191764162202,0.3574940783182175,75,94,0.35773929953575134,0.7639055720432368,0.22572367,0.3748751133491566,5.025393774184359,10.310164556759437,0.5561809930667861,5.307070544530402,109.81386243566654
501,117,fit,1.2407515179697384,3.472111986428642,17,17,0,2.735269843324396,0.3374110632154783,80,63,0.3501400053501129,0.26794545716940826,0.0,0.0,0.8397811031879582,2.899770097664978,0.07748665159769537,0.7393764465428947,15.093428410936115
502,116,fit,1.1737851712650869,6.98297865607347,19,19,0,43.40684467747164,0.255036418596986,78,97,0.33219587802886963,1.4911560415923484,0.2851385,0.13270222292007958,12.486541813876654,15.080947232499247,1.2976091954289743,12.381767131955861,238.15977527152185
503,108,fit,1.2621922236685676,5.8862354789614635,13,13,0,0.9743205315060154,0.1636354230571111,76,95,0.351633220911026,0.43120244260976875,0.26448184,0.28849980664926134,0.8913286481217271,4.112263620597024,0.07183768539877407,0.6854740973165464,14.485904186515224
504,102,fit,1.0872576197383896,3.3477358866649403,15,15,0,4.460451883087323,0.15899488011680854,67,87,0.2649043798446655,0.36296158635061093,0.058323283,0.0,1.360533062776748,6.303153820658951,0.14728593931230172,1.405400184277688,37.75311092591459
505,97,fit,1.1021201518268549,2.567735290250371,17,17,0,29.77587750547195,0.23622175246635474,62,80,0.25025036931037903,0.30113409689366594,0.18525253,0.2846066760655654,5.288513789782147,12.425958884773948,0.532757958086186,5.083568302349103,136.59059945657768
506,106,fit,1.2255365702638028,2.8185259145536627,13,13,0,9.176389252469928,0.10037736208667242,73,93,0.31331223249435425,0.5085269118689717,0.0,0.12771391966240245,3.6451612238359425,9.811883603348432,0.3896891352469513,3.7184077790739627,90.78698144315882
507,202,fit,1.2300997818127795,1.5496595142247014,15,15,0,13.4646602537287,0.15569982552132328,74,187,0.34236571192741394,0.6092115414894919,0.0,0.0,5.837707628856216,9.26160767684873,0.6736005029252635,6.42748571493572,116.52949116071925
508,110,fit,1.221342312822378,2.042088351222403,13,13,0,1.914112650850478,0.15790672319523638,77,75,0.3515234887599945,0.3453329856570913,0.35115793,0.23551583150961092,0.518393803419294,3.835023076244182,0.08062281376712493,0.7693016580832531,15.034712253244768
509,109,fit,1.0423406336875312,6.391953625013694,18,18,0,0.5904180310182618,0.8263018208808806,71,76,0.2819330394268036,0.32656397676513543,0.0,0.0,0.5264907693976393,0.27241631408174644,0.0004254037772250874,0.004059196347567628,0.08695275850463119
510,109,fit,1.185585574722005,5.355451862096132,18,18,0,6.865619516943049,0.2187001536357251,73,91,0.33974751830101013,0.594947743387777,0.1888805,0.14161959986637002,2.618773521549569,7.0969325363534335,0.26346576581859815,2.5139863150629593,52.166455375427844
511,99,fit,1.2421066157888332,6.384405360974985,7,7,0,0.9381196481754608,0.07220898491583537,73,49,0.3297909200191498,0.19213301627281737,0.35750413,0.4543124290444104,1.3463997627471551,5.293277810608032,0.09815686661727063,0.93661132268388,26.909981709873342
512,101,fit,1.140532354538918,5.689205724457621,13,13,0,0.5471009455157276,0.7787393495397029,69,70,0.2996964156627655,0.2703466246022908,0.39216885,0.41156561725769275,0.2893192403337255,1.0283533285574127,0.007881565535788402,0.0752057780132481,1.9337421962389498
513,95,fit,1.131780375813616,4.6861253352054515,18,18,0,0.5421072499483286,0.4785165847016142,59,58,0.2352011501789093,0.2117200915633807,0.17940257,0.14303351304443868,0.2338257618136951,0.3922838738498823,0.0036226823285211134,0.03456757947062131,0.9443364217508349
514,88,fit,1.024038546533292,2.5759011168612593,9,9,0,1.193602648113753,0.057513560242395054,60,79,0.22180522978305817,0.3360359978485031,0.08382386,0.005938520401654519,1.1079369534135948,6.268546234042213,0.14317854327852259,1.366207474031704,52.70749103763836
515,87,fit,0.9524782676774864,3.506714430835876,17,17,0,8.687683280811036,0.3589687866274866,51,70,0.17654888331890106,0.21049615782852854,0.16337222,0.27051147903033623,1.1513176994776964,6.791454692926784,0.12368549558551785,1.1802051105488345,36.18341081370981
516,94,fit,1.0241939767441501,2.108661467601016,18,18,0,57.929174240501425,0.12662553127321005,58,76,0.21226947009563446,0.9871568095411078,0.1629058,0.019613753484576165,10.742352708979569,17.243555217015206,1.1169686845379214,10.65809813490383,325.16979891633935
517,101,fit,1.2328652987608733,4.610552098133415,10,10,0,6.561254691792724,0.15160083441468983,73,91,0.33642473816871643,0.9729896441763953,0.14449419,0.3054511293737492,6.541016529808035,12.086866976720419,0.6870448168231389,6.555771152892547,149.68086327678026
518,107,fit,1.2456975679122275,7.132795650750908,7,7,0,4.3075833018344785,0.14748070238863079,81,100,0.39231330156326294,1.0648368468786749,0.0,0.0,8.389480989563086,13.588114253933444,0.9033254418157571,8.619517574577834,181.40717732203709
519,109,fit,1.190297004467771,4.77572505970366,10,10,0,18.48465117775846,0.10617241199760398,80,99,0.36360788345336914,2.377909306049261,0.24192162,0.16313320596468997,20.195923204886995,19.71284041030174,2.1095041916423742,20.12885679048067,490.155914706002
520,105,fit,1.3095746098661392,3.4656422390025274,9,9,0,5.635687558615275,0.1200934658308358,78,96,0.3684915602207184,0.9709750060813322,0.29188725,0.2774808682870192,6.783316785773565,12.098367185815107,0.7162879702767878,6.834808876686906,159.649186996592
521,102,fit,1.1473213760860599,3.8815807820726125,13,13,0,7.888796933018009,0.078404500402898,69,89,0.29615479707717896,0.5102482084895621,0.1646153,0.08599939929160018,3.1235304626720497,9.33769965219653,0.34312363118382616,3.274080450227349,85.88992953183237
522,108,fallback,1.2654222249984741,6.080557824616457,3,3,0,0.5238089185610646,0.06496329104443524,86,105,0.4131554067134857,1.2928314002840178,0.0,0.0,9.369096025798058,14.003707204255056,0.9931596776635434,9.476714481522361,233.67604664835918
523,106,fit,1.1716414515837883,2.0082376939575584,19,19,0,6.409910806280622,0.32135322389537335,69,74,0.2971439063549042,0.27661043539010494,0.22077668,0.24908523889156817,0.9285459540272787,5.43635426777394,0.09871847923677907,0.941970221724991,21.454838283893185
524,100,fit,1.1331096020230862,6.832841588293884,11,12,1,22.759120419032634,0.11422601743039523,71,88,0.3131917119026184,2.0326004751726416,0.24975353,0.0,17.091317009225644,19.74070464509087,1.7374404517456845,16.5786302647489,369.4024377365151
525,106,fit,1.235559259949717,5.546408306406672,16,16,0,5.574353014853491,0.5986144727480186,72,74,0.32752493023872375,0.29611893983896914,0.16602232,0.02893124131629138,0.8189123712137254,5.796482130763565,0.11793663160322992,1.1253495381987588,23.81060132229475
526,99,fit,1.0687382946612527,8.338827727166358,11,11,0,17.00050815607072,0.04551073765392354,70,88,0.28910139203071594,1.2449301597992446,0.0,0.0,11.264302235374581,16.456919264194024,1.1751035016883744,11.212819672598991,290.15136118227844
527,96,fit,1.1428926759930396,1.9587402606167288,16,16,0,0.6157161841338873,0.0896009663734032,62,60,0.24853433668613434,0.22546930035964155,0.06593575,0.0,0.22622863965254952,1.2224720895648495,0.010574496636071937,0.10090168545870169,2.7231360657613606
528,93,fit,1.0363937739836813,3.9952352675635234,17,17,0,4.412103709709686,0.07993872561283087,56,60,0.212155282497406,0.20247974313643421,0.19491312,0.17017326324798038,0.6259685153197717,4.925313313320402,0.07045007704254941,0.6722335595663111,19.82673958599017
529,101,fit,1.100443586166188,4.903993464363161,18,19,1,59.08750338058135,0.22301831565366903,65,82,0.26355648040771484,1.3206771973134868,0.21697521,0.1283960247455632,12.977080518529371,17.716497130737483,1.3760970509422474,13.130697050975643,264.7207247982569
530,121,fit,1.1233411170883063,5.433482696771857,15,15,0,37.600042657208206,0.25864461187195353,87,106,0.39718955755233765,1.1053411305457375,0.078774385,0.2099072790405286,14.2362513437169,16.269631270381133,1.4705899179432813,14.032346545260317,292.9754942596884
531,102,fit,1.1833074062679447,3.840813178069372,14,14,0,4.982469308344355,0.13334387351549146,70,72,0.3043098747730255,0.2782621075359893,0.24549676,0.26656812169604965,1.4002846653141743,5.8976297434273475,0.1345814804984072,1.28417443223671,28.71115761493003
532,123,fit,1.171590609941971,5.100642301775193,16,16,0,4.8813110955354375,0.17945061270286983,88,107,0.40472280979156494,0.5085440473620861,0.06722605,0.07320912218865984,1.9610704781412047,5.905074544859291,0.2046872600495248,1.953122710396229,38.567814619474454
533,94,fit,1.0404428883559222,4.752040061613937,13,13,0,13.585899834548409,0.12577713892222844,62,81,0.2381909191608429,0.7422935265012938,0.16288967,0.31646367920812596,5.793845473318464,12.545812390776161,0.5962857620280374,5.689749637672112,153.48672184879575
534,383,fit,1.3781827390186456,6.271301866016669,12,12,0,9.875629760444612,0.1468571098110268,86,371,0.4336966574192047,6.909079794629071,0.0,0.0,62.155015942654714,12.517544419616092,6.495426329478856,61.97925886907305,1123.7220453235107
535,107,fit,1.1449209178303257,3.018699977477005,12,12,0,18.081647740239795,0.10362763101667942,76,95,0.3032070994377136,1.653355981507932,0.20760994,0.44422918170792663,13.409688555501717,16.191124924819277,1.4077591294759253,13.432816120953484,354.5327314107296
536,96,fit,1.1562950861334247,4.394980468908004,11,11,0,20.522061969636216,0.052426248990082906,66,85,0.2727242708206177,1.1300140545549457,0.29861274,0.4048801497900636,11.116195820543087,17.42087341855265,1.1664818964925567,11.13055244744806,311.62155535886967
537,232,fit,1.3175213480832848,5.4074323054605,9,9,0,3.0701477597918645,0.03873810546427851,88,195,0.419182687997818,0.5392257934685803,0.0,0.0,3.9498514074394873,7.939265782691429,0.41505768135912263,3.960474058770254,76.72733895438988
538,102,fit,1.2465957372152716,5.317028167073658,10,10,0,5.911790740961524,0.07151845035958936,73,92,0.3445344865322113,0.2238115729493562,0.06350216,0.07583665885200193,3.032145428916862,9.482076715404457,0.30924797762140643,2.9508394811202905,69.3854256656639
539,105,fit,1.2650509928017757,2.2435317232495424,15,15,0,2.1674166768551615,0.12252129501036126,71,90,0.3097085654735565,0.3382835434198221,0.13050312,0.03673303281176572,0.688951802507214,4.700335047213317,0.08724834637649212,0.8325223890886653,20.699235634689526
540,108,fit,1.200336092064826,3.6561517739604183,14,14,0,11.63114391868969,0.10576143543629281,75,94,0.32902243733406067,0.6330790485830587,0.2427439,0.34956152016164604,4.641141555425254,10.466736920315789,0.4851695257179744,4.62948020723258,108.62778202660391
541,95,fit,1.0115748343853759,3.250852214863023,23,23,0,11.989216892977135,0.2473830254742778,53,34,0.1870480477809906,0.1007846978951643,0.0,0.0,0.9497191854791885,5.262796579355532,0.10187912700808333,0.9721290745046118,26.151742355425817
542,95,fit,1.081862817244131,3.6195738067140373,19,19,0,48.92806961306674,0.274949227472694,57,76,0.21924322843551636,0.6317820234979256,0.0,0.0,7.41208227348569,14.7807545257237,0.7740288074446766,7.385771063403403,196.4960518978292
543,105,fit,1.0886286909201732,4.757679786453732,20,20,0,0.7898659875865974,0.6701423559797556,68,64,0.28311440348625183,0.24606700293195297,0.22161444,0.28973075300007084,0.436566915951292,0.8459716323715017,0.003718862982421568,0.035485333801732515,0.859081006456465
544,102,fit,1.0890084962374271,6.460135493323694,17,17,0,29.601997560377097,0.2827024227342895,66,85,0.28803128004074097,1.2561005371495624,0.0,0.0,9.837991050446117,14.386203127450676,0.9484234710449758,9.04984228096351,175.46525284820186
545,102,fit,1.0293722259078972,4.832038748873495,16,16,0,0.48039373124982016,0.10187905487954874,68,76,0.2792367935180664,0.3124467545765177,0.2370906,0.25376104240857983,0.4665869362963437,2.099400938987998,0.015016077884135604,0.14328318591732447,3.3890790878072976
546,105,fallback,1.2446202039718628,7.389615959839367,3,3,0,0.6268267584226094,0.015948608502560694,83,102,0.38753601908683777,1.0319263506799705,0.0,0.0,8.464257836967148,13.993514583925892,0.8729834882188601,8.329995116592176,204.87359013827432
547,104,fit,1.1577000984313417,4.438289269852934,14,14,0,32.85130395417238,0.27599733492027373,71,90,0.309291809797287,1.9581495069478023,0.060809977,0.0,16.449160166239466,18.468583164762435,1.6864408295750375,16.09199264861677,330.9166656854365
548,91,fit,1.096912845752458,3.6942103077466566,15,15,0,0.7591496993738499,0.06480160482095111,57,70,0.22358351945877075,0.261273275615895,0.017151024,0.0,0.3686084983322746,3.504128619907141,0.0414773036056032,0.3957757977633893,11.492880322927258
549,102,fit,1.137203766508594,5.017749842592159,15,15,0,7.725327926369635,0.3225669962282565,68,87,0.28662389516830444,0.5033972737803228,0.2568955,0.19873967408380067,2.660680646016107,7.9510449202232065,0.2499133474190122,2.384669345601261,54.57746194119602
550,97,fit,1.0398767239935665,1.2188339491330513,19,19,0,7.658037674220244,0.23755979170464803,60,50,0.23643901944160461,0.173233238413364,0.29349235,0.3383967953719646,0.7274585455168362,5.378884638461332,0.09237885516167389,0.8814776255884913,22.469165956743414
551,115,fit,1.1842809969884485,4.084552060902117,17,17,0,3.684107612960339,0.12172602561216808,78,98,0.33414602279663086,0.4415696973682641,0.2907605,0.3008582199419207,1.0407941840070285,5.58205034591787,0.16417365736409162,1.5665425321001107,35.426126645507686
552,117,fit,1.111495393196504,7.58579028028154,11,11,0,22.259230600871373,0.17868086503226208,87,106,0.3743981122970581,1.277045977092506,0.0,0.0,15.732893177518118,17.634586394421774,1.6319323024067864,15.571873114568572,351.84264591649406
553,105,fit,1.3787550157667694,3.3886811210214134,5,5,0,1.4695608356693457,0.059919833332448165,80,100,0.3665384352207184,0.9731494070620795,0.075018436,0.11939716354745195,6.700244030690708,12.370713857304638,0.747079691922036,7.128623014523244,181.9347377362808
554,103,fit,1.1635249498886209,4.4384254255012126,13,13,0,6.957213751246966,0.0396465837748447,72,90,0.301760733127594,0.24112636000365417,0.2619271,0.25021001443643404,1.8228128648969009,8.036055419231783,0.1998371036834621,1.9068425923994474,47.296599037870074
555,117,fit,1.1593482591070914,4.83174483015338,15,15,0,14.24995850232224,0.16590008082137425,83,102,0.32148122787475586,0.3511021768986953,0.2542824,0.30241432236067384,3.9990336809235685,9.683250723719281,0.4578124747516586,4.3684396445768945,96.00195670432394
556,102,fit,1.0526437226785152,5.289668367784672,16,16,0,0.6303997715541442,0.15890166882739332,68,86,0.2738252878189087,0.3702671256200767,0.11962916,0.02450835296281236,0.9970697246444166,2.009654335975741,0.014235647784205057,0.13583633381875054,2.8624411289987663
557,100,fit,1.0606066790658528,4.3242417590158055,15,15,0,3.7131820998249148,0.37523974972191193,67,47,0.2637248635292053,0.1604292802803677,0.2976652,0.35003233444722015,1.072015062830556,4.45619121645333,0.07959684155207053,0.759511846870902,21.53847658915826
558,96,fit,1.1588378455048833,3.7294478780297307,16,16,0,12.085965414932744,0.16292805566603907,62,80,0.25377827882766724,0.7042544862286152,0.15963301,0.07509125790585332,4.497524069241804,10.252891665984299,0.4722671946417596,4.506366361085492,118.33030093591425
559,100,fit,1.1289418710349381,4.667338880744321,14,14,0,35.069664529832,0.1423993555509046,67,86,0.26622989773750305,1.7076107083241305,0.31482765,0.40725057817712523,15.41868367938143,18.583134073960835,1.569860852830061,14.979588290363177,382.36683244863144
560,100,fit,1.0514408041118293,5.25788189865812,16,17,1,56.82100456184652,0.4168371822371264,65,83,0.25734275579452515,1.274769667135467,0.3025854,0.22960510338906223,14.949352792694937,19.04976563950313,1.5397981730007566,14.692730658404166,413.7929754646494
561,104,fit,1.1123401945021394,5.096934057237815,17,17,0,15.625106061562533,0.24877144669712706,68,87,0.2794676125049591,0.28893091762718026,0.013153924,0.0,2.8549655053029737,9.147860393217234,0.31736735833187324,3.0283144878995536,70.27779377200218
562,107,fit,1.150213294596094,4.19834395267483,18,18,0,14.986678642096432,0.2480787004283649,70,89,0.3025803864002228,0.574513956776763,0.00587207,0.0,4.02222055460568,8.8304793464135,0.36621611630893725,3.4944285907341337,66.12250212003065
563,367,fit,1.0568148583866612,6.117546753036621,11,11,0,9.70831499269769,0.6101185243657745,80,356,0.36036744713783264,3.5004894146032894,0.0,0.0861080672109219,34.13924607841676,11.405704848816603,3.5778922212108952,34.14019295048564,795.705736214203
564,97,fit,0.9925075171146617,3.0345510118141736,21,21,0,100.25206031081434,0.5254951285545327,58,76,0.20191583037376404,1.416979830772617,0.1902845,0.20033570663551797,14.899752654567738,19.62662309728215,1.5429682914775387,14.722979880510865,437.36256866273686
565,102,fit,1.2786560944221432,3.179775522528606,13,13,0,0.20550122886813418,0.09166510646273703,71,76,0.3307145833969116,0.32856112240746155,0.097089015,0.18250010201820663,0.2108016441514016,0.9503984202350944,0.003631748081736084,0.034654084749390114,0.776733756073114
566,117,fit,1.1411621544645993,5.187803977403198,15,15,0,24.879889245506188,0.12423845890690845,84,102,0.3681144714355469,0.6479260222798995,0.0,0.0,8.337811640436087,13.044563674011574,0.8523721838740829,8.133322365210715,183.474057374595
567,104,fit,1.2795628729657187,3.8636017589377625,11,11,0,0.4288748896983738,0.26169753122551104,75,81,0.3551987111568451,0.3707829243832355,0.0,0.0,0.16988178793612335,0.5817764540988192,0.003764157413508454,0.03591753257164555,0.7709893819578475
568,109,fit,1.2124954306914386,5.272282200568487,13,13,0,8.29402321104555,0.23117583607001388,78,96,0.35525357723236084,0.9647076435449371,0.09513785,0.0,6.098026123081621,10.409132475697055,0.5581364862776437,5.325729830893546,100.42830683517654
