idx,T,quality,v0,w0,tc_real,tc_twin,dtc,air_com_dev_mm,air_ang_dev_deg,contact_frames_real,contact_frames_twin,stop_dist_real,stop_dist_twin,e_z_real,e_z_twin,rest_offset_w,wind_mag,wind_offset_m,wind_offset_w,wind_offset_pct
0,111,fit,1.3391368756721636,5.224510650123767,11,11,0,0.13682734103055044,0.062620862813192,82,100,0.4031098783016205,0.5011121440187153,0.09632977,0.011224984243792382,0.9923449872324585,1.6953209733635108,0.011777610383783157,0.11238177847121333,1.9536466276031645
1,99,fit,1.1126430885453118,3.153414366927388,14,14,0,2.3538225923233616,0.07517238152184744,67,63,0.27458685636520386,0.2236134436587888,0.018714849,0.034024665345350584,0.7815109671353466,4.562166686591314,0.05526774631984515,0.5273639916015759,15.478075446048534
2,104,fit,1.1842271392262225,4.241812957860962,11,11,0,0.25699168914244414,0.06444047815649664,73,69,0.3160378932952881,0.28366020219044047,0.045541037,0.13091477279253633,0.3165193798462198,1.1771911378634579,0.009758324057960118,0.09311377917900876,2.405649602158892
3,111,fit,1.2380356893339635,3.5259657371594844,15,15,0,0.6729188241177757,0.11899260517724644,77,74,0.34995049238204956,0.31456276356891755,0.14506747,0.0927095171926269,0.43124361186312504,1.9658424655388183,0.01445614705821128,0.1379403345249168,3.0547019205830424
4,90,fit,1.0633523305849486,3.9489505054703393,21,21,0,1.4565115002680897,0.15059548995604885,51,56,0.18765677511692047,0.19537859448377648,0.13458951,0.0,0.07641537780561218,1.9027968037117662,0.011860101011013008,0.11316890277684168,3.061611060165225
5,104,fit,1.1174659284453319,2.0423768550959034,21,21,0,5.4524888441117625,0.11861047112096766,65,45,0.24487075209617615,0.15248285275978468,0.12111304,0.033208831193092536,0.9380234833593707,3.6619083139966295,0.06961428729819816,0.6642584665858603,16.913508403542508
6,101,fit,1.2250308705085768,4.0693891478900115,13,13,0,0.12850867345298808,0.11759337977939145,70,75,0.306805819272995,0.32099382728042597,0.12965216,0.19081444493146485,0.14110850003626435,1.7448893173285835,0.010741457112508651,0.1024948197758459,2.4191892548158043
7,105,fit,1.1338154679338635,6.716479673986876,16,16,0,0.9989180026021408,0.11034972978965206,71,89,0.32051464915275574,0.4021619239122898,0.0,0.0,0.8492852662273794,2.3216865263307715,0.02164319581621005,0.20651904404780583,3.922806703364732
8,98,fit,1.0227561600505186,0.742771263205658,17,17,0,2.166737480153592,0.18169824012230923,64,72,0.2512023448944092,0.30051359628732754,0.33558625,0.21856170921567317,0.46853064349090773,3.2437566900454216,0.04953132264489902,0.4726271244742273,10.341324853347457
9,102,fit,1.1374396198225898,3.432872903274964,12,12,0,0.17613035016683745,0.06164706623970963,72,68,0.2869386076927185,0.2687499410548133,0.2694296,0.31878479795034587,0.3166579948726892,0.10468053572480193,0.00015878153248306384,0.001515090958807861,0.04058900434186748
10,105,fit,1.095575096554239,3.1007709324406156,13,14,1,0.36768677897717644,0.311385894471648,73,66,0.27073797583580017,0.24969667127696316,0.30464384,0.3249616702777145,0.4639667678228259,0.7958232521519323,0.002980709801215259,0.028441887416176134,0.7695706180730914
11,104,fit,1.1074410973691553,2.64173772633113,18,18,0,0.3748725309091902,0.20317781737677573,67,63,0.2643454372882843,0.23824474358040276,0.1780551,0.04624367636025626,0.28588441411761334,0.028204662405631943,0.000185306042153128,0.0017681874251252673,0.0458922037510664
12,111,fit,1.1011887256001873,0.547241870203375,22,22,0,2.338586748739201,0.111327693115557,71,89,0.3033127188682556,0.4113239916632511,0.0,0.0,1.0245228718297748,2.52425432125342,0.031281226872938814,0.29848498924559935,5.120931154592948
13,104,fit,1.0563934155188914,2.3882888025506595,15,15,0,0.7980321531748686,0.1281890043419374,70,58,0.277720183134079,0.20812486822616338,0.37782225,0.3770527468071415,0.7003266683237083,1.4149452589241274,0.017542331622159256,0.16738866051678677,4.758601030900216
14,90,fit,1.0415916414613955,3.1538497335708744,14,14,0,0.1758979709251387,0.07486765064829518,56,58,0.1997862607240677,0.20435835104173597,0.07854188,0.13121302686327263,0.14905428312121996,0.24865181836807215,0.0008560890757200047,0.00816878889045806,0.2580269077422198
15,88,fit,1.1092534485752656,3.8443447981376875,10,10,0,0.49097066600082295,0.07317553905182736,59,63,0.2287186235189438,0.24253275252441497,0.14353503,0.09824176904981104,0.1798498035382501,2.297612919659068,0.02419432685341897,0.23086189745628788,6.735761934498983
16,97,fit,1.077251506237499,5.601974008557652,12,12,0,0.8140338252552637,0.14156210315202486,66,66,0.27268922328948975,0.23949804790814544,0.28928232,0.3967965527576886,0.31618581137766255,3.314803841306068,0.028123828569878086,0.26835714284234813,8.372060247763192
17,109,fit,1.1379553489908374,5.6966385239428,16,17,1,2.4838175594225023,0.40366375495136636,73,74,0.32441437244415283,0.33997414235806583,0.0,0.0,0.1952599527426453,2.9640848047238126,0.07801789633776494,0.7444455757420319,13.640618678861387
18,104,fit,1.1198612623814015,4.0674706097623545,15,15,0,0.33739077865136013,0.2387505792541058,70,81,0.30114123225212097,0.35058005235071754,0.10895351,0.05726410186695118,0.5041223333131749,2.8039370967859485,0.029576198379762268,0.28221563339467814,6.319495281063744
19,112,fit,1.2068144194819679,5.114613406358618,16,16,0,0.37816183307908174,0.5266936628972402,78,87,0.35990622639656067,0.4143991341149168,0.074919954,0.0,0.547462551330417,1.295672918989619,0.008379437038653898,0.07995646029249902,1.4802473648883276
20,111,fit,1.1533922778341785,4.583609570289716,15,15,0,1.4835749817167383,0.12597793577079058,78,76,0.35472023487091064,0.3549413713516316,0.008177728,0.04380184570659214,0.10085269139517276,2.7175805222115677,0.059657475971056535,0.5692507249146616,10.763204062597978
21,97,fit,1.1109953247890252,4.610098476690849,15,15,0,1.6570766789865183,0.9965005536113571,63,60,0.2618328630924225,0.23327305774200258,0.22496636,0.29380198389344675,0.294583287579778,2.66829077225718,0.0375399369004629,0.35820550477540936,9.168061157558988
22,99,fit,1.1072633927402975,3.13359261347517,10,10,0,0.8208001027215117,0.028252590930257858,69,77,0.27528083324432373,0.2818678289324378,0.0,0.13707967097654974,0.2536478784955544,4.5995594410021035,0.07168160872860778,0.6839848161126696,22.157957094960704
23,96,fit,1.0364965881890906,5.168847615590887,14,14,0,0.27403533606318725,0.15189752032756773,63,66,0.2276235818862915,0.23753279110532763,0.23864686,0.3954018537504158,0.1745924769953884,0.12725364542419754,0.0011500793943312179,0.010974040022244445,0.3041206309316462
24,105,fit,1.23300746734812,3.9446184244075977,11,11,0,0.14543087010885833,0.06358854746355475,76,76,0.3339241147041321,0.3230894851820576,0.2918901,0.39361982114857746,0.6510522638544783,0.055716443303662676,0.00026556538034887934,0.0025340208048557186,0.05987517005424906
25,107,fit,1.1332289935238746,3.957914032703484,16,16,0,0.6534647521899702,0.44098759521845654,72,65,0.30060192942619324,0.2481453042908841,0.07344079,0.0,0.5813936653593172,2.303035319698684,0.015347516531749355,0.14644576843272283,3.8428604133276294
26,103,fit,1.1779252162124543,1.592642170314479,17,17,0,0.6696455024804172,0.0337825569751973,67,62,0.27189919352531433,0.2390822340491208,0.13090037,0.0767440882643508,0.3197271508491467,0.7845314333082963,0.010050262635221659,0.09589945262616087,2.39254445846111
27,110,fit,1.2249530563978375,3.561751408525402,15,15,0,0.9545020690545514,0.1479572078283869,77,80,0.34328630566596985,0.3549368087035541,0.014559249,0.0,0.17298693258357065,3.021512957877591,0.026353479512199497,0.2514644991622089,5.283565043580529
28,105,fit,1.1023301198345004,3.0641474026919613,15,15,0,0.4029566160632918,0.7492040424180589,72,74,0.2864900827407837,0.3012429909173146,0.21555296,0.23120275264218512,0.5105254490123532,0.5783403725687353,0.0026761203599110737,0.025535499617472077,0.5928814042549113
29,107,fit,1.2491906502057413,2.58570671033176,16,16,0,2.748855356587285,0.13304486779649147,72,76,0.33909931778907776,0.308858202689307,0.23848513,0.10625830194853363,0.733475540697597,4.415099848509514,0.06363329285677335,0.607187908938677,13.836837951958588
30,93,fit,1.0812638674079962,7.499074566926833,15,15,0,0.9043268937499133,0.1898077939613997,58,60,0.21137849986553192,0.21246626549059647,0.1604408,0.3065181430359357,0.11073194276201702,1.850786433066857,0.009649950383626631,0.09207967923307854,2.754383521274625
31,111,fit,1.2722511195594275,3.710826569835496,14,14,0,4.155879679909344,0.12219948092792106,78,51,0.3596530854701996,0.19696097856980832,0.31765443,0.3587514791120399,1.6493895125163716,4.893175374118325,0.13183666624151205,1.2579834565029775,27.55228218437421
32,93,fit,1.0943040421990906,2.5268988601943505,18,18,0,4.703556765101452,0.07489129478521336,56,42,0.21801342070102692,0.14119155359062213,0.0,0.0,0.8167451380912741,3.9339394587455407,0.07728667387476006,0.737468262163741,20.250427200639006
33,116,fit,1.1863402179405582,5.789709392509369,14,14,0,1.8194632052269737,0.11112421923138129,83,68,0.39092013239860535,0.29836030896847354,0.0,0.0,0.9212621225078687,2.9238224001185498,0.06963452731443233,0.6644515965117589,13.755615581154787
34,91,fit,1.1140369545761641,3.4586693327146367,13,13,0,0.2549551849093857,0.10419920192484709,60,66,0.23872195184230804,0.2525066860938442,0.19785726,0.15845372286191783,0.1725813367019332,1.9332450277652389,0.009487833713081739,0.09053276443780285,2.5258553559509256
35,92,fit,1.051560133183086,4.223780842508087,12,12,0,2.538612420561979,0.03577624385847543,61,47,0.225594162940979,0.1604091215601712,0.3024692,0.35094013129022883,0.6463085486136149,4.67524197977056,0.09973693180972981,0.9516882806271928,26.55836097167682
36,101,fit,1.1418800964507936,2.0170794368385523,19,18,-1,0.9076461649200946,0.39533291099829976,64,61,0.2574159502983093,0.2304221255660431,0.0,0.0,0.39735213053166907,2.0722377244180255,0.012292484518874956,0.11729469960758546,2.9805741547969378
37,120,fit,1.2993600090247528,2.632007191463091,23,23,0,10.625420273116793,0.4107514001495994,77,46,0.34541216492652893,0.16771361364509313,0.20697261,0.31035668741029676,1.846052395622772,4.7687385839442955,0.13034690930302267,1.2437682185402927,24.96898881330968
38,110,fit,1.156305914963228,4.622235004007164,15,15,0,1.074029786603236,0.04363442953315205,75,69,0.3159308433532715,0.28760630424524253,0.0067206775,0.19352979856860122,0.353184794741018,2.4098594171199093,0.025641481534797696,0.24467062533203907,5.639903114313343
39,101,fit,1.2967507356028085,1.3986934009209726,14,14,0,0.6587805616824648,0.20933773006585446,68,72,0.3006303608417511,0.3075601905758038,0.15890956,0.17757879618298286,0.2800896144501463,1.0595392976267555,0.01865033857231166,0.17796124591900436,3.848241243686775
40,101,fit,1.2047288436669652,4.27095049214033,14,14,0,1.3232145729293927,0.10501011147483741,69,77,0.2951063811779022,0.31121682310678084,0.2944967,0.3783372801388763,0.3116328797207783,3.705604829282288,0.04685438364388971,0.4470838133958942,10.68030637774007
41,94,fit,1.0538224688283295,3.8283635076789104,15,15,0,0.272382838746463,0.08611024447056559,61,66,0.23761756718158722,0.24023952018798098,0.2683707,0.3897326734294971,0.056033421475446335,1.133545489249762,0.0024104544210128186,0.02300051928447346,0.6119053111922111
42,107,fit,1.1769833011366564,6.0066014196465956,14,14,0,1.5527295654431277,0.13759812947971678,75,78,0.34134581685066223,0.37455342585245527,0.0,0.0,0.36055052655717124,2.5744843306128646,0.06947329464304726,0.66291311682297,11.949245525783926
43,97,fit,1.1139197440713615,2.724635158825584,21,21,0,4.938037042474391,0.14105390719717406,58,53,0.2173788994550705,0.18022745838054685,0.07510351,0.0,0.463803744474502,3.850464561829867,0.04914066953473081,0.46889951846117184,12.117316818641685
44,98,fit,1.1085902323243808,3.732392083443043,15,15,0,0.8691455465540238,0.37529234927177274,64,83,0.2548392713069916,0.3240135930429451,0.27519,0.39772315320735446,0.7435332477904976,3.812366076190105,0.05142192179642808,0.4906671927140084,12.38248161001127
45,109,fit,1.0461741526767152,6.51769308229359,14,14,0,0.5360495824903364,0.16450980905699716,77,81,0.3313712179660797,0.353257365966284,0.0,0.0,0.23910134840955066,2.1949166548659558,0.019298106164121812,0.1841422343904753,4.139714612869292
46,100,fit,0.9884095993822631,4.027738612451261,16,16,0,5.468257355172372,6.087133872942924,65,55,0.2643054723739624,0.1783755055441676,0.25547045,0.3359780208210417,0.8537751450408256,2.7677023752589265,0.0460126731312412,0.4390522245347443,12.44714061185001
47,103,fit,1.1716584745667646,3.8349446182902334,18,18,0,0.8551652434235515,0.5172772115417487,66,85,0.28176388144493103,0.4058787177287845,0.120145634,0.10570909267982297,1.240134533927992,2.9968175204922867,0.031962289867652094,0.30498368194324516,5.880144976974231
48,98,fit,1.20104456349758,5.077243760323339,11,11,0,0.16682479748885148,0.07758351749268273,69,78,0.3133154511451721,0.3427136715831938,0.090483114,0.1221041908325071,0.28061244095949217,0.705196162605524,0.003367337024882058,0.03213107848169903,0.7444938368259608
49,107,fit,1.1842905386088667,4.811368045683692,15,15,0,1.419674136386251,0.14056300012047954,73,83,0.3152022957801819,0.3415586746942487,0.27980366,0.369404048564692,0.48076554960908363,3.657507985127876,0.046691332945583475,0.4455279861219797,9.842892974328814
50,96,fit,1.1633787895197143,5.856899681020988,14,14,0,0.6159034406986894,0.1279382291954252,63,65,0.25745686888694763,0.25150157233458076,0.1963673,0.2892155592140443,0.07194617822106208,0.0015687472509888954,0.0001243487231167734,0.0011865336175264636,0.03134313368678259
51,105,fit,1.0317740128088562,9.335386400144177,6,6,0,0.28135836713904894,0.025171393633090455,80,70,0.34444084763526917,0.28117544116730164,0.0,0.0,0.6131416659289921,0.9570676028627744,0.002955498744202943,0.02820132389506625,0.8558659792890396
52,99,fit,1.0582551652679184,2.9604362087952536,18,18,0,0.6227133465898962,0.09032555227871436,63,67,0.23153208196163177,0.24681284885232666,0.16320841,0.2635156913961499,0.16162921902707109,2.7054419553255,0.019613042754977075,0.18714735453222398,4.895382293540841
53,96,fit,1.0802632185578414,4.099613054261495,15,15,0,0.17099137895746433,0.07102801541539717,63,61,0.25687316060066223,0.22204334571518275,0.35118935,0.37712198941746644,0.45528922214024625,0.14388164455690577,0.0005628438373842458,0.005370647303284787,0.15212153061563866
54,93,fit,1.1431918526962268,4.466051406021348,11,11,0,0.7413477785385875,0.09617506400961504,64,56,0.24739007651805878,0.2070838413696678,0.15254961,0.08178451274431728,0.3942905000892358,2.2799668111576152,0.03187226287395649,0.3041246457438596,9.180210942151815
55,86,fit,1.024428973560522,2.0820159053672094,16,16,0,2.6493987126883582,0.0606538582430108,52,45,0.18463930487632751,0.14910066508382142,0.0,0.0,0.3949962779264268,3.415744518963637,0.03874800896397715,0.369732909961614,11.767531952326896
56,94,fit,1.1160650942629387,3.5280112486505186,15,15,0,2.349578771367863,2.116435995179545,61,56,0.2542005479335785,0.2064454801158736,0.14538994,0.13137604710018302,0.4704059706596592,2.1174182094664027,0.03383079008903453,0.3228128825289554,8.957405085733784
57,103,fit,1.1726356299641139,3.4977756425974125,13,13,0,0.34511503979459696,0.041344458677779784,71,66,0.29864346981048584,0.26031145400937733,0.0,0.0,0.37178971058345656,1.0598876917721114,0.007247718685343967,0.06915762104335846,1.8349615729128756
58,100,fit,1.1440640616911029,4.32188242542826,11,11,0,1.1626985757477923,0.09861504681929963,70,57,0.28340575098991394,0.2066594351520751,0.33187464,0.38857851921368175,0.7566006955377684,3.172852284205013,0.057815171225741806,0.5516714811616584,15.072948094947293
59,109,fit,1.1673629142432853,4.613130620421583,19,19,0,0.6283061956041263,0.21597717493215915,72,90,0.2986084222793579,0.3734895925079926,0.28379974,0.2794392066401179,0.7462219902357302,2.7323268928453572,0.03236287355223158,0.30880604534572115,6.074335729439271
60,109,fit,1.1731080174895274,3.8030900710249638,14,14,0,3.5630609692813877,0.18316025192134242,75,58,0.3183061182498932,0.22073411282529895,0.24997516,0.14796757317868,1.1238835776168328,4.910440042605221,0.08524483674170769,0.8134049307414856,20.38404173238475
61,104,fit,1.1568794803643132,4.247937422524704,14,14,0,2.2132259854723633,0.1539829561094167,71,59,0.28437772393226624,0.22413415395036504,0.26030034,0.24458617586707163,0.6268098371792659,3.802254022251409,0.05690803258216483,0.5430155780740918,14.105768554292412
62,106,fit,1.2874907997746283,3.3409104055059977,8,8,0,0.8898086792964403,0.18902575395215454,79,62,0.3779212236404419,0.2698112270820566,0.13424656,0.3040630625221148,1.0472299238190708,3.6869608715625164,0.0929837500493205,0.8872495233713787,20.74210501944141
63,129,fit,1.2316117453362203,4.278929976828877,24,24,0,4.783826319567201,0.28616434713101413,85,84,0.39965054392814636,0.4018625668467081,0.084476195,0.06526855667890985,0.15108239872744997,2.556689876576133,0.09669985049158433,0.9227084970571023,13.163196735822483
64,94,fit,1.0953881085582093,2.1709876213127517,18,18,0,0.4027767417705637,0.3244245759758168,58,59,0.2171909213066101,0.2139431077076367,0.027715873,0.037321155908158044,0.11839155598837006,0.2093642472730686,0.0018599177036966645,0.01774730633298344,0.48409741971683956
65,92,fit,1.1283670761981484,3.0981908070716457,15,15,0,1.4836704324820433,0.3140488297756666,59,54,0.23199637234210968,0.1972454461025361,0.0,0.0,0.36725512938821114,2.570611890670466,0.03499865677013171,0.33395664856995905,9.411425542923716
66,111,fit,1.146587846960403,3.0006856072325823,13,13,0,0.26915438743904074,0.0957119775065894,79,65,0.28316763043403625,0.2508789517549006,0.19927458,0.12806983812802328,0.431513665536186,0.4272616373565889,0.004002645326274194,0.03819318059421941,1.0429728546073684
67,99,fit,1.148097211155367,2.929429522668411,17,17,0,1.5531080752879032,0.33690137522596947,65,82,0.26332345604896545,0.3227264547912871,0.0,0.09087997021563031,0.6198687339417285,4.0691505713452125,0.06701595705617905,0.6394652390856779,16.299237000058124
68,90,fit,1.0247877353034052,3.0664947016778057,13,13,0,0.15410637254901757,0.10018136644565576,58,60,0.21796637773513794,0.2129387091410684,0.15987691,0.12648549027036404,0.11910211460687763,0.35491743451749863,0.0017354441565565182,0.016559581646531662,0.514142615890742
69,99,fit,1.1021548857278833,2.85383874336586,21,21,0,0.37651764592362136,0.2969806424085355,59,57,0.22696039080619812,0.20296618222887003,0.0,0.0,0.2558098052338965,0.209561794267324,0.0006981083025361997,0.006661338764658393,0.17546537184733893
70,116,fit,1.0232970106756654,0.47461976504156456,21,21,0,1.9688520211850318,0.23752837278768654,77,82,0.3287889063358307,0.3907524265875278,0.0,0.0,0.6870879866500387,1.9184701580492969,0.03838015471597159,0.3662228503432403,6.169188257754165
71,107,fit,0.9878906284495405,4.72642180599078,16,16,0,0.43619989586576013,0.20385404613208205,72,67,0.23090748488903046,0.2312765158531805,0.22430255,0.3563482982718566,0.16139686536841016,1.3745648266960167,0.005381384045010019,0.051349084398950556,1.4196109234351237
72,102,fit,1.1365742732935187,2.8602338515597037,20,20,0,0.44629777624794753,0.3192857084119148,63,62,0.24736909568309784,0.2310706723282423,0.026399886,0.0037698231020323785,0.1958298312227597,0.7855467601546248,0.003325782133121157,0.03173456233894234,0.7788433919675153
73,98,fit,1.1974167044172825,3.411154635804437,17,17,0,3.263558233020005,0.1136808668216131,63,65,0.26198673248291016,0.24978263164648343,0.08436871,0.15176186276006345,0.32106935358987837,3.975086284560943,0.041480677746844094,0.3958079937675963,9.691785002612924
74,105,fit,1.2504920952600274,3.876831220741934,14,14,0,0.6075571085458263,0.13844042808233922,72,74,0.3208972215652466,0.31942170034194506,0.0,0.0,0.23620197662639908,1.4239474176208622,0.013164806159611672,0.12561837938560755,2.760983163173711
75,100,fit,1.0605938268605963,5.194314811576786,18,18,0,2.5511419400483044,0.15788879761001906,63,49,0.24242925643920898,0.16948868523475877,0.2490876,0.2150604230738808,0.7223351006038049,2.5916589876022087,0.04285097619205796,0.40888336061124003,11.297704671850557
76,93,fit,1.1517734467697824,4.4560065643179145,9,9,0,0.37497205872436046,0.0687324602342536,66,69,0.2839421033859253,0.27196063398597653,0.268148,0.17164719081995403,0.18659140836623248,2.986604345311694,0.02256606564905396,0.21532505390318663,6.3763878685461215
77,109,fit,1.257017349904867,5.183963404954346,11,11,0,1.2397625186100507,0.07575147490602363,78,64,0.38417455554008484,0.27763355896170994,0.34995744,0.37127262963413526,1.031286441179297,3.322797053786705,0.0810696426358692,0.7735652923269962,17.042705813833695
78,98,fit,1.1871861799067356,8.156857670808275,8,8,0,0.4146159988884244,0.03355465560394328,72,69,0.3140000104904175,0.2811422054613672,0.1350605,0.18303395628355223,0.32553160388142444,3.4747400272496107,0.031466417035402906,0.300252070948501,8.468820081022134
79,96,fit,1.107451068780589,3.8242547944305496,14,14,0,0.22851522813822603,0.3545067976651263,63,64,0.25008273124694824,0.24612025591207576,0.12801367,0.10741640566388162,0.06162467667783676,0.1744330190435441,0.0005697692061023633,0.005436729065862245,0.15048589362043074
80,108,fit,1.1441545403055735,4.6933689073399325,18,19,1,3.7038026419551455,1.225974612723055,72,57,0.3018993139266968,0.2172168267916828,0.25283462,0.2838546708167664,0.8898348362612771,3.305135360718747,0.08030867285350084,0.7663041302814965,16.947483565768795
81,96,fit,1.0282140608798267,4.819596767282451,14,14,0,0.5699829586757423,0.18257797572663453,63,64,0.2478310614824295,0.23816933383415956,0.2983442,0.3205528013744182,0.47343887478946123,1.33242956717147,0.014339416177938548,0.13682649024750523,3.741462430275698
82,98,fit,1.1200276710870567,1.548567437264247,25,24,-1,5.390394129814402,0.4170211933090959,55,74,0.2034716159105301,0.2879441580224713,0.19680111,0.29564397897601113,0.8069738871382711,4.980232705798624,0.09529180688449543,0.909272966455109,22.550796939481586
83,96,fit,1.017378224416585,4.565716708766947,20,20,0,1.6895041015975831,1.1340820868779313,58,60,0.2127426117658615,0.2152194606291786,0.17853124,0.29253933266683946,0.03633264246093499,1.8531628629729624,0.02237082590963737,0.2134620792904329,5.415621043374871
84,120,fit,1.2085809506764846,3.144343791940508,18,18,0,3.6367977490801895,0.2133978139175916,83,64,0.39250946044921875,0.2827219320867982,0.027952626,0.0,1.100985777939603,3.1918620892668454,0.09855774591061472,0.9404365067806748,17.436799813924186
85,98,fit,1.1499987395188416,5.861429242302061,14,14,0,1.7496191898573272,0.18338605730833205,66,84,0.27718284726142883,0.41967840998123457,0.18553689,0.1114025259784585,1.3800389816811218,4.828691179062962,0.09173828161702775,0.8753652826052266,19.810775299347952
86,96,fit,1.05001795930007,3.4711797077217947,19,19,0,0.48164791651772376,0.3300952306180671,60,58,0.2345188707113266,0.20583069049705216,0.0,0.0,0.2977466508457493,0.44333268966410677,0.0012847790687276197,0.012259342258851332,0.3332716923129557
87,104,fit,1.2330559155516652,3.1637627172509846,15,15,0,0.4083662135546085,0.16560300053729327,70,66,0.3155215084552765,0.2606971148845812,0.10723839,0.03157651845866669,0.549141895969648,0.4851934554873216,0.005168575424269883,0.04931846778883476,1.224157828065607
88,98,fit,1.1785323585461267,2.4073951603885573,13,13,0,1.381575673192083,0.17939294780906678,66,85,0.2835600972175598,0.3911780211309555,0.07839246,0.1692976152595447,1.1031600529918395,4.4746796699127405,0.06734542695336479,0.6426090358145495,14.201004662512508
89,100,fit,1.1904658775702466,1.8747676098798223,15,15,0,0.2388452763172538,0.20035489191066394,67,75,0.2919447422027588,0.3243103032945772,0.0662308,0.0,0.3079069956292229,0.05246662796689032,0.0005158062855095721,0.0049218157014272144,0.10876675239003629
90,97,fit,1.2920657778657354,4.390311273387328,6,6,0,0.16117604392506074,0.02721305889346599,73,70,0.34540849924087524,0.30130434457270866,0.0,0.0,0.4301204758688045,1.82063027400908,0.03193399572515851,0.304713699667543,7.9395668159727615
91,103,fit,1.1916757260264081,2.2545020810712697,24,24,0,2.938658063034676,0.16150614318971554,61,68,0.24060168862342834,0.25200663856244804,0.036569465,0.0,0.21027579772661908,3.5323886803890967,0.04410221598814095,0.4208226716425663,9.65901091157308
92,107,fit,1.1639147454545669,6.168156480063085,16,16,0,0.27735041275455646,0.2407526736303743,73,80,0.3221352696418762,0.36194074238699203,0.0,0.0,0.42179361404202687,0.23629624707189678,0.002253498495082431,0.021502848235519376,0.4359316765894409
93,97,fit,1.07357044190817,3.426044184197474,19,19,0,0.36826641076233946,0.133352128255847,59,59,0.2265939563512802,0.20975329936551182,0.001410076,0.0,0.17281026986988754,1.1775869322802857,0.0042324865993453135,0.04038632251283696,1.086589344564566
94,98,fit,1.2052378829033104,3.553246830722848,13,13,0,0.22421527213413442,0.09326766939973156,67,69,0.28759780526161194,0.28208400493591734,0.14927827,0.03782803761802574,0.08719407817634667,0.29896529121327275,0.002025483715962882,0.01932713469430231,0.4845001937384984
95,106,fit,1.1478675716713218,2.496386229215596,19,19,0,0.4076633209079312,0.5477192865610061,66,61,0.26108887791633606,0.22597390193523037,0.015153091,0.0,0.3532076817475269,1.7471112113494254,0.008572331338985377,0.08179705476131084,2.103922001169642
96,100,fit,1.2498024864195787,2.1540408336619064,14,14,0,0.3492009725016425,0.06766074730254273,68,67,0.2959176301956177,0.27150869880551154,0.0,0.0,0.23800984558187974,0.9122381187844372,0.005707792222040994,0.054463666240849175,1.342822229102963
97,103,fit,1.1357890179299883,5.032065170673433,19,19,0,1.9468668230180048,0.31245887969993685,66,66,0.274862676858902,0.2700900313760651,0.20005718,0.18203445953599676,0.14071431182961847,2.0171687566323078,0.030422182436767566,0.2902880003508355,6.2578259290857625
98,102,fit,1.2213849739933675,5.661981031354807,9,9,0,0.47209225074344763,0.033900851831387795,76,71,0.34798166155815125,0.30429309947516214,0.29914907,0.39850765951489914,0.4688100385916209,2.147750105382134,0.03622615531573418,0.345669420951662,8.353374480720573
99,112,fit,1.3304772403590515,4.479864803858675,5,5,0,0.22660007661227122,0.016005572271018696,88,73,0.4277842342853546,0.3513500963655727,0.0,0.0,0.7442274121034641,3.2717125207978768,0.08826168049690428,0.8421916077948881,17.59283337675844
100,116,fit,1.048552371804086,5.855753705001037,16,16,0,2.4481112536888903,0.16033266234274662,80,78,0.3473624587059021,0.3375508336501024,0.1531031,0.060695542371253026,0.5461198560310724,3.6450669748837963,0.05931619386925029,0.5659942163096402,11.721834678430708
101,103,fit,1.2079885663630403,5.1103074282125736,8,8,0,0.31175780424699934,0.047189759283628466,76,95,0.3383234143257141,0.38554815543717824,0.18390651,0.31316507181162295,0.4736492154387154,4.072129716169741,0.06921535753442139,0.660451884870433,17.46320265324878
102,95,fit,1.103505341334137,3.3529896965397334,18,18,0,1.918268437135663,0.20218126698289793,59,66,0.2308068573474884,0.25003275756715676,0.0,0.0,0.21531042084074115,3.4384412045818,0.03354938484843798,0.3201277180194464,8.03583847444691
103,114,fit,1.238920236431987,4.222045979252412,20,20,0,0.2533013068238258,0.30238666310328627,75,71,0.33846405148506165,0.2949617746580495,0.32494307,0.3432613624189389,0.41185202697757384,0.7260683669306871,0.0038587728073026,0.036820351214719466,0.7678111224160055
104,105,fit,1.2052177128749189,3.939620494074746,19,19,0,5.8166798177895025,0.4535007200219609,68,50,0.2815135419368744,0.18291013624572858,0.20613468,0.2598022130317982,1.0014355475832701,4.1257986757253216,0.1002401688497623,0.9564901607801747,21.005819647910656
105,106,fit,1.2477165054116,3.2861147949776646,16,16,0,0.2498566180577518,0.22302541548783827,72,74,0.3198355436325073,0.3118607772288608,0.19765395,0.007336578232941895,0.08250118561884545,0.8765486456240541,0.005856136574904039,0.05587916579106907,1.2482718176912895
106,101,fit,1.1445912919028312,1.656408040678447,15,15,0,0.5533209587411279,0.09908138186976752,67,60,0.27019497752189636,0.22529174979359626,0.0,0.0,0.441054051730918,1.153414165941149,0.011349386123738248,0.10829566911963977,2.9767291927142705
107,101,fit,1.1152536885098587,3.6161795463226096,15,15,0,0.6454271412710773,0.177816382299299,67,63,0.27776795625686646,0.235644211057474,0.30294767,0.38427605896852723,0.4092417543358842,2.3835292555766245,0.010816502469032116,0.10321090142206217,2.8498110884406214
108,117,fit,1.1791345080164601,5.316997403610506,14,14,0,2.4415916921909075,0.19136829786736878,83,64,0.3483065962791443,0.2804504142813357,0.05910349,0.011122274268822485,0.74440590830388,3.696909431472084,0.09373380463389488,0.8944065327661725,18.290954857267675
109,122,fit,1.2554296177933828,4.809865003681238,10,10,0,0.5018977184248794,0.07794191428824733,93,80,0.43639838695526123,0.3711868519100784,0.19121492,0.1580007722111551,0.6745246179950501,1.749932697726875,0.027823855581805473,0.26549480516989954,5.5080519527738625
110,103,fit,1.211073141648642,6.677851107266189,10,10,0,0.10471011719069158,0.04131908903612228,74,87,0.3438223600387573,0.4099182113989294,0.0,0.0,0.6319090874776144,1.7775346908892782,0.010547791563397068,0.10064686606294912,2.0989710401751127
111,103,fit,1.1662773622261584,5.048016883513371,15,15,0,0.20627776674009338,0.18783699453378194,71,72,0.3126063942909241,0.29660974303019905,0.22545953,0.3071910223803142,0.1581221496926707,1.2379058836757768,0.0056283680155688525,0.053705801675275305,1.2578279612513517
112,100,fit,1.1128605888439473,4.90737239899043,16,16,0,0.9502190828018758,0.29118900252114704,66,75,0.2773553133010864,0.31896239536462845,0.26353776,0.1313876512868999,0.43483544526535184,2.206508048930771,0.014283478837224028,0.13629273699641248,2.9923406106029353
113,96,fit,1.022420489570556,5.19169125991369,17,17,0,0.25706491100118667,0.39061545186853913,60,67,0.23798473179340363,0.26381879851001483,0.17822033,0.18637280415132204,0.49820142405097234,0.5147112717294794,0.001677578832157495,0.016007431604556248,0.396900474512664
114,113,fit,1.2635212540970309,2.605085089754248,13,13,0,1.973383612293224,0.0750841308284296,82,68,0.366098552942276,0.28016011712814076,0.0,0.04156154735606185,0.9639997314920032,4.11547269957052,0.06147846852699403,0.5866266080820041,13.752888460958285
115,95,fit,1.2974938871555262,2.4836784214487118,7,7,0,0.17013622269246134,0.03859438059767426,70,73,0.3115204870700836,0.31046896857995354,0.0,0.0,0.11960667370419911,2.2166245940354004,0.015831181044419385,0.15106088782842925,3.983108942914702
116,120,fit,1.2210971468751044,4.843525259050053,12,12,0,0.3591090092603316,0.11707433581448698,89,97,0.41981470584869385,0.4672406429062439,0.08597752,0.02758070188804222,0.49113868346836886,2.881053071846453,0.04061117566393775,0.38751121816734496,7.258596361716358
117,104,fit,1.2036798709720975,2.598281523818344,18,18,0,0.468159282178503,0.3232373391173325,69,86,0.3145838975906372,0.35485575690050897,0.18596175,0.005062833069123885,0.39052274744290594,2.6585522304776728,0.028326575189463868,0.2702917479910674,5.655235712622775
118,92,fit,1.0814923527795313,3.758610238655494,11,11,0,0.2319196346039984,0.1319710483134333,63,60,0.2439415603876114,0.2213787754893348,0.13269454,0.0843067920569056,0.22771361803636836,0.35906119204837306,0.002224122997272321,0.02122254768389619,0.6659821435085811
119,101,fit,1.0941147290627093,4.844853931159453,13,13,0,0.24884881231481504,0.09578198206748255,70,70,0.27765730023384094,0.27824305287546647,0.27338642,0.3188215167483055,0.057474560704412286,0.16094340170603305,0.0005949537473391273,0.005677039573846634,0.14668575889857202
120,102,fit,1.0660664629332703,2.166850589873423,19,19,0,0.7215466250269253,0.5345798453148972,63,58,0.24291326105594635,0.20835196901604183,0.005857012,0.0,0.3521653163279469,1.4192308049596223,0.006469169198614867,0.0617287137272411,1.6815157861033572
121,98,fit,1.0992206188839198,2.399876200673236,18,18,0,0.9088209319805899,0.21609153533535105,60,54,0.23032861948013306,0.188531344106983,0.0,0.0,0.4072841691298789,1.139971357712764,0.01035614084145894,0.09881813780018073,2.79059752937559
122,99,fit,1.1031637019538587,3.166592908285717,15,15,0,0.34958391179518455,0.29524492294333915,65,68,0.2588321566581726,0.2615828062559753,0.21611004,0.2723860561647525,0.18183359916741337,1.5738058521090081,0.006837731522970026,0.0652455297993323,1.7060099356930263
123,107,fit,1.1055399185268733,4.836472694068038,15,15,0,0.4721008753198746,0.509209976736886,73,70,0.2872193455696106,0.27881822812419976,0.31036842,0.3508012245540368,0.10205357926386636,0.9083646856054709,0.004485618420263122,0.04280170248342674,1.06810293831183
124,99,fit,1.0984565313403878,4.668709516742698,16,16,0,0.5376980686385012,0.322264668826701,64,59,0.24591168761253357,0.2129353420157911,0.21712966,0.34974183883618637,0.3333111946788185,0.5603664826126443,0.005068836151998672,0.04836675717555984,1.3432393577117037
125,93,fit,1.1554551351814648,4.9221508654076755,10,10,0,0.626884701864419,0.06150621623916373,65,83,0.258470743894577,0.3031731689912522,0.1769524,0.22330517296880564,0.4811523870215121,4.5372784358734775,0.07528385590061533,0.7183574036318257,22.908421532266857
126,106,fit,1.2658557497178116,4.749943904733555,15,15,0,1.7691473345976654,0.16187475080329067,73,72,0.34208565950393677,0.30533489463833846,0.31826413,0.32898973779919416,0.5871944390018354,2.4211449086586976,0.056867086173707226,0.5426248680697254,10.889575795433256
127,442,fit,1.1964915262072642,0.7895417820586178,36,36,0,19.502412757722233,0.8976321601933801,65,41,0.25924527645111084,0.11600517040858957,0.29582214,0.2841323614164518,1.523356275704789,4.195863968096834,0.08205575233696989,0.7829747360397891,15.834314381572481
128,100,fit,1.0716770342557758,4.478340430191407,20,20,0,0.8098204094574906,0.11034311235128934,61,56,0.230417862534523,0.19371073133221484,0.18202189,0.17803637415569162,0.3599576331199148,1.1788583382536564,0.004279797227000058,0.04083775979961887,1.1000270997064474
129,120,fit,1.1099478622245875,4.933075109331123,16,16,0,0.3901404887355119,0.1407478290970669,85,83,0.3827625513076782,0.37290495410496405,0.12785839,0.12135742297052877,0.4660901742110465,0.7694506361535314,0.002625296874861418,0.025050542699059333,0.4936514928867537
130,106,fit,1.2216181890890088,5.260124229652859,13,13,0,2.219735800237023,0.24405660615036023,74,57,0.3290983736515045,0.22289545594136484,0.3065112,0.39147030044872316,1.0464554087599978,4.07308631470216,0.07513622651250246,0.7169487262643364,17.725924967721138
131,101,fit,1.07177029587963,2.945274136809279,14,14,0,0.20789922770748878,0.1647928006427039,67,70,0.2652549743652344,0.27606073178625173,0.07112008,0.003342690118886646,0.33005417418768984,1.5919965414430073,0.008285739520493022,0.07906240000470441,2.0716370580059227
132,88,fit,1.180872626371531,3.02181812873534,8,8,0,0.11799700147006378,0.053529492105065773,61,61,0.24002009630203247,0.22614490011604682,0.0,0.0,0.1377439144617188,1.3501964162899713,0.004951166764029238,0.047243957672034716,1.6090294392044555
133,104,fit,1.2930324361397603,3.971469594397253,11,11,0,0.18373043490162613,0.09525079462400542,75,80,0.3495290279388428,0.36252823712220034,0.053234212,0.16209957057191518,0.12173707148534234,1.041201661082268,0.008047936266950667,0.07679328498998728,1.6496291878826155
134,91,fit,1.1927238878740045,6.725071077907303,10,10,0,0.2760961327493898,0.07642950831710017,63,67,0.26823893189430237,0.2586220217795369,0.0,0.0,0.09364181663106277,0.9972471475685482,0.003956761577888702,0.037755358567640285,1.101343894948926
135,106,fit,1.0233635639368728,3.4997557240940966,21,21,0,1.8124467949036362,0.5041270285062686,66,55,0.2211020588874817,0.17268282574351956,0.23297209,0.29222814825477184,0.6418142995452422,1.72393331084504,0.024553717704753848,0.23429119947284205,6.210333405038332
136,99,fit,1.1844098236657026,5.668258150615341,10,10,0,0.34840255578046275,0.0302672948622346,71,72,0.31505605578422546,0.30620024372648375,0.2665148,0.26597639724539385,0.08795389039604005,1.286523198049324,0.014981422694697004,0.1429525066287882,3.4861925049160147
137,111,fit,1.1241714924479491,3.9947189402040686,16,16,0,1.1063131368373849,0.1459086609306783,74,73,0.31056445837020874,0.2793304103733658,0.28765082,0.35346390190313515,0.46134386890667817,3.3309654145892185,0.03742736240787039,0.3571313206857861,9.197464717741273
138,107,fit,1.1581066165133376,3.695139741167612,14,14,0,1.6509190766064967,0.09813099102979284,74,93,0.310243159532547,0.38565735820406827,0.2745328,0.2722125312487391,0.7782789720267326,4.915457724652873,0.11605341172171421,1.1073798828407844,28.556257636317913
139,112,fit,1.2565060228368792,4.102196484955789,14,14,0,1.0590360313138645,0.11364507383791432,79,73,0.3774113655090332,0.31676302336352646,0.29959676,0.19387269161898205,0.6218943290719137,2.711302605175939,0.03095939766397185,0.29541409984705963,6.451986357113652
140,94,fit,1.116064890426395,3.5280098784638687,15,15,0,2.280422945730057,2.116440561552447,61,61,0.25420060753822327,0.2300058608941038,0.14538994,0.13103948502485738,0.2905169316109801,2.746621004086441,0.021899800339482942,0.20896756049124945,5.79842775229898
141,104,fit,1.087992887358169,4.314471078441751,19,19,0,1.149314972255957,1.1588953648281246,66,64,0.26286447048187256,0.23936846227303554,0.24128176,0.146927422326321,0.285854885780788,1.522119591888457,0.007934667185579137,0.07571247314483909,1.955041020983825
142,107,fit,1.1009025395750838,4.339518043126392,18,18,0,4.239189706563589,0.2284502934292004,70,48,0.2825862467288971,0.16249207844551725,0.24476753,0.33445796571035286,1.1988172761314502,3.7058697570301082,0.06360815827826566,0.6069480751742906,16.026877960271367
143,90,fit,1.0961921669202521,10.86118087861388,13,13,0,1.1350383312464627,0.1993938688858657,58,68,0.22077356278896332,0.23582071051221096,0.17138408,0.1685941176546436,0.1561429398043758,3.9095773512915044,0.051097184235314216,0.48756855186368525,16.355837660588417
144,108,fit,1.1209266046822417,3.44240588216695,25,25,0,2.5915923903068805,2.179990873056851,65,74,0.2728177309036255,0.27359884330112216,0.28259954,0.24822413809003627,0.12478440671174186,3.68773315069515,0.05951054165375948,0.567848679902285,12.854814305152374
145,99,fit,1.1453895653818524,2.7788055773336784,18,18,0,1.9989473100003072,0.2428128737689664,62,75,0.2549665570259094,0.28577905060442205,0.0,0.0,0.3927205581905304,3.9474737596927696,0.05469596797912859,0.5219080914038987,13.30501586695359
146,97,fit,1.210205711567616,3.1609132108195626,10,10,0,1.918249275466933,0.028153890793152263,69,48,0.297112375497818,0.18530355495211154,0.18564501,0.06427738091531915,1.0949839983844745,4.830377257746714,0.11557672939225959,1.1028313873307212,28.972777027464502
147,93,fit,0.9811862570112032,5.060449799454406,25,25,0,1.0666240384954684,0.5120831241241822,51,57,0.17076051235198975,0.19509977032289783,0.0,0.0,0.29285166463893414,0.9238457449657972,0.0031172878332352306,0.02974511291254991,0.7671508844130884
148,117,fit,0.9444294604054964,6.878699555102847,26,26,0,6.419657292935102,0.7446052741512883,72,91,0.23225152492523193,0.36346823278348356,0.086237445,0.108405169005836,1.3278954512680705,4.14458720877679,0.0700800642882714,0.66870290351404,12.986036358857552
149,104,fit,1.1845982042513066,3.0189313224230014,13,13,0,0.8037333262970845,0.1613477105449626,73,77,0.3086070716381073,0.32041956047674286,0.06944033,0.16889980520210843,0.14376795525738567,3.304624646899736,0.03590951515206341,0.3426480453441165,8.209230040684123
150,99,fit,1.1658225913066276,1.549300016563908,11,11,0,0.38475745619919016,0.0889165574945659,69,65,0.286848783493042,0.2541687255458167,0.116507605,0.3111558563907715,0.3160849987522962,1.687087820636736,0.012558807229164063,0.11983594684316853,3.29341703282279
151,103,fit,1.2773391375228995,3.247129064234868,11,11,0,1.5821086535850097,0.08676562810302924,74,59,0.33931782841682434,0.2418704760542322,0.22043782,0.21728684988376712,1.0001494834850342,3.9721602271742498,0.07906243053878498,0.754412505141078,18.395073590594137
152,97,fit,1.1376622217713577,3.4404758207622548,16,16,0,0.5170609192179967,0.13923687210935423,63,62,0.27024245262145996,0.2390978708972711,0.0,0.0,0.3238265309422563,0.6562847857966667,0.007708344620112286,0.07355290668046074,1.9180452467130034
153,103,fit,1.2940994529086136,2.3069765023472284,12,12,0,0.5992901126871825,0.1778853366000216,71,74,0.3252074420452118,0.3206241932315999,0.0,0.0,0.2526924418532457,1.9759972178271952,0.022461301851088637,0.21432539934244882,4.827559274106091
154,103,fit,1.0102687115530171,3.022761429877937,20,20,0,0.7065237752048814,0.682959629792085,63,59,0.2342858761548996,0.1991249330293085,0.2752509,0.3309575850815188,0.5111230576611757,2.505732965430892,0.01884106210569872,0.17978112696277404,5.2708344267646225
155,105,fit,1.0680430605149596,3.803035443171324,18,18,0,1.2536555360394699,0.14206373025800628,69,63,0.28323814272880554,0.24360926288643725,0.27783442,0.3014438938098004,0.4554424673635165,1.5365744586559131,0.024005597686457193,0.22906104662649993,5.462085482700122
156,88,fit,1.0046882368197194,1.9810101460753078,16,16,0,0.3099257987360892,0.09857755018327059,53,51,0.18868739902973175,0.1710003912044372,0.0,0.0,0.17838826822605724,0.5776675329852811,0.0023135981244340525,0.022076317981240958,0.7337964706511062
157,91,fit,1.0374100824694694,3.312304318994103,15,15,0,0.21996685028565133,0.13396817593826954,57,56,0.20766842365264893,0.19791402155231344,0.01935897,0.11329500370288444,0.13337462950807874,1.055754452282142,0.003857153573748551,0.036804900512867854,1.159111033321543
158,135,fit,1.1867798392390305,3.2534749461584638,18,18,0,1.3619696176317977,0.3113248655915717,98,75,0.3028532862663269,0.31528932488948413,0.2584458,0.25672730083319906,0.7338269968836124,2.939836862968795,0.03061485257152158,0.2921264558351296,6.266186905207409
159,108,fit,1.1355119337704958,4.008045105792867,16,16,0,1.1649576180366543,0.173737493825331,73,63,0.3147444725036621,0.24575262868156905,0.16716297,0.23371366304424368,0.7263890458089657,2.0837728778590034,0.0238602496454943,0.22767413783868606,5.715799809332193
160,91,fit,1.0061952445742819,3.30926275262522,16,16,0,0.8185872474313469,0.15377248710586047,56,54,0.2090037316083908,0.17963528260761852,0.020425983,0.030377425733838007,0.28232611744151875,2.400571531369096,0.012764867165389281,0.12180216760867635,3.9609139813635
161,97,fit,1.0589610076579732,0.9839381395752499,18,18,0,0.8222241208034955,0.20897607230453716,59,56,0.2185087502002716,0.19045699205899888,0.18807462,0.2471863656608391,0.32405989800146984,2.4066360549536925,0.012882737204677303,0.12292688172402005,3.6344728430086928
162,93,fit,1.0894507793158577,4.0205324723524605,15,15,0,1.1195400785834393,0.10532929731803395,60,62,0.23887962102890015,0.23304416342254583,0.0,0.0,0.21391693604584644,2.8424649652094094,0.020475088904411846,0.19537298572912065,5.472905662738722
163,93,fit,1.0363938122757193,3.995234965281971,17,17,0,0.45566643731242873,0.07994097818550948,56,59,0.212155282497406,0.20981880767478728,0.19491312,0.16630608350843343,0.03275131914532223,1.7113043748575891,0.008167029174836596,0.07792966769882248,2.298443803941735
164,101,fit,1.1004436760195704,4.903993149417315,18,19,1,0.7842742361226795,0.223017387755376,65,82,0.26355651021003723,0.3552577558479823,0.21697521,0.1924020653419219,0.9504775454024247,1.3088286617617992,0.006373200484478821,0.060812981722126146,1.2260168416452182
165,121,fit,1.1233411331733492,5.433482520243435,15,15,0,0.3320246013624884,0.25864276681208515,87,83,0.3971896171569824,0.3702305899411035,0.078774385,0.05128827750363616,0.3807596928916586,1.798533215587011,0.011076703504709642,0.10569373573196224,2.2067353408355777
166,102,fit,1.1833073756976173,3.8408129710602337,14,14,0,0.7870472982585781,0.1333468186966834,70,80,0.3043099343776703,0.3461630703592213,0.24549676,0.27522240011919913,0.7238995234316774,2.646423898510441,0.025395971487779202,0.2423279722116336,5.417890774971406
167,123,fit,1.1715905236860884,5.100642026862266,16,16,0,2.815216735603956,0.17945088711758436,88,75,0.40472280979156494,0.32601110642779074,0.06722605,0.11216176506313925,0.9263182918605029,3.9420589408038156,0.08035068443978545,0.7667050041964261,15.138530710819136
168,96,fit,1.1162310732803882,5.067602309249821,11,11,0,0.501563308822959,0.14150688993408103,68,75,0.29723337292671204,0.29825317317738204,0.0,0.0,0.16307814977477958,3.3812710950659537,0.03503182774837617,0.3342731655379405,9.27296464453135
169,90,fit,1.063288752671113,7.133256756069043,8,8,0,0.1273436167876094,0.07921320878336,64,76,0.2597675919532776,0.30735527666476625,0.0,0.0,0.45572219078393095,2.7800931300187477,0.022073252120646286,0.21062263473899126,6.048758246895801
170,100,fit,1.1934116318093642,5.236338761713236,12,12,0,1.3690136121917083,0.0801362388670687,69,59,0.29615500569343567,0.23694026231621326,0.19431728,0.1495112945221327,0.5817741722644961,2.9697446050167597,0.06518608599816947,0.6220046373871132,15.527321226443577
171,88,fit,1.0433925351815987,4.127054683130982,14,14,0,0.27106125981757273,0.0671310958437579,55,55,0.2009834349155426,0.18987122356301023,0.17012201,0.15228640780128147,0.13693914583517244,0.14486776572946503,0.000778026210282574,0.007423914220253569,0.24338310136694324
172,91,fit,0.9987546452178097,3.5577316414174316,21,21,0,2.207187182593145,0.49162272813606206,51,54,0.18195030093193054,0.1763660111072556,0.14017135,0.0,0.10529916875528121,3.1754026803476014,0.026100709335239725,0.24905256999274544,7.542749154570671
173,102,fit,1.0653587962801796,4.553694404132469,17,17,0,1.3513755461777384,0.674573920614244,66,56,0.2566106617450714,0.20060796658480495,0.26855493,0.346961680566168,0.5545442050148539,1.8173891484800042,0.01925563008186481,0.18373692826206878,5.10197289551614
174,94,fit,1.037468977084854,4.366763304397313,17,17,0,4.164048305075528,0.06153524837962619,58,48,0.21669545769691467,0.15430736637622186,0.24038209,0.2833864540927478,0.777912654994587,4.531598813089397,0.05488257812600354,0.5236887225763697,15.896700736750965
175,104,fit,1.1576467578636325,3.185083167424137,20,20,0,0.465945593747193,0.4830975381597602,65,60,0.2569165527820587,0.2211495179753014,0.007944206,0.0035042583871441936,0.3678056024713522,0.01835728757612134,0.00019329588518159524,0.0018444263853205653,0.04578552004961036
176,110,fit,1.182024288304467,1.5957875441536837,20,20,0,1.3160011599243042,0.21815012142034096,70,69,0.28884345293045044,0.26583774165339075,0.052710194,0.1010320337474201,0.2572302454340123,2.8328130042472446,0.027257599798351306,0.26009160112930635,6.131677352470094
177,86,fit,0.957219376471676,3.218853050102721,20,20,0,3.3081972383879035,0.28777119109571553,48,60,0.1537274420261383,0.18515573070982164,0.17987925,0.022036531207931257,0.33148313829339215,4.40224570077183,0.056149046367886084,0.5357733432050199,18.37468388954253
178,93,fit,1.1387459115033787,5.147925121187033,9,9,0,1.197048430830403,0.06933651330175218,67,54,0.27827879786491394,0.2000355075201338,0.29178745,0.3121537170692211,0.9084766249242523,4.581575645463052,0.06463886987896666,0.6167831095321247,18.862779438309126
179,95,fit,1.1040409495794363,5.198847560701682,13,13,0,0.2500326563880661,0.16101946786091048,64,59,0.2504950165748596,0.21039437153772375,0.26011047,0.3569320042722822,0.38621235881090915,0.559447858811258,0.003410281307671883,0.03254085217244163,0.9944090657790218
180,87,fit,0.9638366677686547,1.369213761208039,25,25,0,0.9232531130217427,0.20301414627370737,44,46,0.13714560866355896,0.13705415700828433,0.0,0.0,0.11261182186189586,2.2721208647789948,0.013595920245988961,0.1297320634159252,4.050999495075646
181,108,fit,1.1654165090375719,5.03774754099084,13,13,0,0.5693052366772944,0.12655823704785543,76,95,0.32696565985679626,0.38598726202726363,0.21024999,0.21716135514731214,0.5822334292215265,3.352123317229951,0.04740861063695736,0.45237223890226486,10.08590384289375
182,107,fit,1.2172609411392474,5.1243918048301005,11,11,0,0.401001287641625,0.07726315785948736,76,76,0.33910173177719116,0.3344885574032798,0.24656409,0.23444354434605455,0.2511056757312478,0.7554077791773317,0.006316879957748403,0.06027557211591988,1.3887496347762371
183,97,fit,1.066413795122822,7.185084050457808,11,11,0,1.3409353016270456,0.13754180017750478,68,60,0.2873097062110901,0.24162844086849736,0.23095416,0.1427244827475607,0.7190490132356829,3.8365202058445727,0.05890378332296581,0.5620590011733378,14.807206505112005
184,90,fit,0.9878838817143882,2.4706917438861398,16,16,0,0.16380928520853458,0.2920262685304827,55,55,0.19240690767765045,0.1870037039096185,0.0,0.0,0.07179782426106149,1.4039365640361958,0.005041674679503538,0.04810758281969025,1.598335209583181
185,84,fit,1.04888085001727,4.476426627284381,10,10,0,0.1574410148693803,0.0674252056047846,55,50,0.20281095802783966,0.16031184705885637,0.11897857,0.2324405177059402,0.43659836990612316,0.20850975332238186,0.0007212846513679391,0.006882487131373464,0.2659549929541761
186,93,fit,1.0754895900286456,3.4032348242592687,16,16,0,0.4754021399201772,0.515445427898432,59,64,0.2396213412284851,0.2423827254625655,0.11429868,0.22247708740531233,0.1557375402867851,0.4256082551014011,0.0013363656037173317,0.012751580188142477,0.34351622645548874
187,107,fit,1.2201064633726801,2.680551394598326,18,18,0,1.4947648406867955,0.22812094679873574,70,70,0.31869378685951233,0.2939912808188055,0.076208495,0.09251294337365941,0.37132897987004804,1.6012266435140936,0.03083471226009164,0.2942243536268286,6.121647847651785
188,93,fit,1.1543190513432415,2.5891409448812683,13,13,0,2.419732041295667,0.036235628113701956,62,65,0.252144992351532,0.24349888020170118,0.019293062,0.0,0.4481358443729083,4.803158313565216,0.06344135548876906,0.6053564455035215,16.664220981256765
189,106,fit,1.2068017819967076,2.3067952552594897,18,18,0,0.6426609050415781,0.37870430676909866,69,69,0.2947015166282654,0.2738273408550099,0.0,0.0,0.2709574456103637,2.3399460684004545,0.017670507650537196,0.16861171422268315,4.02641263893569
190,102,fit,1.1267007676676626,4.950256387102222,14,14,0,0.5867957115973459,0.21541193407172537,70,75,0.3025207817554474,0.31628023859721155,0.2834918,0.30366777607954004,0.2658259400617851,2.2690813382980215,0.017770524425350605,0.16956607276097904,3.8679203047176913
191,88,fit,1.0860583306496356,2.1174600001940433,15,15,0,0.7064393882981138,0.049049247911885564,54,61,0.20173989236354828,0.21928861484652695,0.0,0.0,0.17237997759118376,2.794823383486522,0.019009165783023908,0.18138516968534263,5.45963159789771
192,99,fit,1.1393387181122936,1.946635770651699,16,16,0,1.7893613794335212,0.48196766187766366,64,83,0.25487059354782104,0.3441849494782133,0.14188689,0.18162605968517,0.877049895730182,4.613252754260408,0.0895581643545507,0.8545626369709036,22.00331467343217
193,99,fit,0.9552128245906221,5.165544864206341,13,13,0,2.623060962855943,0.08105934193708116,68,56,0.24632126092910767,0.16777068272268097,0.28457835,0.365574078127898,1.0365648824910634,4.789355943217203,0.06426102604289134,0.6131777294169021,19.580903106186376
194,252,fit,1.2197176095156645,4.97229820446607,15,16,1,0.6157420508859331,0.2026316998928263,71,84,0.3182612955570221,0.39920363752253374,0.0682302,0.02650590003875095,0.8460106919018469,0.6572252125165179,0.009604087756987376,0.09164205874987955,1.6907370149032668
195,105,fit,1.091021592258013,3.252020665025737,16,16,0,3.2958739689472747,0.21307094367665352,71,61,0.27967673540115356,0.2211091085962487,0.27260426,0.3494903395717403,0.6005925344693651,4.292809048389724,0.07057398652568515,0.6734159019626446,16.945842700173433
196,98,fit,1.0904729351549285,3.4709433830779015,15,15,0,3.1105697501360856,0.12139635751562901,64,56,0.2347327172756195,0.1969527040519831,0.17433783,0.296706584863699,0.3839869699726054,4.294334362727108,0.06869255359766895,0.6554632976876807,17.25989417506546
197,103,fit,1.194230047780074,2.7098442890353907,15,15,0,0.2400419877283925,0.08781196833756412,69,76,0.2980301082134247,0.32629404607358714,0.0,0.0,0.26982856818035195,1.5718485761046357,0.009226825784507646,0.08804223076820272,1.9840737976906349
198,111,fit,1.0936271766315147,3.9759147649750983,19,19,0,0.39815854327752204,0.2284603037170945,74,63,0.29238370060920715,0.23004680408595626,0.3333091,0.3632967979321248,0.6141341493484075,0.21029413316870973,0.0008850359933113655,0.008444999936177151,0.21322484165164052
199,104,fit,1.2679676682091785,0.5826115930701105,14,14,0,0.4214900106282411,0.1671103368695161,71,74,0.3235095739364624,0.30879281781611045,0.17574117,0.16970088684433654,0.21929365326377162,1.954355801407248,0.013513661686835942,0.12894715350034294,2.9947303728498853
200,106,fit,1.3099009818481737,2.284926319294527,13,13,0,1.791634504791288,0.19796624969773022,74,93,0.34523436427116394,0.38933670879699595,0.0,0.0,0.7786031231934314,4.6374932028316325,0.08132455246905232,0.7759976380634763,17.185179467859726
201,116,fit,1.3238570908481146,1.8019070988722965,11,11,0,0.46572604469499934,0.06586206036551627,86,68,0.38088396191596985,0.2783368097885938,0.35193065,0.3462289649899574,0.9822998380602816,1.5684525123858184,0.022797217815541938,0.2175307043467742,5.288158729703617
202,94,fit,1.209336450559495,1.4937700268506657,11,11,0,0.9532718375297371,0.10775204691963505,65,57,0.2740646004676819,0.21862093721007053,0.32892516,0.22331453368169932,0.5389999830541436,2.57091131583135,0.04138960478313383,0.39493897693829993,10.906282773691398
203,100,fit,1.0416048074835567,3.261345640630486,17,17,0,0.6736222000135842,0.5261163812164881,64,55,0.24509692192077637,0.18710243684971803,0.0,0.0,0.5794751525853558,0.5763725087175003,0.004172047476358164,0.03980961332402828,1.185489392508585
204,103,fit,1.1657081037774475,4.891119703691085,13,13,0,2.5943391879493496,0.13077555616187,72,69,0.3229808509349823,0.27465644445943505,0.025175802,0.0,0.6553369369256916,4.919096935644741,0.08077176942125676,0.7707229906608469,18.575248351685634
205,102,fit,1.2259417097531506,5.403869603650537,11,11,0,0.962032708374133,0.17540056674943255,73,70,0.3251756429672241,0.3083561188156225,0.10391572,0.14748054324092852,0.2053807812092527,2.416527832995291,0.0487104345929516,0.46479422321518704,10.38219617601166
206,99,fit,1.06097662136891,3.9576371128691648,16,16,0,0.26677381302766817,0.19002228743532604,64,60,0.2399580180644989,0.21332894368925784,0.18346141,0.3112190341408074,0.2643997209947859,0.7932820126140819,0.0026564799760309308,0.02534809137434094,0.7367619007686095
207,130,fit,1.1627444196038557,5.803530092335752,18,18,0,2.1738056765901126,0.11802456978165755,92,112,0.4172508716583252,0.5372136397671771,0.0,0.0,1.1746409662132316,4.066503579706576,0.08983225912015916,0.8571780450396866,14.240248518173852
208,112,fit,1.1594987638146863,4.997572283707141,23,23,0,5.428809741676274,0.6376487386015888,71,75,0.29620644450187683,0.2803654492989611,0.26871708,0.29810826626894404,1.0449753170388858,4.509230571047781,0.07373433945283313,0.7035719413438275,16.36059777059748
209,121,fit,1.2463781278069366,5.928706534933875,15,15,0,1.9088532598099122,0.259068912939303,87,69,0.40518394112586975,0.3060445445666194,0.096237056,0.08369636394468342,0.9851207252601448,2.5767605322470897,0.0650330776271019,0.6205446338463922,12.489759299717205
210,108,fit,1.2144830247475107,5.583280559039857,14,14,0,2.2982967581897333,0.18887088004533914,76,64,0.3446498513221741,0.2703651198955444,0.25850308,0.20088860019112745,0.7490685905460353,3.811455353421079,0.07095306630298889,0.6770330754101993,15.025306378763675
211,90,fit,1.1318116975501673,3.1335507249757253,13,13,0,1.4911882043052915,0.10751663991124871,58,77,0.22323566675186157,0.2640910817114804,0.15604343,0.1787685528199146,0.4102009995020114,4.479668459259949,0.06244851730732185,0.5958827987339871,17.9852780989542
212,95,fit,1.125363369856699,3.1920522373806373,16,16,0,0.37634802883659046,0.04710692746655932,61,60,0.23175737261772156,0.22246801048382348,0.0,0.0,0.18840029086724153,0.6481688786953389,0.003086059198152222,0.029447129753360897,0.7941990895832944
213,101,fit,1.1666218810106053,3.8193203076144413,13,13,0,1.1319692723921504,0.1865799601660603,69,66,0.2855755686759949,0.2724619512989194,0.106949806,0.12537410487245795,0.15375731874545853,2.2232610927157928,0.04289331669300477,0.4092873730248547,9.714368198955404
214,95,fit,1.145289414015321,2.559154666967625,12,12,0,1.1184069023697651,0.1718010900670478,64,57,0.2495238035917282,0.21226909633871968,0.11870639,0.19041346546755664,0.4991760029715683,3.0976699029012456,0.036907645527288,0.35217219014587786,10.124367159851758
215,104,fit,1.1105964955088485,4.236763548369196,13,13,0,2.231245805048319,0.13665217918845374,72,57,0.2470652312040329,0.2043969822684126,0.25678036,0.37952805314909976,0.922163809978009,4.030879706582881,0.06841962552673132,0.6528590222016347,17.713406682726657
216,95,fit,1.0620311998572887,2.988456056851788,16,16,0,0.24026320634437343,0.3724299333891465,61,61,0.22493329644203186,0.2176484062789277,0.22834617,0.16636309501680585,0.11636789515262454,1.8045564236617104,0.008906769520352744,0.08498825878199183,2.4658565490082074
217,93,fit,1.1008460155893602,3.5037265394990507,15,15,0,0.3547047899722186,0.2116023180806611,60,68,0.24192605912685394,0.2691118010979835,0.035295084,0.0,0.2738742830696884,1.641822305198017,0.006431304628227852,0.06136741057469324,1.5818711205232054
218,91,fit,1.177270346297411,3.121466000935031,12,13,1,0.8870231018308966,0.09908468161629504,61,61,0.2414971888065338,0.23500679936157476,0.0,0.0,0.2981243361797226,2.6608544514520474,0.029009945057378167,0.27681245283757794,7.425610981876998
219,100,fit,1.1222000899856506,2.0409294014025736,15,15,0,3.193023180172062,0.10129235601847619,67,54,0.29056355357170105,0.20839823714413666,0.42578095,0.3824801947981721,0.9190838358331638,4.032585624132653,0.08701922744540153,0.8303361397461977,20.150730579888823
220,93,fit,1.0933176126902615,2.7210017499516477,12,12,0,0.24569736959856048,0.10209689739896566,62,62,0.24286718666553497,0.2299607146914485,0.1436094,0.25343792258379394,0.12753731120376588,0.950166507999398,0.003835885924359897,0.03660196492709825,1.1037743698734257
221,102,fit,1.2227101336699113,4.538708354278068,12,12,0,0.8967364165348214,0.0926001386035282,72,83,0.32213979959487915,0.35485310517851326,0.3002646,0.18082028949123338,0.5278638043902256,3.762615906104919,0.0487290378399868,0.46497173511437784,10.9124616874565
222,102,fit,1.226633681614098,3.2145434012325085,14,14,0,0.22184303241878578,0.128928226092229,71,70,0.3143424093723297,0.28801727970156116,0.17234844,0.21093564112699686,0.25530430751580807,0.8378797823539458,0.0028747555755562143,0.027430873812559296,0.6599838542558624
223,117,fit,1.2614225138876964,5.489413875488094,9,9,0,0.2988722948717665,0.10671352219486578,90,83,0.43712860345840454,0.38880548303686435,0.0,0.0,0.4664695886969153,0.7672386789262219,0.010413563308014845,0.09936606209937829,2.082744479153378
224,101,fit,1.2945631862165428,2.8220780574303013,9,9,0,0.2769893139575254,0.0777873104442074,74,73,0.3328515291213989,0.31537604632051,0.050629757,0.03007252741601145,0.2068355061820674,1.1710930452657098,0.016511351005587052,0.1575510592136169,3.8422050040311735
225,106,fit,1.280212031537055,4.542686626175795,7,7,0,0.4575217152843498,0.0655015767782691,80,69,0.3694470226764679,0.2962470045067583,0.29077226,0.4102775908114183,0.7808480284291239,3.757132030860122,0.049977188082815725,0.47688156567572254,12.095911723840691
226,104,fit,1.1095533999718181,4.7745239877372745,14,14,0,0.29273890115826345,0.21828883556615555,70,75,0.2696857452392578,0.2776163271441008,0.28918058,0.41286018239021804,0.23506483175805104,1.7482457533231341,0.013375485291439929,0.12762867644503748,3.2663737224038143
227,229,fit,1.3640888375744835,5.364997816756001,13,13,0,1.0308739371127285,0.2983457811387202,80,83,0.39907941222190857,0.3982384301041226,0.13631599,0.3014981895881913,0.1009582313553268,1.6164696181221612,0.031660940278682805,0.30210820876605726,5.5625337601841025
228,92,fit,1.031764279394977,2.960055900543958,16,16,0,0.7213851294624319,0.10681905397097598,57,57,0.20548798143863678,0.1893616996646936,0.0,0.0,0.14891707507849053,2.7782324034924404,0.020677089354344213,0.19730047093839898,6.557276325492033
229,80,fit,0.9763727206771922,4.7884062466674555,11,11,0,0.1912049970624117,0.04990001857662333,51,50,0.18091268837451935,0.16268422299054763,0.06668802,0.0,0.18288021854518033,0.0178595422785822,0.0001255677092894559,0.0011981651649757242,0.04768521091425553
230,94,fit,1.0785379433153721,5.886020739491539,10,10,0,0.26782153337588377,0.0726992671912315,66,67,0.26599055528640747,0.2582579634888271,0.099673264,0.1505606820010081,0.09456947867974477,0.4077647783888221,0.0006949109678879326,0.006630829846258899,0.19499207555180345
231,98,fit,1.051455328174501,0.8712035722099537,16,16,0,2.4602778969712045,0.10826224170416414,64,76,0.2644634246826172,0.3179836811187642,0.13993295,0.05079309641070014,0.7005152064799147,3.7520009140051975,0.052511787979124896,0.501066679190123,11.23408774474695
232,96,fit,1.0949621021466622,1.5703455104074835,12,13,1,0.47319250094583143,0.053114262224423926,65,60,0.2606286108493805,0.22308564134946748,0.20880735,0.2993771345336446,0.3187226824137302,1.6787184992052964,0.015330517566908368,0.14628356456973632,4.25187427335967
233,89,fit,1.079841563808083,2.6329389455984993,15,15,0,4.023181211961892,0.09152673584620213,56,48,0.20747250318527222,0.16180955926535434,0.025344279,0.0,0.7043561470495153,4.894345399590867,0.07940513578461637,0.75768259336466,22.01057544156534
234,121,fit,1.1157204502488045,1.065910339673621,22,22,0,3.9950908602087383,0.24308688057795746,81,76,0.3341906666755676,0.34093495659348777,0.26822487,0.14778823936439606,0.46208897319903774,3.173586071190428,0.06758219752366797,0.6448682969815646,11.45011080844126
235,97,fit,1.05707011386547,1.895475292715498,22,22,0,2.4654879576779645,0.18414841511940053,58,56,0.22573190927505493,0.1994342269479219,0.28427437,0.2505084941455273,0.44785465301725425,2.183605434491037,0.02704333547306269,0.25804709420861344,6.458892242824684
236,110,fit,1.3284448922582082,6.29206708580908,16,16,0,1.1909326555387079,0.08531502516660829,76,82,0.37538862228393555,0.39523487672305835,0.0,0.0,0.2325409988995643,1.6657715957789452,0.03377611468208079,0.32229117063054186,5.586667932194018
237,110,fit,1.2744908502855543,2.983157535838846,10,10,0,0.15570348649108798,0.07822859197562922,80,67,0.3249923586845398,0.26383875686252983,1.6913404e-05,0.005254291578122615,0.5835762331166907,0.5955376294059781,0.0015802193015744409,0.015078428450137795,0.41700338001580717
238,95,fit,1.0625805395831966,3.0368144282313265,15,15,0,0.17916013720729998,0.10969790454733505,61,58,0.22213628888130188,0.20347326079501568,0.15761715,0.04389373734550329,0.22493947029514783,0.9649702904563787,0.0032766129189541553,0.031265390448035835,0.9526540597069261
239,99,fit,1.2057754153945939,3.0958755277535945,11,12,1,1.6914025047420482,0.1338829753733193,71,66,0.30119502544403076,0.24936311337160402,0.24482854,0.34152051972450675,0.5966150364672951,4.656458890519582,0.07318147993555243,0.6982965642705384,17.35222497671523
240,117,fit,1.098965288714682,5.282351902852772,15,15,0,1.8886869527457624,0.17584543888630164,85,102,0.3643563389778137,0.48157705558634206,0.067506045,0.0,1.1990230572408465,4.866040196581352,0.13015399161781763,1.2419274009333743,26.29113494450203
241,111,fit,1.3083855843548833,4.882052517549414,8,8,0,0.46205067293885227,0.058119599381388755,85,103,0.40745049715042114,0.48581335874581927,0.052620582,0.012730721885847425,0.8645676358303874,4.056466523387658,0.06638182194290755,0.6334143315162934,12.580342793120192
242,104,fit,1.1720334722153747,4.944114399346208,8,8,0,0.4949888892562377,0.0630981597445591,77,96,0.3546043932437897,0.4506275381354841,0.13111204,0.09585345186901573,0.9068755282517572,4.6742449658811935,0.08872979926760831,0.8466583899580945,19.575112749835323
243,106,fit,1.218287721143387,3.414487806939403,9,9,0,0.08886031271813699,0.10156572950456601,78,77,0.34907066822052,0.33067229394057795,0.26107138,0.26397508783164136,0.47835452649192484,1.3613757791055696,0.006082879382050151,0.05804274219513503,1.4261302623501169
244,98,fallback,1.2229487895965576,3.96602470663486,4,4,0,0.8312781193218602,0.10824797370312877,76,80,0.35278546810150146,0.35361013303480854,0.13203108,0.14212354776566308,0.30246047842751467,0.587108249411766,0.0015870955561541368,0.015144041566356266,0.39539425146488577
245,99,fit,1.0414173244527303,4.347158355898526,13,13,0,0.45714313227107944,0.3562048582896488,68,74,0.2821715176105499,0.30739626442991813,0.20848034,0.22355071846850158,0.2857005278638961,2.265812106149079,0.016664040782850043,0.15900802273711873,3.904715019923681
246,105,fit,1.2132267687631992,6.245511743541553,12,13,1,0.5171621000382454,0.30817006007141673,74,92,0.3333014249801636,0.4160840499383899,0.16617413,0.04672929436413471,0.9834864058956616,2.960259394533821,0.03136763499469998,0.2993094942242364,6.05843746198039
247,102,fit,1.1364938839544596,3.8753610749527834,15,15,0,1.0056929728586539,0.1246040903680427,69,73,0.2782750427722931,0.2947669462052068,0.22430305,0.3182726196412886,0.1493513526509958,2.7885229252574035,0.02568066571891681,0.24504452021867185,5.9303052040441
248,109,fit,1.087948359325499,4.230657852495705,12,12,0,2.3070506030748548,0.12043379982003544,78,54,0.2878689765930176,0.18911177331374296,0.24327493,0.35176548303110794,0.9412534835816656,4.532654866524471,0.07652888675022591,0.7302374689907053,20.32073618650054
249,105,fit,1.183098061066465,3.8422552340968017,18,18,0,4.459043756570489,0.25484243520323935,68,47,0.28331780433654785,0.16950571927227706,0.2264751,0.25796513546811756,1.1325059093260785,3.697978583628631,0.08227981303186431,0.7851127197696975,18.93791138904006
250,99,fit,1.1210834097987243,4.190351084542188,15,15,0,0.5278265640615111,0.16200820843126376,66,72,0.2711530327796936,0.2749351131289289,0.21732438,0.23683824719522872,0.19868237066442346,3.095616439689823,0.03432806837927743,0.3275579043824182,8.774313743051886
251,96,fit,1.0645467475596013,2.0931407505530086,19,19,0,5.020283473116136,0.17359901278528975,59,39,0.22015881538391113,0.12417288936347529,0.18611924,0.3007374293094994,0.9704988902143558,3.84779021155994,0.07040293294819937,0.6717837113377803,19.262447760775753
252,98,fit,1.0887973109346514,3.6472649982096796,19,19,0,1.548959924150921,0.310522526747127,61,58,0.2337910681962967,0.21639863418108424,0.2602995,0.25822371396634164,0.2703921403547096,1.6917862951984997,0.0257911716947084,0.24609896655256105,6.111258084887589
253,92,fit,1.00013082712708,3.7238108225026463,20,20,0,4.776140343330966,1.0808560767083535,54,55,0.18719102442264557,0.17916832869870275,0.0,0.08894945287128152,0.3900904676228724,4.241802202486384,0.047350652064223946,0.45181919908610635,13.21275193194421
254,108,fit,1.1121410100663012,5.229093006385376,12,13,1,0.6469727545595346,0.30034219174450016,77,64,0.2804824113845825,0.2403525562107866,0.33560112,0.39900154551085326,0.3200291094808518,2.1681181451906095,0.01403629887428003,0.13393414956374072,3.7332021599726763
255,108,fit,1.1374189068275729,2.955185479144227,14,14,0,1.2356574054643807,0.08115393928204714,75,84,0.3291897177696228,0.35471108263711804,0.3924906,0.433675356071525,0.9365658758057609,3.8842862714277104,0.05625678138979139,0.5368013491392308,12.341691068467949
256,103,fit,1.1748792882846117,2.1385383744514703,13,13,0,0.19757387970871929,0.05683425033748172,71,72,0.3065311014652252,0.2995647212653076,0.3941138,0.4421528872720697,0.2231828136841286,0.1285083192133532,0.0011440669383532879,0.010916669259096259,0.26529167302602763
257,118,fit,1.2216922765865528,2.390758193813245,14,14,0,0.18023497339992658,0.1544777259818648,85,85,0.39733177423477173,0.40372178766530653,0.45298764,0.27060074965622416,0.11560316262499329,0.9452559242554788,0.0066227334149339175,0.06319402113486562,1.219156792647804
258,99,fit,1.117409525826972,3.883123777494103,14,14,0,0.8392762170501624,0.03879732367850865,67,66,0.27425262331962585,0.24961172170749066,0.15475067,0.15513840602815465,0.2869977403018053,2.6608312662518334,0.020185159304775286,0.19260648191579471,5.178001911199959
259,100,fit,1.2264212006876034,2.8269557337980897,21,21,0,0.8636389139513407,0.11882190072888256,61,69,0.2512989938259125,0.27474050907712316,0.22836798,0.16311656774155084,0.23484628108777003,2.1784449131677537,0.013726964879703377,0.13098248931014672,2.8844500771501957
260,100,fit,1.1042388310702234,3.6765292407555727,18,18,0,1.6908031614205283,0.1406736498290831,63,82,0.2393438220024109,0.3137405625458431,0.08762134,0.07349200737867302,0.7322472303866768,4.067688045970831,0.06758625826602961,0.6449070445231833,16.396197066732903
261,96,fit,1.1957185421440433,7.7627236647683,7,7,0,0.24975685753570256,0.03928241817309289,70,76,0.3184596598148346,0.3373705237315246,0.0,0.0,0.17943486803092584,1.486101883925287,0.0237314489529849,0.22644512359718416,5.464771511498028
262,105,fit,1.1578678771468478,1.9753333948615834,20,20,0,0.5042596727051787,0.2710706010831937,65,62,0.26920679211616516,0.23598153386311194,0.19463982,0.0,0.32158075596707975,0.2578078078263356,0.002395029701604598,0.02285333684737212,0.5606668229682857
263,93,fit,1.0988111860744738,3.2352182934621236,13,13,0,0.8773053823885714,0.114035948991133,61,63,0.24220162630081177,0.2361411010813147,0.09493512,0.0,0.23215165025154674,2.914634313927031,0.020656747302724394,0.19710636739240833,5.865570669771681
264,99,fit,1.1409495975657902,3.595707098319759,17,17,0,3.0492525109415562,2.334607963271964,63,72,0.24765437841415405,0.27498188864279066,0.2810692,0.3440550892966311,0.41624020225014846,4.324526546157127,0.05719669801572204,0.5457700192339889,13.820259967708884
265,107,fit,1.0978573701833896,3.8667599730298723,19,19,0,2.7168053022214753,1.7391153961691261,69,67,0.28197625279426575,0.2776205566910345,0.25866187,0.30980539146444724,0.21946060908845746,2.411592964053817,0.043753949970114996,0.4174995226156011,8.936240989464958
266,94,fit,1.0509383241600005,2.473698865638387,21,21,0,3.016999200640655,0.17227563549603275,54,47,0.1864212304353714,0.14899907935692314,0.1909602,0.20661972136814077,0.3914996541756576,2.951538230748553,0.022513876120159954,0.21482706221526673,6.171661481189459
267,102,fit,1.024002971272639,5.198547777094324,17,18,1,5.645129755523687,0.1653100684667841,66,45,0.26522377133369446,0.16944380200626116,0.1165636,0.18445755328486863,0.9316315572357362,4.825302201594733,0.13086394516468441,1.2487017668385918,28.383602806841395
268,115,fit,1.205748607323682,3.812891175799029,19,18,-1,0.37961205163867795,0.2884476948019799,77,77,0.34945517778396606,0.335077224084477,0.0,0.0,0.2150928243826588,0.34228369975032824,0.003001516439327425,0.028640424039383827,0.5845969433077708
269,87,fit,1.0186649293996983,4.513107834314025,11,11,0,0.39069200391647424,0.047164586389380495,58,69,0.22218583524227142,0.2643026557858726,0.09696489,0.11570774318540664,0.4389766535997594,2.836114614684783,0.020390861095004004,0.19456928525767178,5.7763129693728015
270,100,fit,1.1461822663374797,4.292019112722961,13,13,0,1.7837648505192942,0.12567247571444629,68,66,0.2912440896034241,0.2683564543538172,0.24378178,0.2023934899191922,0.678615827665,3.5924781152086527,0.05924689927315604,0.5653330083316416,13.67852020007054
271,99,fit,1.1255318593017833,3.5210948815579566,17,17,0,0.2607877195263226,0.2079570052528795,64,67,0.2570880651473999,0.2611326707806849,0.093125805,0.07450837854400191,0.10774744693270823,0.6131283257773937,0.0030919234831401545,0.02950308667118468,0.7331964616517914
272,97,fit,1.0848175591986786,4.21331823549568,13,13,0,0.40520835817329287,0.09230987976766179,66,69,0.2661345899105072,0.27718479999248385,0.053812727,0.0,0.15531077315843134,1.4018997210393485,0.011773215919472148,0.11233984655984873,2.912433762988797
273,113,fit,1.2671654792045017,3.316207875302928,16,16,0,0.803623043338547,0.13621067887413937,79,78,0.3478195369243622,0.3352795156090492,0.17903009,0.3650701258263673,0.15808672777863672,2.12672435902774,0.01622001560205526,0.15477114124098532,3.2195369360640407
274,83,fit,1.0397093035394183,2.223011914999467,11,11,0,0.23338761308114078,0.0782295859999451,54,52,0.18737047910690308,0.17459357125830816,0.0,0.0,0.13387808096362608,0.6042584496645313,0.0015633870499633632,0.014917815362245831,0.5583293498662784
275,101,fit,1.1921171559288726,2.8182492376808495,18,18,0,0.41573092950222207,0.2274680934449827,64,64,0.2634686231613159,0.24625327405535355,0.034662154,0.04755824234536268,0.19189769307385954,0.18348865135216913,0.0005234543765501606,0.004994793669371762,0.12116737842718166
276,98,fit,1.1551868413637447,1.5014728767022607,19,19,0,0.4597916691388872,0.39721877165298036,60,59,0.23588956892490387,0.2165476324086375,0.0,0.0,0.21822609194100573,0.10326409363838854,0.001134043724257036,0.010821027903215992,0.2752989058945004
277,96,fit,1.0763213032489465,3.20301732185088,18,19,1,3.2040179469549463,0.27489526872394227,59,77,0.22139966487884521,0.27886502961112664,0.0,0.0,0.7314589881647815,4.448610252591409,0.06487078707985353,0.6189960599222665,16.10780838104388
278,90,fit,1.0216625529460548,3.3754229123713815,18,18,0,1.6197888903724067,0.297790309180696,54,56,0.19456236064434052,0.19730652906312246,0.0,0.0,0.13430818365818123,2.4343527522533748,0.022200615071280308,0.21183793006946858,5.927270361809547
279,99,fit,1.1706936395121144,5.5492426434437645,13,13,0,0.30196733753765614,0.18496551852430124,67,64,0.2829291820526123,0.243083596239655,0.27429327,0.30549202104260953,0.3855623088621211,0.1701708486952281,0.0009419037297013075,0.008987631008600262,0.24834570393376326
280,105,fit,1.0793116501271318,4.72098767931059,19,19,0,4.882110127964193,0.28184963758159987,67,58,0.27291274070739746,0.20739353136348895,0.35435316,0.34979840896364334,0.9291193898615693,4.262596344649071,0.05991781767926083,0.5717349015196644,13.981302674611397
281,107,fit,1.2405740836212678,4.302060130208068,13,13,0,1.4734310244816382,0.21947216107936854,75,87,0.3502195477485657,0.3862772772570985,0.15850762,0.19173112415900875,0.7046963867316623,3.973931330074797,0.05804071989152928,0.5538236630871114,11.766245548920098
282,101,fit,1.310989471922511,5.310944229309882,9,9,0,0.21408267274660805,0.05776920877915837,74,82,0.34765294194221497,0.36634906846745235,0.1597175,0.13024467330365938,0.20140728111500222,2.0079367248614988,0.014161341859996759,0.13512730782439655,3.121523191426022
283,95,fit,1.0881721820786263,3.7455614925583607,16,16,0,3.2239125452618804,0.1324394891045707,60,54,0.22550925612449646,0.18819420909245935,0.18124223,0.037372110980036774,0.5611132527747466,3.994716205383495,0.053917625132490384,0.5144811558443738,14.184607522809184
284,104,fit,1.2117998051069117,4.198777396653809,13,13,0,0.5651669328520167,0.2127074593244967,73,68,0.3081416189670563,0.27128198507218404,0.23772459,0.3963897605641091,0.40461945205741734,1.2378335424453044,0.016252613521252353,0.1550821900882858,3.835004695398308
285,99,fit,1.1892605706989785,4.281480983788827,11,12,1,0.3772476397546393,0.08376387299511606,69,67,0.30102500319480896,0.2729544786524438,0.2544179,0.34056662077361577,0.1956625379528295,0.7653777639570791,0.009295999881714737,0.0887022889476597,2.2949516123634837
286,100,fit,1.168315374170438,3.616328004829499,12,12,0,0.811749465205163,0.08036250945192862,70,79,0.3109586834907532,0.3153490401193813,0.26016355,0.36091948690857933,0.23079297178302635,3.656545381757682,0.04129747728376951,0.39405989774589223,10.190906936879836
287,108,fit,1.2697934772748167,5.175752076163286,15,15,0,0.685208662736156,0.19014158701718817,75,78,0.35539865493774414,0.3529937323371941,0.2159078,0.08578714089712423,0.033481793000195485,1.0420899642093449,0.017202479598176532,0.16414579769252416,3.2710657570684476
288,97,fit,1.119522605195966,2.7174558393728145,17,17,0,1.7219261331716884,0.3136193012686068,61,64,0.23316437005996704,0.2398776257971537,0.14423591,0.2365678140310661,0.2915145095969804,3.0980749993351107,0.026074770453951356,0.2488050615835053,6.503929335753597
289,95,fit,1.02396381325758,4.264418082011158,16,16,0,1.5639585164909533,0.19124285213848183,61,59,0.22440464794635773,0.19753906611221717,0.2472974,0.20175484339196337,0.25914830500854696,3.3819743789258165,0.024382938409847774,0.23266162604816576,6.995536801032102
290,94,fit,1.1330758046589804,4.147672983379822,14,14,0,2.4991427316931287,0.055025509531397114,61,72,0.2331024408340454,0.26921919680361084,0.14318961,0.21379671181324914,0.5320578568894244,4.789456193692447,0.06654512182210004,0.6349725364704202,17.278360777749228
291,97,fit,1.1495508711475935,3.2131929907723733,16,16,0,3.837360065602781,0.15445576583865328,64,47,0.2621430456638336,0.17080326478602037,0.01649324,0.14940800658784062,0.9120171262048955,3.9944159264750243,0.08922705822795779,0.8514032273660094,21.66811890394437
292,104,fit,1.1753514396157365,3.4977704644517225,14,15,1,0.2935612831926621,0.38223541206316436,71,73,0.3048411011695862,0.2926715102597742,0.0,0.10649511282844115,0.036489172282809276,2.5990784001785854,0.0247590067969167,0.23625006485607536,5.9267263408495765
293,105,fit,1.2151303985234854,1.5177860740238303,17,17,0,0.41799434531966806,0.3288261118587916,69,69,0.2963528335094452,0.27958267014887095,0.15008464,0.1968139457733242,0.16636256817661713,0.04333494709695852,0.00036476962730757186,0.003480626214766907,0.0809210520248209
294,93,fit,1.155375874783516,3.1465356889319276,15,15,0,0.22558375059376753,0.06856975419045117,60,63,0.2311110496520996,0.240009928314205,0.17738265,0.12917501128145348,0.2121319893799693,0.3723993804157434,0.0021785429662100684,0.020787623723378515,0.5614920865482904
295,103,fit,1.239709791843832,3.3712837902381825,11,11,0,0.23958506935314758,0.09432898782539968,73,77,0.32276350259780884,0.3368827909685053,0.23594943,0.3441427799577885,0.14339536264546449,1.0798555378234271,0.0060713488150763275,0.05793271770110999,1.3456239101172291
296,108,fit,1.2183647130946518,2.9200474408752313,16,16,0,0.2763974502523571,0.22449115139404918,73,72,0.32111042737960815,0.29473417943349756,0.06900642,0.0,0.26971060419556353,1.820207203343175,0.012633941018085662,0.12055287230997769,2.814816546136247
297,107,fit,1.252310087900125,5.455611953339058,14,14,0,0.7394545273524872,0.19365445017079536,74,93,0.33478814363479614,0.43260912961847386,0.0,0.0,0.9400601090056303,2.225904464128177,0.018258301464501983,0.1742204338215838,3.3113215756591474
298,107,fit,1.2491117090062875,4.292705666710435,19,19,0,2.091981582169122,0.1399811383724369,69,88,0.3034132719039917,0.37323704768696525,0.21062554,0.37267828981603796,0.7202560958895328,4.31112501112377,0.08696436188620198,0.8298126134179578,18.005891726181552
299,93,fit,1.0422393298951766,2.9953126569977204,18,18,0,0.9417786788802032,1.268472104540308,57,52,0.2119848132133484,0.1708369494214234,0.11960542,0.18404185852992838,0.3948337271960166,1.0143824459435462,0.0027858138037873165,0.02658219278423012,0.8248795863852472
300,88,fit,1.043392419230843,4.127054739743269,14,14,0,0.24513228516758964,0.06713144080331906,55,55,0.2009834349155426,0.1905291488570037,0.17012201,0.15257790215802214,0.13245102026857092,0.039244587438050316,0.0003438203117060898,0.0032807281651344444,0.10755617461327972
301,91,fit,0.9987547313844108,3.557729466717336,21,21,0,0.27338371654264215,0.4916284621229535,51,50,0.18195031583309174,0.1616774123187695,0.14017135,0.0,0.21127906190600876,0.12669316387262447,0.000609428789009693,0.00581516020047417,0.17611658238705016
302,102,fit,1.0653586783184332,4.553693840677142,17,17,0,2.7233279197651714,0.674576996809901,66,62,0.256610631942749,0.22248188246623746,0.26855493,0.34877412511893474,0.45404247527403213,3.804772222458008,0.03507902300827053,0.3347235019873142,9.29454156990696
303,94,fit,1.037469010157219,4.366763338921451,17,17,0,1.2814609397179049,0.06152966287732019,58,56,0.21669545769691467,0.18914481828717683,0.24038209,0.29294991348116467,0.27762882036794534,2.7869650309697804,0.01770729990977874,0.16896278539865212,5.128908629315363
304,95,fit,1.0290929936489845,4.1566120389922965,18,18,0,1.286937052076693,0.10843443289783065,59,55,0.22203953564167023,0.192754288884734,0.1281943,0.0,0.3168235821873399,1.741809030748509,0.018953600250325924,0.1808549642206672,5.174501595959332
305,102,fit,1.091969503520087,5.244521548500298,17,17,0,3.630136614531127,0.25924682564231244,66,70,0.261505126953125,0.27967769496918965,0.21539335,0.18926412846032797,0.8310613194944951,4.145885681893101,0.06698086842359126,0.6391304238892296,14.514602385729269
306,88,fit,1.082264251509059,5.235075128401485,8,8,0,0.1462670907209042,0.14666353392276413,62,73,0.24810285866260529,0.2692472194362907,0.19414267,0.2965867147740077,0.18970222810774834,0.7551544031259673,0.006175705015793501,0.05892848297512882,1.7177339966769036
307,101,fit,1.002117490586284,4.830066465280499,16,16,0,2.1865219302115126,0.14410978964270424,66,70,0.2555769681930542,0.22917246784364015,0.17647113,0.2092601406396615,0.3235838065314203,3.2226601030995083,0.05445968325524456,0.5196534661759977,14.143480959872537
308,102,fit,1.058051869313687,4.446665887272967,17,17,0,0.23152283200030976,0.23494909164646868,66,62,0.24894015491008759,0.2121330911505026,0.25708938,0.3382352624344261,0.4748997597190351,0.8652783298342447,0.0027515630151927688,0.026255372282373745,0.7432345112777767
309,102,fit,1.0759412114093259,4.800689097071236,20,20,0,1.1631422257953956,0.4134905407014791,65,58,0.2723948657512665,0.21010792261732208,0.25079194,0.28640971609666865,0.6308530427232156,0.920642033740902,0.0037889643940480235,0.036154240401221595,0.9522591451319262
310,100,fit,0.903992473413318,4.652243916157492,19,19,0,3.228856842709811,6.576231533721595,62,44,0.196242555975914,0.1294066143678133,0.2642019,0.20406276544012145,0.6975828855663336,1.6950223622058223,0.008027103651299114,0.07659450048949536,2.71844688196715
311,94,fit,1.0217966601618056,2.2637130200861915,19,19,0,1.2795105783797616,0.3505672296984441,57,45,0.20672330260276794,0.14023445275099522,0.23454867,0.19660999345620664,0.6508704648403486,1.425418088819095,0.015194506827053937,0.1449857521665452,4.588720989272853
312,101,fit,1.1492454645021897,3.5730299434791433,16,16,0,0.6167206318266618,0.08049756439356051,66,62,0.26287829875946045,0.23355923281999363,0.019599074,0.0,0.28567847949335223,0.958005632052858,0.009657020289755213,0.09214714016941997,2.431178758881179
313,98,fit,1.1200152603567277,3.3078959528020215,14,14,0,0.2166954617637616,0.19335270711229274,66,65,0.2646794021129608,0.24074053886349017,0.19166712,0.27202851895514907,0.49519107544491814,1.331096227668612,0.0046081014373636105,0.04397043356262987,1.2050613188894794
314,91,fit,1.1705469329024165,3.8363973856444322,12,12,0,0.746749125564497,0.24237475541034392,62,63,0.25395798683166504,0.24296781236055837,0.15321542,0.08329299268931516,0.3183279053085072,1.5161656552083023,0.0138243316365178,0.13191156141715457,3.6665289953197684
315,107,fit,1.2548655967722981,2.9098808426669005,15,15,0,0.7974477138603551,0.3749695252466968,74,72,0.3280739188194275,0.29800512342023866,0.05913843,0.0,0.3199290523960009,1.0950208535653827,0.014277362877813405,0.13623437860508975,3.041406085619741
316,122,fit,1.0920925628128275,0.9867814243923817,12,12,0,0.23496064279557072,0.08357172482688804,92,84,0.3521274924278259,0.3815962045610107,0.4128907,0.05989105569593087,0.3230726358802619,1.8538291685533617,0.013227402538191458,0.12621567307434597,2.717972359755736
317,101,fit,1.189731288957088,3.6256356569642736,18,18,0,3.2123578694245998,0.28279588344991813,64,61,0.26658129692077637,0.2412503344862171,0.080781214,0.0,0.299546755036067,3.394305699654286,0.05296429965355052,0.5053845386789172,11.658540345438555
318,98,fit,1.1481315271156343,2.794234363006986,16,16,0,0.25525582586317513,0.3058914315678802,63,57,0.25777050852775574,0.2036304180196737,0.0,0.0,0.5187535013061618,0.3843158114143181,0.001056375867717749,0.010079922401886918,0.28733386979679504
319,238,fit,1.2664203233749514,4.855421793407802,14,14,0,0.2335301303966077,0.08706190364161075,79,86,0.36815953254699707,0.40329376176677545,0.28364143,0.2843034307348814,0.3993026360908417,0.993249098082997,0.0072158135403766095,0.06885318263718139,1.32194624312602
320,108,fit,1.2140042384165344,5.735481249496186,12,12,0,1.1350156572128187,0.1358869943909423,78,81,0.363707959651947,0.3916653060764342,0.0,0.0,0.27330478682788895,2.28981596327748,0.04394778319947724,0.41934907633088964,7.933456922257035
321,96,fit,1.0703906936018568,1.2970005763091657,16,16,0,1.3505184951788745,0.1695798464337413,62,80,0.25158628821372986,0.3461455187351913,0.0,0.0,0.9760125938695208,2.6332251190194325,0.02867144778352815,0.27358251701839836,5.774817587317552
322,104,fit,1.0651295745503788,1.1911525372342324,13,13,0,0.4959377321457952,0.5366920420595456,72,82,0.3049487769603729,0.37545002256750193,0.0,0.0,0.6876846990290003,1.7243067185961294,0.010428233729134566,0.09950604703372677,2.105618323688285
323,98,fit,1.2671290684840697,2.378002710168373,9,9,0,0.7279139021618664,0.3135313174584279,71,68,0.32422494888305664,0.29441578541053914,0.0,0.0,0.4107538469809419,2.889223607996206,0.055613671452954226,0.5306648039404029,12.682465953475509
324,102,fit,1.0951803519151262,5.708567479976697,16,16,0,1.1898734581947126,0.4924743785211182,68,60,0.2862299680709839,0.21933781738975092,0.3022567,0.4087218005506496,0.6512420507588018,1.541920353706035,0.006281799519867506,0.05994083511323956,1.6946976235579996
325,91,fit,1.006195364370139,3.309262979652827,16,16,0,2.68637849961761,0.15377648598347052,56,44,0.209003746509552,0.13697769550575958,0.020425983,0.02147963945184742,0.7121235007420075,3.416918306556589,0.044895748237760214,0.42839454425343715,13.931064869598824
326,97,fit,1.0589609689658614,0.9839379304719952,18,18,0,0.31746159949904684,0.2089758192660271,59,54,0.2185087352991104,0.1850108851761,0.18807462,0.24917263429367348,0.33121494399871587,0.79202451479704,0.0032393045675768563,0.030909394728786795,0.9138714073950999
327,93,fit,1.0894508039622606,4.020533093162664,15,15,0,1.2243875928991597,0.105330706046319,60,57,0.23887962102890015,0.21160366392872193,0.0,0.0,0.2873650848150187,2.0592396917105176,0.02667453062577735,0.2545279639864251,7.12998904959073
328,104,fit,1.1322359382722678,4.664280120681994,15,15,0,1.0648082255007765,0.18658240796979864,70,69,0.2982460558414459,0.2854110323251497,0.27875316,0.31006445524014814,0.21135746817635806,1.463170276095155,0.026754925536142515,0.25529509099372627,5.91571790506389
329,94,fit,1.1270173673864143,4.049502738618766,16,16,0,1.245326480827519,0.23794777543682227,60,78,0.2442576289176941,0.3397694442168479,0.13798828,0.12202134750957352,0.9138854296201242,3.7399459183984587,0.04545797881188604,0.4337593398080729,10.110355429589097
330,99,fit,1.0474737961345302,3.8997843766619757,17,16,-1,0.5327371714373824,0.2280581149740766,63,66,0.23980852961540222,0.24726657686632594,0.26756856,0.3122362175582775,0.1346247041256621,0.8310200110641018,0.003907728320618167,0.03728748397536418,0.9827963790971821
331,106,fit,1.2391709719838937,3.843231903970563,13,13,0,3.320185276328233,0.09203283036607159,74,50,0.33403098583221436,0.1991487291770024,0.0,0.0,1.3663800870848788,4.8068680516794196,0.12399041803923859,1.183114675946933,27.791673837964904
332,113,fit,1.1336980020008878,5.017503545710751,17,17,0,0.3807515186444923,0.059857312244874374,76,65,0.2984939515590668,0.2452673856389027,0.26694572,0.39466099668014865,0.6163398424205457,1.2342672928373577,0.0063799766645114015,0.060877639928543906,1.5766285011143428
333,117,fit,1.2382956906532412,4.8217975731423035,15,15,0,0.676898545587925,0.16753543611734165,83,75,0.3832080066204071,0.31980171296760884,0.36947915,0.4230270433079209,0.6225648579724289,0.9002715497365195,0.013659003848077458,0.1303340061839452,2.80962248356743
334,114,fit,1.3114511734843333,3.1017005839190115,13,13,0,1.450326182675744,0.07913162277927094,83,88,0.3965451717376709,0.3893388020362308,0.3331394,0.37571848828917814,0.6979654144197255,4.246387015202994,0.06804304484397564,0.6492656950761033,13.646446459747695
335,90,fit,1.0778940242776114,2.674998677406174,16,16,0,4.325285380914868,0.12529748920573927,55,39,0.2035822868347168,0.1288048782896177,0.0,0.0,0.7584571408004859,4.43208857863826,0.0791013228479628,0.7547836149614771,22.4931696597935
336,105,fit,1.2528154301163403,4.565418304241261,9,9,0,0.3291107731950363,0.07138266123616212,77,79,0.35603779554367065,0.3458175990484204,0.25974107,0.3641718180827446,0.3436989837133705,2.347411905506128,0.019010239654648167,0.18139541655198632,4.19046563156781
337,111,fit,1.154952507633327,4.878771336014453,14,14,0,0.2707092253542973,0.21683645159547774,78,72,0.31478455662727356,0.29840962883833944,0.3304222,0.34586125529632206,0.24123186636112104,0.21774239415262542,0.0022899817462774985,0.02185097086142651,0.523445748993971
338,104,fit,1.209770610740164,4.17038525729084,15,15,0,0.373423937482771,0.45310132013709165,70,71,0.307149201631546,0.29404858740595274,0.1802539,0.17757923337384524,0.13768437200938652,1.1855204089601001,0.005141538460528131,0.04906048149358903,1.1804742900743863
339,109,fit,1.286507616984224,3.804703166416492,14,14,0,0.2758312827127977,0.14221417071867426,76,80,0.35240161418914795,0.35297887499038455,0.2819141,0.29317246051062174,0.16238283454282113,1.924116631159907,0.013593668769356002,0.12971057986026718,2.7082885845141362
340,88,fit,1.0990594121652992,3.6520899409695784,8,8,0,1.0524742326319625,0.062274709074679996,61,45,0.23908136785030365,0.16021320632266842,0.026083412,0.0,0.7721905028294719,4.781252741163915,0.0826091840263347,0.7882555727703693,25.93170571645507
341,105,fit,1.1633936708535555,4.09453183226692,11,11,0,0.38710290156611593,0.11913674254622283,76,75,0.27709856629371643,0.28756579975975727,0.21990126,0.3893299767966614,0.3259678995555479,0.3229836661614231,0.0010571621097751867,0.010087424711595292,0.2595156824179754
342,108,fit,1.1257831512287828,3.0770818170034047,18,18,0,0.6866000061893712,0.15353575367619013,70,78,0.2905281186103821,0.3221301132067611,0.084943675,0.097082393073437,0.310008794055654,2.859977150805202,0.03340969267591814,0.31879477744196694,7.163462717383959
343,97,fit,1.0604361771663127,4.192694423055076,13,13,0,0.31749655010410915,0.052334421083008814,66,66,0.2596164345741272,0.24125591583499773,0.23147579,0.3926568379768577,0.18804310683695752,2.3754255013920083,0.01612195229084065,0.15383542262252525,4.467750622669381
344,106,fit,1.2956851126780973,4.306570391096907,7,7,0,0.2893388565866825,0.08145571855201333,80,89,0.3800172805786133,0.4403857640500205,0.0,0.0,0.6066631316672179,1.4484497099517588,0.014606991030646482,0.13937968540693207,2.7513753848999
345,99,fit,1.2176377415973276,1.596266523480895,15,15,0,3.488746999308277,0.30420213991076545,66,70,0.2819570004940033,0.26425858996480306,0.13661595,0.23198377163591585,0.5890648696897328,4.932097477259207,0.06908152033495608,0.6591748123564511,16.51721430426686
346,104,fit,1.1809869166705058,3.0452444876078406,16,16,0,0.49450140722947883,0.25258506047320095,69,62,0.2874376177787781,0.23527013157927887,0.1182285,0.06480506115610961,0.4993124586201111,1.515382946291676,0.006496615043398505,0.06199060155914604,1.6408882434563477
347,93,fit,1.069888392187876,2.2802021651455333,18,18,0,0.7516941129873606,0.3535141083698379,57,58,0.21985822916030884,0.2091003299443072,0.0,0.0,0.17787723458996388,1.4041694538492038,0.008617699935577285,0.08222996121734051,2.2269016921447253
348,105,fit,1.2231120659357941,3.0981210847134006,20,20,0,0.7051097483984697,0.37129471899921523,66,64,0.2954782247543335,0.24995925311788975,0.21377128,0.30932045373421796,0.4469140649093017,0.8574586651895653,0.004934596601688352,0.047085845435957556,1.0774096882947537
349,107,fit,1.3449086005924409,4.404875106653258,8,8,0,0.32573199749854104,0.05769894985029798,80,81,0.38462522625923157,0.3690647947971817,0.16696705,0.17096643026918845,0.20699345577185482,2.9900786380995057,0.03247669725339495,0.30989214936445564,6.880426522129775
350,107,fit,1.2528648087162084,5.967330798638833,13,13,0,1.0152868160863642,0.08484138928071336,75,94,0.35805732011795044,0.4629206562598117,0.0,0.0,1.0188663317154922,3.968854408862425,0.0674623435472295,0.6437246521682205,12.710044740922152
351,104,fit,1.2509090045672795,1.9472600647638265,15,15,0,0.5263866030782623,0.2734433905387617,71,63,0.3218032717704773,0.2402558998016464,0.23353992,0.20160701648076376,0.7941496191424768,1.045954993176494,0.010409486461282837,0.0993271608901034,2.5023158907873353
352,118,fit,1.3042446068090225,3.2361735743299644,18,18,0,0.40852099140410836,0.1689158227792265,80,78,0.3704792559146881,0.3343796811861301,0.062133744,0.0573894606136864,0.4305325598701404,1.967553308424677,0.01640410043580025,0.15652767591412453,3.1341699397375034
353,88,fit,1.0183922386341095,2.5780281969170087,12,12,0,0.22610600420156216,0.09081150682528158,57,60,0.21398667991161346,0.21012733389323443,0.07968489,0.09055146668901493,0.07731670189408904,2.0935092788947993,0.011215564340669242,0.10701874370867596,3.6244235586229263
354,93,fit,1.0051419276726608,3.261013280562579,16,16,0,2.246039313104952,0.13163463763132804,58,77,0.20407092571258545,0.27155355948435117,0.0,0.0,0.6712387930392226,4.893461053524421,0.08972201332707312,0.8561260813652015,28.016074295911896
355,96,fit,0.9610085816077114,3.815048987973707,12,12,0,0.4986029918562692,0.06036838936051616,64,61,0.2064708173274994,0.20539893048562802,0.21480134,0.3495236809635749,0.1172495290495786,2.1409041485347067,0.011368302936613282,0.10847617305928704,3.526582708891065
356,87,fit,1.0599187340676992,2.2712573083121432,10,10,0,0.7677900155573003,0.07973035380947995,59,56,0.2202834188938141,0.19363228143720526,0.10095397,0.11996638284489938,0.3060400867915954,3.1287698901207466,0.024515187598755865,0.23392354578965519,8.036224156941694
357,99,fit,1.1166826738454374,3.1122876517987654,13,13,0,0.31821637906511513,0.10025784885443709,68,67,0.26965534687042236,0.25703263836445467,0.12003305,0.17132326485714094,0.12349503327858607,2.440685145673434,0.017048376943627923,0.1626753525155336,4.563470508733696
358,97,fit,1.2256005046677705,4.358903280532076,11,11,0,0.190995345483661,0.057046343818312466,67,72,0.2775404751300812,0.30082850413263024,0.2894726,0.24999129062629089,0.22374733540606145,0.16885555306682243,0.0005816143601172882,0.005549755344630613,0.1381841924866773
359,90,fit,1.1489268401375297,2.7373894258366644,13,13,0,0.6717546594852164,0.1754391823099516,59,77,0.22909848392009735,0.2761084058992325,0.0,0.0,0.4778059787086818,3.432123632891511,0.03833982895207589,0.3658380625198081,10.663160620676784
360,97,fit,1.1521378275708551,3.8937027107410884,10,10,0,0.38152973723025435,0.061167228569338816,69,61,0.28637367486953735,0.23723444681589279,0.31326875,0.38373356428927546,0.6818851726622577,1.6115883786938432,0.01990790463924671,0.1899609221302167,5.497811149405861
361,92,fit,1.0933784566199793,4.048198433513082,11,11,0,0.4230852891124952,0.12557582759044375,63,81,0.2537374496459961,0.3232093341189047,0.1300707,0.004390367266455044,0.6757653425725683,3.6466026319852753,0.04488235247334979,0.42826672207394834,11.928425659121025
362,129,fit,0.9950184278455076,1.12948104619803,35,35,0,8.923147894442899,0.7551274127478083,75,84,0.293748676776886,0.35819456425455193,0.0650718,0.07048668956570292,0.6879196275094668,3.823911088165713,0.06364116333094864,0.6072630088830977,9.986097614503802
363,105,fallback,1.2446191310882568,7.389613808470469,3,3,0,0.3852836972893498,0.015951907364072822,83,81,0.38753604888916016,0.3739423804787427,0.0,0.0,0.18652127921562012,0.7915396186701122,0.01088398538577078,0.10385482238330897,2.554154517575864
364,104,fit,1.1577002171992468,4.438288598662635,14,14,0,1.3474435382043266,0.27600013523258915,71,72,0.309291809797287,0.3229165229291136,0.060809977,0.0,0.36286535595006597,2.3515140493226454,0.051042055904833614,0.4870425181758932,10.016933116849462
365,115,fit,1.2395148020115778,1.3341562035637482,15,15,0,2.9967547477404173,0.06805011206885131,81,75,0.37167075276374817,0.32929762400812457,0.36098444,0.4045354336382731,0.5817010399001489,4.221535386292147,0.07185176550437194,0.685608449469198,13.600846595716696
366,103,fit,1.313656285373486,3.5768453015860397,13,13,0,0.4934588377430404,0.1044540974725155,72,72,0.32975155115127563,0.30596943754472106,0.1560267,0.12130068665435931,0.2661789243317842,0.9005390291311952,0.014072800491085051,0.13428244743401765,3.0361048035790374
367,114,fit,1.335016549118774,2.7712320334999365,14,14,0,1.1099094706517016,0.10144052731029334,81,100,0.38956087827682495,0.47068973127241964,0.071191736,0.011034917093381766,0.7853872905365029,4.3729358329738055,0.10027628551294313,0.9568347854288466,19.2796098178231
368,101,fit,1.2967506698807245,1.3986930347242166,14,14,0,2.096000816931779,0.2093386221147695,68,62,0.3006303608417511,0.25895906777742056,0.15890956,0.17604061885378872,0.5889319860982469,3.1270349187415283,0.07186762753709389,0.6857598047432623,14.83012597042879
369,101,fit,1.2047288973313783,4.270950065860174,14,14,0,0.5621348480039936,0.10500785950459127,69,79,0.2951063811779022,0.323410638471327,0.2944967,0.37429823734439355,0.2833246654584235,3.0679062865214184,0.036436951272849384,0.3476808327561964,8.305685756273101
370,94,fit,1.0538224918224752,3.8283638935541133,15,15,0,0.6726924577127049,0.08610832984603846,61,68,0.23761755228042603,0.24746064799335135,0.2683707,0.39189901866534527,0.15119295997918117,2.6530047565958546,0.013023979209711004,0.12427461077968514,3.306198859244108
371,107,fit,1.1769832978012058,6.00660114814659,14,14,0,0.5375721956844389,0.13759745415552205,75,93,0.34134578704833984,0.44677700448362123,0.0,0.0,1.0058835186480337,0.45614596144418906,0.002748509642888804,0.026226237050465687,0.47273762339500286
372,101,fit,1.113793829126339,6.241775801597862,15,15,0,1.6613836383252079,0.06810741729500966,68,78,0.29944294691085815,0.35659688386214405,0.0,0.0,0.5711694139651917,3.267547555341421,0.04955361522756533,0.4728398399576844,9.429666408879559
373,99,fit,1.0970371635430394,4.774307466795685,11,11,0,2.014660748412259,0.04371571121380492,69,53,0.27301451563835144,0.18162085517982043,0.31414476,0.3899579211677732,0.9501980492307834,4.564684770548099,0.09813088408940958,0.9363633977997097,25.21334335679451
374,111,fit,1.2457071952251169,4.392767993063396,14,14,0,1.973005294875338,0.12674005590020995,79,97,0.36682918667793274,0.42782289907365834,0.0,0.0,0.7034575704831649,4.7421005572370145,0.09345941607361281,0.8917883213130994,18.477451319415145
375,126,fit,1.1941790116306017,6.792405753346618,15,15,0,0.3848099192680272,0.2398929290556347,90,89,0.40952107310295105,0.43273399891047254,0.0,0.0,0.5080855957540935,1.0688659445322926,0.007465657612064192,0.071237190954811,1.2974255897290483
376,95,fit,1.1231765106258726,4.339686877746099,13,13,0,0.38541456010129665,0.09089363994060137,64,67,0.2639803886413574,0.26591006605247236,0.0,0.0,0.1448347032560132,0.7739800927194836,0.008269958354914063,0.0789118163636838,2.0581634210087754
377,98,fit,1.21942565110684,3.5703871879294042,12,12,0,1.4391474446337547,0.1309626255075315,68,60,0.2911812365055084,0.24639961095376295,0.0,0.0,0.5067872898119564,3.081973173988305,0.06539882852096442,0.6240346232916452,14.931105659093541
378,113,fit,1.2040210051015923,2.4141212658043694,15,15,0,1.8901046931573828,0.1077641201103262,79,61,0.3258521258831024,0.23430864844105376,0.25420558,0.312453698916053,0.9661990127403817,2.6534180158627585,0.051899450214683944,0.49522376159049564,11.716080702504067
379,94,fit,1.1257878704822772,3.458610574290151,14,14,0,0.39177470209697324,0.18017573628509112,61,62,0.23674245178699493,0.23071196432360125,0.06519702,0.04122994897522699,0.05868962427016483,1.4594628434227386,0.00580932625977477,0.05543250247876689,1.5934009917120213
380,110,fit,1.1493780532815672,4.698752641114268,13,13,0,0.21463178301835456,0.12379883375441113,78,85,0.35357266664505005,0.3950137112423332,0.0,0.0,0.4034773405266154,1.9270336103194747,0.014270086472662718,0.13616494725823203,2.804429611909862
381,97,fit,1.0795156266730859,3.8584005976756504,16,16,0,0.7769650146594742,0.1939486623494926,62,63,0.22630929946899414,0.21665760428981884,0.03455651,0.0,0.2501391755349549,2.9633449705956862,0.028602451283504245,0.2729241534685519,8.108156345884634
382,100,fit,1.053760004623499,3.1938464037423864,20,20,0,2.770799413745175,4.7934678575900955,61,52,0.2339777946472168,0.17959695518667923,0.09267977,0.15938079775892747,0.5707522990025252,1.8958568939937173,0.02521302004517224,0.24058225233942976,6.4660155767338985
383,98,fit,1.0534990631179812,5.268051041582189,18,18,0,1.711766203199695,0.23437693645990748,61,80,0.23647649586200714,0.33791794026535704,0.25131735,0.26357279162912695,0.98793476841447,3.464264271817331,0.03970223149454258,0.3788380867799864,8.372925095393649
384,91,fit,0.8930694716572184,4.637626524484909,19,19,0,1.467153103786661,1.335252953504067,53,52,0.17516876757144928,0.16895711720332468,0.11775547,0.0,0.10898694046705774,0.15544331803930583,0.0007743943379203116,0.007389258949621294,0.2286641609928734
385,94,fit,1.1539084488140445,3.3348481129282974,14,14,0,0.22039522454284918,0.09062804513902865,61,62,0.24071365594863892,0.2327023345544545,0.0,0.0,0.10113189598420869,1.0818027606280505,0.0042417273545181265,0.04047449765761571,1.1468058049520615
386,103,fit,1.1486489862607485,4.727692594114088,19,19,0,2.386081913161784,0.22595963090805007,66,84,0.2685161828994751,0.37058807031229013,0.30425495,0.34558678424050243,1.0037778902350267,4.373595879970437,0.0873054786705895,0.8330675445666937,18.674023159218308
387,92,fit,1.0700900168275702,4.7866739437207,12,12,0,2.1802335422708756,0.10362532740924349,63,57,0.2519139051437378,0.19253873868833254,0.2449215,0.2170877333353703,0.7603573140904406,4.88509113353111,0.06312388564895711,0.6023271531389037,18.630109519946704
388,107,fit,1.1002966326437558,3.924406965536292,19,19,0,1.6572194169083652,2.7074050219658834,69,81,0.29235196113586426,0.3704680028334745,0.031602874,0.03178198680260942,0.9354972262264036,2.62201212211456,0.027178207566795645,0.25933404166789736,4.9513808249987505
389,98,fit,1.091782785848433,2.7357706245181515,18,18,0,0.5596918419007249,0.4492066741418722,62,58,0.25379449129104614,0.21020993476514727,0.0,0.0,0.41667866024248956,0.6904057410914135,0.0032968499290339745,0.03145849168925548,0.8803842189706388
390,100,fit,1.1367409907345645,4.713722955831216,12,12,0,0.18948520865507737,0.040711784081660006,70,69,0.29476475715637207,0.2780722346469693,0.0,0.05512699731160516,0.21033364897080717,0.7371003227909823,0.003255346075482996,0.031062462552318662,0.8089647924285731
391,102,fit,1.1475886519171086,6.154303044801621,8,8,0,0.30296598842579603,0.03339145544523142,75,71,0.32016265392303467,0.29478149427169686,0.2801719,0.20990019875016597,0.2420586812237367,0.428387580786881,0.0022054540815057947,0.021044409174673612,0.5731986771265689
392,108,fit,1.1484260651679288,6.744552637168005,15,15,0,1.266325253878116,0.21949379050543277,75,93,0.3330768048763275,0.4319828583216144,0.0,0.0,1.083741097324527,2.3032903225091923,0.019480164853919617,0.18587943562900397,3.43527443396995
393,106,fit,1.1880017768972326,4.752720637218994,8,8,0,0.672303629957189,0.06077377786145224,79,71,0.3534463346004486,0.2867476800298582,0.21905303,0.427680033869811,0.8904300472467926,4.1615220531915496,0.04550696006571435,0.4342267181842972,11.985726311044669
394,105,fit,1.1576966259609087,5.3515523791651045,8,8,0,0.06730749879634446,0.04262591712084501,77,71,0.34107154607772827,0.29000283168929014,0.26143995,0.38225741210398545,0.5098703000940875,0.06114315004049137,0.0004419624822965663,0.004217199258555022,0.11612006896270599
395,104,fit,1.1810567351050212,3.072318477515911,16,16,0,3.1564794862110355,0.36437960390618157,70,57,0.30932188034057617,0.21919491265385282,0.048321724,0.0,0.9051117319846341,3.7029564780572755,0.07012136334568131,0.6690969784893255,16.138972225377916
396,93,fit,1.1110890906546769,6.134132830079109,10,10,0,1.4044910941977669,0.029365759529431233,64,51,0.25288358330726624,0.19692969189616946,0.28104404,0.2860537245650421,0.5690405743809804,4.144766544077762,0.07466640686073672,0.7124657143200068,20.0947580250002
397,108,fit,1.3214255594678772,3.691108973516929,10,10,0,0.4571713530337295,0.07858739924225228,79,98,0.38948944211006165,0.4676004055555279,0.13719964,0.25767985146706296,0.7541636130332963,4.016751271092024,0.07389584528355009,0.7051130275147909,14.922476256454576
398,97,fit,1.166219914798776,1.957803008917548,10,10,0,0.8414569931544262,0.034251145081084754,69,70,0.29719796776771545,0.30527739210413923,0.018832548,0.0,0.362011777870346,2.9993684304261503,0.057618489216061844,0.549794744428071,12.542577145201433
399,100,fit,1.2277586904469653,2.984822479616358,15,15,0,3.209125310831089,0.15479722289388292,66,48,0.2835344076156616,0.17732547043504449,0.23389398,0.25871640979446664,1.0473396939021153,3.7785729104147707,0.08220240803833857,0.7843741225032306,19.65102196552912
400,106,fit,1.2936020162919422,5.1281704699937585,11,11,0,0.1872986933351847,0.07158535466327445,77,82,0.36566516757011414,0.37421838186012635,0.27653816,0.28837470529768183,0.17664249652951486,0.930436418348119,0.004405573794805499,0.04203791788936544,0.8941201630719944
401,91,fit,0.941174816262799,3.117035864815726,18,18,0,0.5592125015026895,0.35804663914073287,54,51,0.18879136443138123,0.16695823494129633,0.15310334,0.23059047117742942,0.23740511207155007,0.1925175713664451,0.0010142030694395372,0.009677510204575737,0.3118829220034624
402,100,fit,1.20575878664032,4.9076918150167925,9,9,0,0.2523574211832818,0.1791560329249104,73,74,0.3238517642021179,0.32327663623535846,0.0,0.0,0.0827969090485219,1.0181527788678322,0.00874173028979364,0.08341345696367977,2.030778211519335
403,104,fit,1.1625137402128853,4.308072031465274,14,14,0,0.7189319862308287,0.14972457699022762,72,79,0.30521729588508606,0.31449689445209994,0.3084726,0.3849809558347528,0.10466316466714934,3.4335756143005143,0.044221055574706396,0.42195663716322895,10.454909377717785
404,106,fit,1.2343111939955282,4.069407294961452,14,14,0,2.5952144904088463,0.12059664027374178,72,63,0.3159884214401245,0.2639252809605473,0.15062554,0.09985112564628026,0.6490771591686791,3.7628111179224475,0.08620916972813701,0.8226065813753531,17.832504157396855
405,93,fit,1.0987518265026999,2.762201612226675,16,16,0,2.2068564153264267,0.20541963528141763,59,48,0.23110701143741608,0.16788383229434456,0.0,0.0,0.6287747907228297,2.796464301061862,0.041896893260200435,0.3997795158416072,11.610994405444691
406,102,fit,1.2830608714126996,2.8426735370280922,13,13,0,2.2301876718021374,0.1519054401178213,71,70,0.3191177248954773,0.29452579116930455,0.006968005,0.0,0.6582379646840363,4.151212034578053,0.06597177998696242,0.6295017174328476,14.034707332690642
407,102,fit,1.1257828769193206,2.7908604802930643,17,17,0,1.3621910278956053,0.08557323053041181,65,59,0.2628268301486969,0.21606355272947603,0.0,0.0,0.49853382302044863,2.617934865436459,0.019802599820439044,0.1889561051568611,5.111806237676216
408,99,fit,1.123811750151103,3.577129666828179,15,15,0,0.20578860904369192,0.27556709186823536,64,62,0.2532323896884918,0.22671886607656566,0.03798089,0.048477581736187006,0.29602711036274904,0.03202216147705038,0.0007072220756467321,0.00674830224853752,0.1874764942493594
409,106,fit,1.1396571816185335,4.620683163996948,18,18,0,1.9114009916123298,0.13980989878544853,70,63,0.2847926616668701,0.25354798162909464,0.018234113,0.0,0.32414524917161325,2.072766027882034,0.04219182217583504,0.40259372305186103,9.050192168049268
410,114,fit,1.1966258009215394,4.010135315141138,20,20,0,0.43813632298590666,0.16474314331055404,75,70,0.32574227452278137,0.28299449134377624,0.15846388,0.22935585062218095,0.47464890426845296,0.2491348188598207,0.002129932214511028,0.020323780672815154,0.4437512154468095
411,106,fit,1.04014331139117,5.516370180834303,18,18,0,0.8951932014683343,0.2041339140203357,70,80,0.28835198283195496,0.33690156537557553,0.0,0.0,0.4736613647843652,3.0842638660069124,0.03716742949741699,0.3546510448226812,7.874485490395049
412,117,fit,1.1541076748153267,6.8030810544442675,11,11,0,0.4466311632259187,0.05493202211262177,86,80,0.3837498426437378,0.3639055905687882,0.049474537,0.008043648382685238,0.35426421646589334,1.1063157890856397,0.0057376504295437065,0.05474857280098956,1.2024482616784946
413,96,fit,1.0703909044216413,1.2969992891554203,16,16,0,5.119387760853773,0.16957776699177132,62,53,0.25158628821372986,0.2215750112558758,0.0,0.0,0.48132271837654,4.906077816030944,0.13980502075257312,1.3340173735932548,28.158615679188603
414,104,fit,1.0651297175413936,1.1911517378470013,13,13,0,0.37059764931873657,0.5366996460058399,72,82,0.3049487769603729,0.3752125574121493,0.0,0.0,0.6744688183276802,0.4962961836676077,0.001668611905489714,0.015921869327191928,0.3369194718896377
415,98,fit,1.2671292493620445,2.378001660363757,9,9,0,0.3390365682876803,0.31353230731856807,71,75,0.32422491908073425,0.33236538543590016,0.0,0.0,0.21506314690262474,1.488566988361274,0.014762161902588318,0.1408603234979801,3.3662955300682738
416,102,fit,1.0951803899099672,5.70856746898124,16,16,0,1.0698030095728823,0.49247439951522215,68,61,0.2862299680709839,0.22593895473685668,0.3022567,0.4092060050950964,0.5986262410012065,1.4341349733551323,0.007081743750736157,0.0675738907512992,1.9105056029068177
417,98,fit,1.0355683005994136,6.484631533616376,11,11,0,0.32371418484744424,0.1045658641506592,69,73,0.29756760597229004,0.31048801098797385,0.0,0.0,0.31259275433391337,1.928387782599687,0.01818701372605985,0.17354020730973138,4.2953150180174315
418,117,fit,1.0425454623975852,6.115773126156547,18,18,0,3.7135428394781154,0.23382349060335217,80,91,0.3335665166378021,0.3654880658559342,0.0,0.0,0.5691235249332536,4.758064031331683,0.10553333863489339,1.006997506058143,23.59142118924614
419,100,fit,1.090056329895311,4.899022098266336,12,12,0,2.0237100320324606,0.2341433103303141,70,88,0.3021358847618103,0.3788622977464175,0.0,0.0,0.7553751803487054,4.96363712367707,0.08270456849653689,0.7891657299287871,17.482520821543673
420,97,fit,1.0184321689740443,3.170887735212129,18,18,0,5.20815730887453,0.5204675657262745,61,44,0.22191207110881805,0.15110237635442877,0.30570537,0.0,0.7367029936070159,4.425393910661614,0.08890818464056865,0.8483605404634413,22.998755822675445
421,120,fit,1.2076669567481595,5.321579418456709,17,17,0,0.6329256673796325,0.21909669956753086,84,90,0.3852129578590393,0.44864672242999204,0.0960333,0.0,0.6105545859794476,1.250641805934423,0.013181661868264744,0.1257792163002361,2.1053815990926084
422,109,fit,1.1999740930447282,6.272303329301894,12,12,0,0.5352305487560164,0.07661031806021598,79,97,0.3552643656730652,0.44981084714637165,0.0,0.0,0.9418256399538234,3.1310191524414277,0.04119950265616829,0.3931250253451173,7.846090536270544
423,111,fit,1.2891015299130397,3.8449550612988888,18,18,0,0.3720022356667285,0.17240043868044805,75,80,0.34402474761009216,0.3591419133861749,0.2933959,0.1808785498251839,0.18588990270498215,1.5880143519187655,0.010594433035271493,0.10109191827549134,1.9882697492925752
424,93,fit,1.0641613852042708,2.502264989339283,19,19,0,0.5471029450865981,0.20777833924419195,55,58,0.2214217633008957,0.20694233389684158,0.21658443,0.11794696079770563,0.1482460264457578,0.5616580392682687,0.001937098352907884,0.018483762909426375,0.5121716938703648
425,91,fit,1.040610605193493,2.799310903515438,17,17,0,0.7187605761937951,0.041818050599799234,56,62,0.2106562852859497,0.23150618592613115,0.12859412,0.029363663501120206,0.19762135841078152,2.010121309187966,0.01286761013391417,0.12278253944574588,3.32780272478523
426,97,fit,1.073811261668496,1.2630655155344428,21,21,0,0.6048344144575125,0.3633829854552416,57,66,0.21465136110782623,0.24904230725632917,0.08446737,0.04960598427503423,0.4483301287089404,1.898640623509183,0.011655421592432472,0.11121585488962282,2.7027819345355204
427,115,fit,1.3047178364053558,4.620932353624586,10,10,0,0.3320068655690015,0.17229080623338708,87,89,0.4078141152858734,0.4153155627847091,0.23574601,0.21520914762307736,0.5436482819767019,3.0078346703195296,0.035811235918427005,0.34171026639720425,7.058509096381154
428,96,fit,1.2320515195716386,4.020144366205916,8,8,0,0.679390426527385,0.08242950236499876,71,63,0.31935757398605347,0.26122872611539505,0.2659574,0.26251716974205136,0.6654740304055451,3.6555522141860237,0.0637342730355937,0.6081514602632987,15.874634852049715
429,106,fit,1.346927753782476,6.433663004228778,5,5,0,0.26127994049860515,0.0456388995868243,83,89,0.41477715969085693,0.439115390336586,0.21069461,0.3548534131160398,0.23249470786265158,0.08899489024883786,0.0009595527079123373,0.009156037289239858,0.19105890096530628
430,102,fit,1.190692951874297,3.1179627361806195,16,16,0,0.5237705150479424,0.13506940943180887,66,68,0.27505433559417725,0.2723592875443752,0.18920577,0.2338882518516559,0.08762637236756526,0.5544745066037391,0.006494343901326541,0.06196893035616928,1.4836284343132389
431,104,fit,1.124988485574673,4.413396929196075,14,15,1,0.7316756118355485,0.16584455562565947,70,64,0.2886941432952881,0.25235996057116494,0.26878446,0.34188478172452796,0.41800927395877424,1.2752845064309264,0.01809026697812091,0.17261705131794763,4.322597030163043
432,96,fit,1.0354601519513618,4.6538186140646305,14,14,0,0.5036397330229153,0.06820239095816104,64,58,0.2453627586364746,0.2084003512165222,0.3132762,0.327288346173977,0.3593948849031001,1.7637082504624164,0.008019657356400936,0.07652344805726084,2.3243519481066777
433,95,fit,1.0211399866452566,5.0600525428142475,14,14,0,0.35310552627251773,0.33047635695081523,62,70,0.23938636481761932,0.2778033356735099,0.0,0.0,0.3729848358040997,2.0421201705438237,0.012264902272484269,0.11703151023362851,3.104946289438626
434,100,fit,0.9661823479254177,2.6632862012374874,21,21,0,5.6959950385405795,0.3744474794870432,60,63,0.2117273360490799,0.23806485590036242,0.0,0.0,0.3548430166694782,4.2250546566332305,0.051607223922348365,0.49243534277049966,11.996870292536322
435,105,fit,1.1516126092579715,4.24302570147301,19,19,0,4.757888983033299,0.2390383404714215,67,53,0.2764396369457245,0.2069273830038224,0.0,0.0,0.751453871798695,3.745305050823494,0.0904880640958639,0.8634357261055715,19.05378994873255
436,120,fit,1.208580796647939,3.1443433132082617,18,18,0,0.498182710150855,0.2133975988473698,83,82,0.39250946044921875,0.3769144886449288,0.027952626,0.0,0.20532014154900474,0.008536302985605832,0.00013650174365772438,0.0013024975539859195,0.024148985496596893
437,97,fit,0.9951504048481793,4.608325946560416,15,15,0,0.5608120969940344,0.3339829288963793,63,60,0.2206590175628662,0.20580325834700106,0.19016759,0.2972438211197092,0.5301881843068494,2.397125778624518,0.014451735509233387,0.13789823959192163,4.333053825748768
438,118,fit,1.1356618807749232,2.622078194579436,21,21,0,1.538795576876662,0.1932211102676783,79,72,0.35535740852355957,0.3102193314289856,0.2137476,0.10406624521001177,0.5489410576903033,1.4777131180882843,0.026744759536597763,0.25519808718127635,4.941316732105986
439,102,fit,1.1997395824805128,4.873923131498177,13,13,0,1.3586986910344827,0.10434162235523076,71,83,0.3155277371406555,0.3815970916735369,0.0,0.0,0.7941167762714983,3.4876449117303943,0.046373717739535705,0.442497306674959,8.977944022008318
440,96,fit,1.106302105998825,4.734943667292945,11,11,0,1.6226905308172939,0.0454190491881707,66,55,0.2648017406463623,0.20855975219152356,0.0,0.0,0.6113547354684602,4.443758382907238,0.06275615071042434,0.5988182319696979,17.15153880854849
441,108,fit,1.221715711553486,5.70420766785953,11,11,0,0.5173507974241263,0.09955398949054808,77,72,0.3576728105545044,0.31087723748117546,0.33609712,0.4794996660192709,0.504323238768503,2.1522686495615515,0.021678073578838355,0.20685184712632018,4.926595158794116
442,100,fit,1.278233600362564,4.352786671166762,9,9,0,0.7531742075767223,0.0526790710308612,72,64,0.34077659249305725,0.2784276396973971,0.09194217,0.03502775900581929,0.6095231595343428,3.0853653893828006,0.07240516271635987,0.6908889572171742,16.401335966442495
443,99,fit,1.1295750509382152,4.175055521020738,17,17,0,2.5237139870765124,0.3641801839638324,62,58,0.2520867884159088,0.21964685521858165,0.18974248,0.15063590070189475,0.41333954433951187,3.1942131905125546,0.04121043952796433,0.39322938480881997,10.12117826712487
444,100,fit,1.0925040723010477,4.484622025386712,15,15,0,0.49716798870443923,0.11685082890711815,67,62,0.2720962464809418,0.23467939175291466,0.0,0.0,0.3596288119232626,0.20275295152654899,0.0015247293024558898,0.014548943725724139,0.4061468865017933
445,103,fit,1.171573038895502,3.3189798105897426,21,21,0,0.5874940720237382,0.11165803322198374,63,63,0.2556195557117462,0.23700652571824152,0.0,0.0,0.180108638916884,1.2329916313967453,0.0051125273840623,0.04878365824486927,1.193282359985273
446,100,fit,1.0546435968535608,6.094529460700778,17,16,-1,1.1685575532249362,0.6188790818158633,64,67,0.26114723086357117,0.27066156096489635,0.18194585,0.1559720288587966,0.10804627413765466,1.2014023839357795,0.015684506358790623,0.14966132021746778,3.613407627961087
447,102,fit,0.9315472029443203,5.935120464038766,16,16,0,1.2816286488738453,1.4875132649167144,66,71,0.2529432773590088,0.2818660535467192,0.0,0.07230560217771553,0.2734162770252783,2.4694058400750327,0.01899571410101733,0.18125681394100504,4.600448586973894
448,102,fit,1.1171987530040315,5.3982193935443155,16,16,0,0.9868175512952213,1.212729786504676,67,69,0.28281089663505554,0.2837071706568615,0.23817715,0.1888557747657535,0.23511810368544914,1.333915627836684,0.012973321197511873,0.1237912328006858,2.911960774031673
449,114,fit,1.2161714990941048,3.2581844571176797,16,16,0,1.9910731753401065,0.12345489048706201,79,91,0.3375644087791443,0.3762932501079089,0.2784532,0.3183626647390241,0.40843691209110433,4.475479995694603,0.08711995349230892,0.8312972661479858,18.74920390196461
450,375,fit,1.3407939109745708,6.74964707953674,13,13,0,0.4808030361066608,0.1466026790657001,91,100,0.46596717834472656,0.5257893940037077,0.0,0.0,0.5784646683802815,1.291910676188267,0.010665813753953101,0.10177303200336928,1.6168845227258464
451,99,fit,1.1129573783167492,3.397408617489898,10,10,0,0.1958325687317584,0.14865392649647674,71,70,0.2978026866912842,0.2869355971017491,0.09528642,0.24285498912660824,0.4381788781171684,0.289109103881327,0.0011388281781672274,0.01086668108938194,0.29266165486371454
452,87,fit,1.1872792653984414,2.039995629856984,9,9,0,0.15925750925286095,0.06737218475998558,59,61,0.23069939017295837,0.22769054905593503,0.0862066,0.0,0.14590253627748953,0.253498941007405,0.0006437671116985816,0.006142815951322344,0.19820526482449213
453,104,fit,1.1095534333105952,4.7745248620345,14,14,0,0.2651713351566595,0.21828330665681794,70,74,0.2696857452392578,0.27642456201193905,0.28918058,0.4133032299966459,0.18738955881180494,1.7598514780820134,0.010625862477232913,0.1013918175308484,2.594766410158511
454,229,fit,1.3640889060286345,5.364997759197587,13,13,0,0.8718589280061986,0.29834601311117304,80,89,0.3990793824195862,0.4321368545165801,0.13631599,0.2987754596221104,0.33968566392029387,2.149513734052011,0.01782404789703716,0.1700767929106599,3.1315198017490498
455,92,fit,1.0317643571597457,2.960056383803287,16,16,0,0.980183875110301,0.10681839532854262,57,61,0.20548798143863678,0.20412479287355387,0.0,0.0,0.1627097662156407,3.3737103743651065,0.03564361877617507,0.3401108661848766,11.303123497803213
456,80,fit,0.976372894761127,4.788406951928238,11,11,0,0.5917136869212425,0.04990107278531356,51,49,0.18091268837451935,0.15720666340440778,0.06668802,0.0,0.23732572355768933,2.6667582220359525,0.014294462586308882,0.13639754376248933,5.42842088170397
457,94,fit,1.0785378798425023,5.886019750176317,10,10,0,0.2783769486715312,0.07270094174651184,66,66,0.26599058508872986,0.2553812875698266,0.099673264,0.15042100480702902,0.11757396032198927,0.2374064018300594,0.0018942432228227703,0.018074839912431015,0.5315273489773614
458,98,fit,1.192273551466311,5.700074906374019,9,9,0,0.5593938808527507,0.038460339527979205,72,89,0.32384055852890015,0.46146756500842623,0.21699183,0.1581348866429964,1.3180771274592322,4.655452548485245,0.0864942959690713,0.8253272516132757,18.61725619142264
459,97,fit,1.1367168886948007,2.8380841459164903,19,19,0,0.7824851186934771,0.2893258333766814,60,65,0.2361467182636261,0.2440327079972918,0.21140274,0.08033325559512389,0.23606674011770684,2.615123517571769,0.022250127645881478,0.21231037830039579,5.5101138131908165
460,99,fit,1.2376198389227957,4.624672722972965,13,13,0,2.021340099394858,0.16131632021755304,68,86,0.3066323697566986,0.39071992122788024,0.24093588,0.22189393338836472,1.040452957346673,4.778918765531212,0.07842499437387972,0.7483300989874019,16.16270855462921
461,85,fit,0.9838150705847054,1.8644723227790188,16,16,0,1.1028542660040863,0.2298744419185278,51,58,0.17271028459072113,0.18321830343468662,0.21200962,0.11676373029914781,0.2077832960611601,3.534577260889542,0.035929533691070215,0.34283906193769287,12.223853400173613
462,94,fit,1.0988708937952627,3.181530453145417,15,15,0,1.8293699945530364,0.31413300535088523,60,67,0.22785483300685883,0.24886433422357088,0.0,0.0,0.4046786736886398,3.9269059832669253,0.04178406319723416,0.3987028931033794,11.274601207420753
463,95,fit,1.2753643986295249,2.0484770885716475,11,11,0,0.6092232028735062,0.07222833745984575,65,62,0.2721385955810547,0.2344920767598766,0.19720091,0.3114243696797235,0.3799923407675578,2.0088802104999046,0.020142013738843823,0.19219478758438763,5.310660370658646
464,94,fit,1.1801423585023405,2.043963217220869,15,15,0,2.449040257426439,0.30299045745706715,62,60,0.25546932220458984,0.22129517467765183,0.071412414,0.16309089692454962,0.48407156952422536,4.110598953389042,0.04746206974212234,0.45288234486757956,12.00057482849527
465,102,fit,1.3521362414837907,2.4947144485119863,6,6,0,0.3534230024335412,0.03226867998349877,78,68,0.3643028140068054,0.30601224895735146,0.03685858,0.0,0.6285071825796558,3.644660438372037,0.0730184379535906,0.6967408201678492,16.216024663619017
466,115,fit,1.3267987916761732,4.8687287106801636,10,10,0,0.5734289886803622,0.09583762521210751,86,86,0.4354390501976013,0.40774268820205145,0.24290656,0.2928204405113826,0.4376512059224586,2.629481062681619,0.025550997491057627,0.2438072279681071,4.9020449518463876
467,99,fit,1.2112949698758608,3.00557472516769,13,13,0,2.010075433298723,0.1639444549058327,67,73,0.2980082333087921,0.294940578656516,0.0020612718,0.0,0.6178570736127775,4.374668492739313,0.0648040956597037,0.6183596914093864,14.566416635293347
468,99,fit,1.1361622300956074,3.8379708857222252,15,15,0,0.4476105811794848,0.1595333358664385,66,67,0.25660738348960876,0.2610046923993256,0.26124516,0.3766880160723947,0.055667763096966215,0.5124450203243472,0.005414920817107536,0.051669091766293286,1.3066874231432648
469,134,fit,1.1134711952342466,3.8580216712676854,21,21,0,0.7158033633759349,0.29564592632816944,95,72,0.30654215812683105,0.2748878499125952,0.17490575,0.2545715937010849,0.5887233688937802,0.48120631031081873,0.0022011444084631625,0.021003286340297352,0.46654714807454956
470,101,fit,1.145263150561732,3.048449985264329,19,19,0,0.6826040265864058,0.2597342451824779,63,63,0.24041345715522766,0.23562606135401384,0.06456026,0.0,0.4249354149186666,0.8998625999765973,0.007673257050274815,0.07321810162475968,1.8306866515584472
471,116,fit,1.1820181721349148,4.278680542574304,17,17,0,0.9147046799043087,0.16134325242906328,80,70,0.3204008936882019,0.2796000458800753,0.26373357,0.30968795235889335,0.6110329289599542,1.8709156418474953,0.014848871398651837,0.14168770418560914,3.2342591794927444
472,84,fit,1.0240271229513815,4.404691762193766,11,11,0,0.3509787434282878,0.04513968701585366,53,55,0.1831897497177124,0.190198934691584,0.26676387,0.24774699005010253,0.0839683493172097,2.294804774429751,0.010699883009195435,0.10209812031675032,3.5830450027050955
473,96,fit,1.1177448166373343,3.293414768258325,18,18,0,0.8925249151487508,0.8545235049882137,58,60,0.21733826398849487,0.22056010442210888,0.058542863,0.0,0.25174791251954065,1.3261753351363583,0.012755509573133959,0.12171287760624006,3.1520487894998745
474,103,fit,1.1616041058969508,5.05753025646041,13,13,0,0.2503753258433251,0.07807354240780601,72,74,0.3129861056804657,0.30597092946009874,0.2923196,0.3910495782195333,0.08612188152857896,0.36146730828238893,0.002317207370679546,0.02211075735381246,0.5233424290207093
475,100,fit,1.0786140386187064,4.491917909296024,17,17,0,0.34314420870020534,0.05850614165318628,65,62,0.24216309189796448,0.2277792815228748,0.05595859,0.0,0.1543880808106888,1.6553773510259462,0.008246321773039996,0.0786862764603053,2.180563688633354
476,85,fit,1.1021465277197366,2.8636725986969647,14,14,0,1.671705555090454,1.1770478629076842,52,52,0.19647011160850525,0.1839977592188032,0.0,0.0,0.2681679260380677,2.725951377717287,0.031931268300469585,0.3046876746228014,9.178204505031852
477,97,fit,1.150552481864944,2.2990349271312716,18,18,0,1.3034344191924978,0.14437575743355338,61,57,0.24498526751995087,0.20980996044928907,0.0,0.0,0.351945017657322,1.4489487152679104,0.021552641800169185,0.20565497900924795,5.32991201782885
478,100,fit,1.2103825738135703,4.702800682261482,16,16,0,0.708405859009865,0.35599069304512515,66,84,0.2917494475841522,0.351335131890631,0.0,0.0,0.5810112438876852,1.4769854373189537,0.008391115180832793,0.08006789294687779,1.7038664780137243
479,93,fit,1.1095524573016142,2.535792315068708,15,15,0,0.27756733598900907,0.19306342551829156,60,60,0.23903922736644745,0.21895754273790788,0.0,0.0,0.20731727529273616,1.4159878051937307,0.006027115083274288,0.05751064010757908,1.688987117212717
480,95,fit,1.0709718131974253,3.0414686639882427,16,16,0,0.2111308954070765,0.16507859441378914,61,65,0.24125505983829498,0.24548240580967115,0.0,0.0,0.16711702234308262,1.4498312941778824,0.006832622412879003,0.06519677874884544,1.7661485246517796
481,109,fit,1.209932794058459,4.364762258576682,15,15,0,3.1422651365116945,0.21533202201961138,75,64,0.30282437801361084,0.24386669807938516,0.19250259,0.3741226130833342,0.8440233760943807,4.481891821149917,0.059292956030564024,0.565772481207672,13.82129431368347
482,106,fit,1.2202920730659528,4.405913548850533,12,12,0,0.24619597554491188,0.07105638807169037,76,82,0.3505602777004242,0.37506625737723737,0.0,0.0,0.23451844433828148,0.25526614033277834,0.0015608758575730698,0.014893853602796468,0.31390581909116033
483,97,fit,1.0509106866237348,4.259353837348516,17,17,0,4.272614907561302,0.18333485367862837,62,50,0.25292250514030457,0.1670988467374668,0.25450644,0.1306012367566619,0.923802797325998,4.435721990554294,0.05434681840899151,0.5185765115361786,15.298457271597062
484,104,fit,1.1845815088779414,6.193913171652925,15,15,0,2.806574431239764,0.1572968842903051,70,68,0.31544601917266846,0.29968858198804554,0.0,0.0,0.3393093262778178,3.930985993559247,0.08599895930595096,0.8206007567361733,16.592981256892557
485,92,fit,0.9816076278276852,3.2915494004225576,18,18,0,1.2007274347611558,0.44791697029668404,53,48,0.19398322701454163,0.1519131956242655,0.07330662,0.0,0.4147489970223602,1.8520198613002976,0.007159468206773746,0.06831553632417696,2.2777893350482037
486,116,fit,1.2325705544722,6.178007058889694,14,14,0,0.775550720886048,0.07945917274844436,85,82,0.4022326171398163,0.3825479111508959,0.0,0.0,0.1959170997484352,1.9282746961738664,0.020216092004597265,0.19290164126524106,3.7417464973046486
487,100,fallback,1.3123972415924072,5.142692285499569,3,2,-1,0.22311708193798302,0.02835977299657595,79,67,0.3847613036632538,0.3047170896811823,0.1432468,0.40329310801946144,0.9550100441732121,4.553359790596707,0.09581502650744907,0.9142655201092468,22.544965824075312
488,100,fit,1.1316770003051573,4.526810450592883,17,17,0,0.3600959785830837,0.37867126803137036,65,62,0.2631889283657074,0.2315608033940404,0.25907627,0.3896749834771191,0.4187174007418217,0.1316481402972078,0.0011756053506790309,0.011217608308006019,0.2931188679501411
489,94,fit,1.167015790193966,3.355939863821879,11,11,0,1.6160074014121228,0.1094871645114695,65,48,0.2773894667625427,0.17738788019572047,0.16448167,0.07017455544248397,0.9916277880042963,3.851516632013125,0.07322986823029402,0.6987582846402102,20.211959080738993
490,106,fit,1.2531577001052696,5.583717163358848,12,12,0,2.724621077847638,0.09636725798163591,76,57,0.3560332655906677,0.2509809749687034,0.0,0.0,1.0672331837379374,4.61013796360086,0.14313197735866942,1.3657631427353951,27.811487384218136
491,104,fit,1.1335525768996222,4.4404840175240805,16,16,0,1.7595007311224742,0.2166237817830471,70,59,0.2909969091415405,0.21616715842580983,0.2640507,0.27834366598122234,0.8254711023057496,2.4938997809152235,0.03571300091594233,0.3407729095032665,8.733422486861073
492,96,fit,1.1588378645953,3.7294452795355353,16,16,0,0.5831274133017204,0.1629393763859385,62,72,0.25377824902534485,0.2774967524617416,0.15963301,0.059289276742587146,0.2759465991036354,3.1489043615625496,0.03577101960246809,0.3413265229243138,8.962703084106025
493,100,fit,1.1289417915481945,4.66734118624583,14,14,0,0.8215690409217594,0.14240500280858837,67,75,0.26622986793518066,0.28341393667011244,0.31482765,0.40597417785580153,0.3087220020244683,3.1384657918108068,0.03286514650836205,0.3135987262248287,8.005614251424788
494,100,fit,1.0514410418529008,5.257881276803424,16,17,1,3.0217855579850865,0.4168434432841875,65,48,0.25734275579452515,0.1566954565862472,0.3025854,0.36732755651061366,0.9387440533753012,3.5477557661420533,0.05936474801304711,0.5664575192084648,15.953202646297628
495,104,fit,1.112340228199835,5.096932353772974,17,17,0,1.1927916295702705,0.24877879040753184,68,87,0.2794676125049591,0.3439514676138588,0.013153924,0.0,0.627092659600203,3.5927286074027562,0.05296136244419946,0.5053565118721323,11.727759509858679
496,97,fit,1.1471990874698146,2.196735660475496,14,14,0,0.29975473656473345,0.13565666177487068,62,60,0.26161161065101624,0.22437556466258754,0.12136535,0.0,0.35847476428575725,0.5305647260884256,0.004957305132937431,0.047302529894441135,1.3540264650598748
497,96,fit,1.1061479716094182,4.4179267391978385,12,12,0,2.0781526107036474,0.12199432594791079,63,48,0.2473594844341278,0.17261473888036177,0.22051038,0.3114459314574854,0.7625428874975517,4.212311355883731,0.06926801517652874,0.6609543432874879,19.445117346031687
498,99,fit,1.1447181809301692,8.094959477156552,12,12,0,1.3504197644505118,0.10743065994805878,69,62,0.3022070825099945,0.25819637819533325,0.0,0.0,0.5032644762235298,2.6199532713633906,0.055201077268487476,0.526727836531369,12.602551988926141
499,116,fit,1.297155658446774,4.919748679960581,14,14,0,0.4935039430336032,0.17668205533378745,83,88,0.40650126338005066,0.4206377371625927,0.0,0.0,0.14484712707498792,1.5603977026767681,0.011224731386936493,0.10710621552420317,1.9890471197652637
500,112,fit,1.3026935253379544,3.695108550579911,18,18,0,3.5121404274529597,0.3574940783182138,75,61,0.35773929953575134,0.24727818143918776,0.22572367,0.34176699654648823,1.133898733110846,3.271066334264084,0.07197007898972994,0.6867373949401712,14.209964835517544
501,117,fit,1.2407515179697384,3.472111986428642,17,17,0,3.0551114266276245,0.33741106321547654,80,89,0.3501400053501129,0.3884346236885522,0.0,0.0,0.5904402790485261,4.473425400679791,0.08404785216852213,0.8019833222187226,16.37146803535721
502,116,fit,1.1737851712650869,6.98297865607347,19,19,0,1.6940338549195446,0.25503641859697096,78,79,0.33219587802886963,0.3527945725692161,0.2851385,0.06725898939094314,0.2060140493937033,0.3586369153039976,0.0017955671734539611,0.01713327455585841,0.3295536714914748
503,108,fit,1.2621922236685676,5.8862354789614635,13,13,0,0.3851154745407714,0.16363542305711667,76,77,0.351633220911026,0.34606824500307787,0.26448184,0.2921960894488395,0.13089326333374227,0.9734910356808104,0.014498597377488327,0.1383453948233619,2.923608845180596
504,102,fit,1.0872576197383896,3.3477358866649403,15,15,0,0.5054550814113162,0.15899488011680854,67,71,0.2649043798446655,0.2755515818666989,0.058323283,0.0,0.15367589721762084,2.7151542700614852,0.024740229797737212,0.23607089501657644,6.341546547129082
505,97,fit,1.1021201518268549,2.567735290250371,17,17,0,0.7698502623408082,0.23622175246635355,62,58,0.25025036931037903,0.21249857437661537,0.18525253,0.2863923966724062,0.37483978141827207,1.3623590122095355,0.011085960618475098,0.10578206697018223,2.8422625761782863
506,106,fit,1.2255365702638028,2.8185259145536627,13,13,0,1.9671962221163934,0.10037736208667107,73,65,0.31331223249435425,0.2610276962030015,0.0,0.11163704474754498,0.6372820888540811,4.131852352918785,0.06089052849444625,0.5810164932676168,14.185838866116226
507,202,fit,1.2300997818127795,1.5496595142247014,15,15,0,4.676116917674625,0.15569982552132555,74,60,0.34236571192741394,0.27206339284129927,0.0,0.0,0.8069883606588305,4.814043900543513,0.16347799619769177,1.5599045438711046,28.280869194963515
508,110,fit,1.221342312822378,2.042088351222403,13,13,0,0.6597533498355169,0.15790672319523638,77,97,0.3515234887599945,0.45064322233361,0.35115793,0.2506447132911949,1.0064084592062001,3.4005759296713767,0.04783277178945663,0.4564195781436701,8.919956108290137
509,109,fit,1.0423406336875312,6.391953625013694,18,18,0,2.0670684833126964,0.8263018208808882,71,67,0.2819330394268036,0.2846896701585047,0.0,0.0,0.24335112277715842,2.0371645780737904,0.042832385838723716,0.4087059717435469,8.754962464851591
510,109,fit,1.185585574722005,5.355451862096132,18,18,0,0.4099957205857899,0.21870015363572454,73,76,0.33974751830101013,0.3338288085624095,0.1888805,0.1740751448464368,0.3706848079597398,0.09267788400793782,0.0008268190614639989,0.0078894948612977,0.16371090771281568
511,99,fit,1.2421066157888332,6.384405360974985,7,7,0,0.09579208719467476,0.07220898491583537,73,69,0.3297909200191498,0.2814745843201581,0.35750413,0.4636797648709838,0.4630834145991898,0.9668132238330974,0.0032041580222675107,0.0305740269300335,0.8784289550619339
512,101,fit,1.140532354538918,5.689205724457621,13,13,0,0.5812206710312191,0.7787393495396961,69,70,0.2996964156627655,0.2694583178787046,0.39216885,0.4111916890330373,0.29901174694617266,1.153169157857266,0.009536779430084743,0.09099980372218265,2.339848944532537
513,95,fit,1.131780375813616,4.6861253352054515,18,18,0,0.5705058418281811,0.4785165847016142,59,58,0.2352011501789093,0.2105066451164023,0.17940257,0.1425029985226071,0.25074057830646185,0.6487343676851718,0.005473619298468319,0.05222919177927785,1.4268262004778105
514,88,fit,1.024038546533292,2.5759011168612593,9,9,0,0.5302188842149521,0.057513560242395054,60,73,0.22180522978305817,0.2531070224880139,0.08382386,0.0022810650696372474,0.3086485884765163,4.437558259449978,0.06485923548134118,0.6188858347456219,23.8762561383991
515,87,fit,0.9524782676774864,3.506714430835876,17,17,0,2.1929807391950527,0.3589687866274866,51,52,0.17654888331890106,0.17367845985306163,0.16337222,0.26499255812474953,0.18484887857226084,3.2777605393626286,0.032389079388874774,0.3090561010388814,9.475220678525048
516,94,fit,1.0241939767441501,2.108661467601016,18,18,0,4.760049473890155,0.12662553127321233,58,37,0.21226947009563446,0.11434607996227905,0.1629058,0.0,0.9845413507303907,4.025139240886071,0.07148988574962828,0.6821553983743156,20.811999562347157
517,101,fit,1.2328652987608733,4.610552098133415,10,10,0,0.33384170375431554,0.15160083441468983,73,91,0.33642473816871643,0.40887778246651413,0.14449419,0.25970167901125574,0.7748179191863607,3.5675393413881222,0.05104995750106775,0.4871179150865243,11.121838811528047
518,107,fit,1.2456975679122275,7.132795650750908,7,7,0,0.19330454594930027,0.14748070238863079,81,84,0.39231330156326294,0.40128719786247696,0.0,0.0,0.24991393645891305,1.1534555337786734,0.021525095078670835,0.2053921286132713,4.322702050726226
519,109,fit,1.190297004467771,4.77572505970366,10,10,0,0.8300655850352263,0.10617241199760398,80,81,0.36360788345336914,0.34779563913824135,0.24192162,0.2902079483026931,0.8954891219668709,3.8338401309343486,0.05136272354198147,0.490102323873869,11.93443598702244
520,105,fit,1.3095746098661392,3.4656422390025274,9,9,0,0.2008574041011087,0.1200934658308358,78,77,0.3684915602207184,0.34070744632936234,0.29188725,0.27523032678643494,0.2693637124300872,0.4332842354720543,0.00551367266972876,0.05261138043634313,1.228909873702581
521,102,fit,1.1473213760860599,3.8815807820726125,13,13,0,0.8944735249328477,0.078404500402898,69,75,0.29615479707717896,0.3036352541825638,0.1646153,0.12426777382097698,0.14978145682791663,3.606901452908072,0.042163856293870816,0.4023268730331185,10.554360926341163
522,108,fallback,1.2654222249984741,6.080557824616457,3,3,0,0.46928579271434967,0.06496329104443524,86,77,0.4131554067134857,0.3547056904709175,0.0,0.0,0.5666826146275569,2.249887229855599,0.03219619129408999,0.3072155657833014,7.575296166308946
523,106,fit,1.1716414515837883,2.0082376939575584,19,19,0,0.34745345002441863,0.32135322389536997,69,68,0.2971439063549042,0.27128583217525687,0.22077668,0.2660540782303201,0.247758379323819,0.2572543545247677,0.0008885739547995147,0.008478759110682391,0.19311693870179006
524,100,fit,1.1331096020230862,6.832841588293884,11,11,0,0.15884211591798908,0.11422601743039523,71,80,0.3131917119026184,0.3574666406916553,0.24975353,0.18528163375834397,0.43158941229114484,0.5106512470058278,0.004692978891127075,0.044780332930601865,0.9977883506088082
525,106,fit,1.235559259949717,5.546408306406672,16,16,0,0.9361174873682132,0.5986144727480186,72,75,0.32752493023872375,0.3273767448089907,0.16602232,0.04259587992514873,0.10889675118249266,1.4520019422408064,0.014645869467197339,0.13975066285493642,2.95690112699687
526,99,fit,1.0687382946612527,8.338827727166358,11,11,0,0.11737566450234886,0.04551073765392354,70,71,0.28910139203071594,0.2954079367272315,0.0,0.0,0.08269141264649213,0.28037307898937747,0.0022575760525819586,0.021541756226927083,0.557430697541126
527,96,fit,1.1428926759930396,1.9587402606167288,16,16,0,0.8401466673457074,0.0896009663734032,62,59,0.24853433668613434,0.21879438209997032,0.06593575,0.0,0.30090451182504196,1.2551614682618284,0.016918054196290548,0.16143181485010064,4.35672402478891
528,93,fit,1.0363937739836813,3.9952352675635234,17,17,0,0.9073520014838744,0.079938725612828,56,55,0.212155282497406,0.1920182850111099,0.19491312,0.16360253848665812,0.2079126876142071,1.375518577703568,0.01301179475380343,0.1241583468874373,3.6619046700857654
529,101,fit,1.100443586166188,4.903993464363161,18,19,1,3.4779344746385767,0.22301831565364677,65,64,0.26355648040771484,0.26999986354013256,0.21697521,0.1979188155518024,0.09682171445659779,3.186885314543892,0.07626757501863764,0.7277440364373821,14.671645232954221
530,121,fit,1.1233411170883063,5.433482696771857,15,15,0,0.9681976561751181,0.25864461187195353,87,78,0.39718955755233765,0.3452350798662747,0.078774385,0.04734794235338073,0.4963494844249167,1.8869134552801667,0.024944824717993294,0.23802313662207342,4.9695855124564
531,102,fit,1.1833074062679447,3.840813178069372,14,14,0,0.7502430492526831,0.1333438735154949,70,73,0.3043098747730255,0.3133007549917133,0.24549676,0.2830514114706008,0.2692427824342069,2.1805428964385793,0.024638054521515004,0.23509594009079202,5.256199174453492
532,123,fit,1.171590609941971,5.100642301775193,16,16,0,1.9991305076288266,0.17945061270285873,88,77,0.40472280979156494,0.3363500589560553,0.06722605,0.09925230390274913,0.9745536173436189,2.6679239975271,0.0734143750418158,0.700518845818853,13.832966479361
533,94,fit,1.0404428883559222,4.752040061613937,13,13,0,0.604609357100844,0.12577713892222867,62,64,0.2381909191608429,0.24454448268881054,0.16288967,0.25578917695723824,0.09382309116447864,1.585997210780748,0.019324227502317326,0.18439148380073783,4.974145821465323
534,383,fit,1.3781827390186456,6.271301866016669,12,12,0,0.45078044501354375,0.14685710981102623,86,87,0.4336966574192047,0.42832554971449543,0.0,0.0,0.08245358067367678,0.7182618308796878,0.014564981344026357,0.1389788296185721,2.5197715739963193
535,107,fit,1.1449209178303257,3.018699977477005,12,12,0,2.645480150810418,0.10362763101667942,76,46,0.3032070994377136,0.17368386222464863,0.20760994,0.33088700315859715,1.2591635749055083,4.841340882996631,0.10935420439836072,1.0434561488393197,27.53997041456307
536,96,fit,1.1562950861334247,4.394980468908004,11,11,0,0.3076290058927852,0.052426248990082906,66,70,0.2727242708206177,0.27574503392722616,0.29861274,0.35987948196481834,0.08522518167898784,2.3863396225231677,0.01675601119017313,0.15988560295966725,4.476309734761232
537,232,fit,1.3175213480832848,5.4074323054605,9,9,0,0.09893942749430241,0.03873810546427851,88,89,0.419182687997818,0.4334547147681702,0.0,0.0,0.4565845717185443,0.435626190541521,0.0012446047847061283,0.01187599985406611,0.23007696874251243
538,102,fit,1.2465957372152716,5.317028167073658,10,10,0,1.3081439427359707,0.07151845035958936,73,59,0.3445344865322113,0.250210636221784,0.06350216,0.09062049373888778,0.9190969210462044,3.840049653686375,0.0909406406309747,0.8677542044940334,20.404191836666577
539,105,fit,1.2650509928017757,2.2435317232495424,15,15,0,2.075178962117738,0.12252129501036126,71,58,0.3097085654735565,0.22278408896668395,0.13050312,0.03688837230031063,0.8592539114521947,3.3598143859686505,0.04588006502644437,0.43778688002332417,10.884816920417062
540,108,fit,1.200336092064826,3.6561517739604183,14,14,0,0.9255943482148957,0.10576143543629193,75,67,0.32902243733406067,0.27065542863610426,0.2427439,0.3138832525783513,0.5659755220850715,1.672229478837002,0.025970582763293476,0.24781090422989957,5.814723831510435
541,95,fit,1.0115748343853759,3.250852214863023,23,23,0,1.925035549821436,0.2473830254742778,53,51,0.1870480477809906,0.17039116568592175,0.0,0.0,0.23022152666919332,1.635743229579177,0.01835804387540878,0.17517217438367158,4.712396421901039
542,95,fit,1.081862817244131,3.6195738067140373,19,19,0,3.597154421765255,0.2749492274726837,57,48,0.21924322843551636,0.16835327649310725,0.0,0.0,0.5599426779993352,3.1580861518270478,0.05900890994537518,0.5630621177993814,14.980085649964028
543,105,fit,1.0886286909201732,4.757679786453732,20,20,0,0.9901455044209072,0.6701423559797556,68,62,0.28311440348625183,0.23661913496139914,0.22161444,0.2888037145748278,0.5166150708535692,0.6448338784727629,0.0067323686673264336,0.06424015903937437,1.555219990061772
544,102,fit,1.0890084962374271,6.460135493323694,17,17,0,0.7800443954624547,0.28270242273428775,66,85,0.28803128004074097,0.3939347222369195,0.0,0.0,1.0119747119228353,0.4545066959028521,0.0029587364569812497,0.02823221810096612,0.5473878034285686
545,102,fit,1.0293722259078972,4.832038748873495,16,16,0,0.6836527755290793,0.10187905487954874,68,76,0.2792367935180664,0.3128462538211678,0.2370906,0.2525483825894968,0.4140092080396577,2.469826576947472,0.019508576079671696,0.18615053511137114,4.403021064133151
546,105,fallback,1.2446202039718628,7.389615959839367,3,3,0,0.38829701917796144,0.015948608502560694,83,85,0.38753601908683777,0.3820789558905659,0.0,0.0,0.4892316602147512,4.789634887253309,0.07126275720954015,0.6799881413124059,16.724092849062508
547,104,fit,1.1577000984313417,4.438289269852934,14,14,0,0.3115774902960659,0.27599733492027656,71,80,0.309291809797287,0.3652563105207912,0.060809977,0.0,0.6025324073605648,0.4901833339402082,0.006627629809952828,0.06324074246138195,1.3004862783473117
548,91,fit,1.096912845752458,3.6942103077466566,15,15,0,1.169427135415992,0.0648016048209475,57,64,0.22358351945877075,0.2373741397740414,0.017151024,0.0,0.18884202383376916,3.2868591627924966,0.027751605529012242,0.2648053962692008,7.6896483953440375
549,102,fit,1.137203766508594,5.017749842592159,15,15,0,0.7065684674645588,0.32256699622826207,68,72,0.28662389516830444,0.30593071083335094,0.2568955,0.23604672416206576,0.25696080416564565,1.4537490679180018,0.010404542218028934,0.09927998299645929,2.2722015962115107
550,97,fit,1.0398767239935665,1.2188339491330513,19,19,0,1.7632223777233476,0.23755979170464764,60,64,0.23643901944160461,0.2415603635321307,0.29349235,0.33603801279813444,0.06821593193923788,2.966087320351233,0.021020604044614203,0.20057828286845614,5.112808986026299
551,115,fit,1.1842809969884485,4.084552060902117,17,17,0,0.7357862995806406,0.12172602561216997,78,70,0.33414602279663086,0.2849643070825848,0.2907605,0.2942785965808168,0.7236700787682259,0.11560483521313883,0.0005377579919412888,0.005131278549058099,0.11603982656545726
552,117,fit,1.111495393196504,7.58579028028154,11,11,0,0.4839370012457803,0.17868086503225422,87,79,0.3743981122970581,0.35319530043130504,0.0,0.0,0.20437058982010406,0.6559848050646229,0.0037251394877347204,0.03554522411960611,0.8031356030146725
553,105,fit,1.3787550157667694,3.3886811210214134,5,5,0,0.20390566556835593,0.059919833332448165,80,94,0.3665384352207184,0.4079146307472452,0.075018436,0.0978932720641507,0.969807157848354,4.53863476549021,0.07584078275392231,0.7236715911633808,18.469345465073953
554,103,fit,1.1635249498886209,4.4384254255012126,13,13,0,0.5340412116611264,0.03964658377484627,72,73,0.301760733127594,0.2983900446028785,0.2619271,0.22456305519228514,0.31371819371789983,2.4925919362286795,0.018028795044754683,0.17203048706826987,4.266978827507235
555,117,fit,1.1593482591070914,4.83174483015338,15,15,0,3.841579153934809,0.1659000808213742,83,67,0.32148122787475586,0.2659298555586537,0.2542824,0.2973379923054548,0.7145192244222462,4.830602836502398,0.11634155609001542,1.110129352003964,24.396489057503278
556,102,fit,1.0526437226785152,5.289668367784672,16,16,0,0.7771066935461614,0.15890166882739368,68,77,0.2738252878189087,0.3401838994884654,0.11962916,0.029515930518728473,0.6830380652775615,1.0382933894262307,0.013329155184033908,0.12718659526749912,2.68016760402845
557,100,fit,1.0606066790658528,4.3242417590158055,15,15,0,0.44051539009942325,0.37523974972191193,67,61,0.2637248635292053,0.2235409162340313,0.2976652,0.36214394319204635,0.388480406056505,1.392858567581218,0.005501900530949466,0.05249905086783842,1.4887846486246654
558,96,fit,1.1588378455048833,3.7294478780297307,16,16,0,0.17848908275891798,0.16292805566604524,62,64,0.25377827882766724,0.24605577678420193,0.15963301,0.05464946169596134,0.14923224162569396,0.9393046728644744,0.0045740925536011294,0.043645921312987876,1.1460752610329341
559,100,fit,1.1289418710349381,4.667338880744321,14,14,0,0.1995420282668366,0.14239935555090727,67,70,0.26622989773750305,0.26489842535031355,0.31482765,0.4023675395971119,0.4645591807940327,0.03531396469126787,0.0004582154610486214,0.004372284933670052,0.11160632109801193
560,100,fit,1.0514408041118293,5.25788189865812,16,17,1,0.5221560512974803,0.41683718223712035,65,59,0.25734275579452515,0.20496843693800906,0.3025854,0.365533554168947,0.44570918890794553,1.4491305841363264,0.007656354994437574,0.07305682246600738,2.0575072564139196
561,104,fit,1.1123401945021394,5.096934057237815,17,17,0,1.4783318454933432,0.24877144669712262,68,64,0.2794676125049591,0.2570421932389609,0.013153924,0.0,0.25998034567659584,1.7865736972803963,0.032750374716253354,0.3125035755367686,7.25223946269176
562,107,fit,1.150213294596094,4.19834395267483,18,18,0,2.2820820355220013,0.24807870042836352,70,75,0.3025803864002228,0.3400365546673476,0.00587207,0.0,0.6501455536121279,2.403834658775658,0.050064365839706276,0.47771341450101407,9.039419591193946
563,367,fit,1.0568148583866612,6.117546753036621,11,11,0,0.9760743674683771,0.6101185243657745,80,75,0.36036744713783264,0.3259037165045867,0.0,0.01997435207365611,0.4281722529249179,2.5297750472420586,0.027617495868384367,0.2635257239349653,6.141996047859757
564,97,fit,0.9925075171146617,3.0345510118141736,21,21,0,3.7547481164306635,0.5254951285545406,58,54,0.20191583037376404,0.16900936695311192,0.1902845,0.26117071048530927,0.4101971756595128,3.986427933907973,0.03977684720374019,0.37955006873797886,11.274958897356097
565,102,fit,1.2786560944221432,3.179775522528606,13,13,0,0.6097498380314366,0.09166510646273703,71,76,0.3307145833969116,0.3280919738900596,0.097089015,0.18034484695557967,0.03850118728716804,2.4175125541656595,0.018024926144676878,0.17199357008279464,3.855049489171247
566,117,fit,1.1411621544645993,5.187803977403198,15,15,0,0.4161117987576764,0.12423845890690996,84,76,0.3681144714355469,0.3248233272298921,0.0,0.0,0.45021537793215444,1.1659972441174082,0.005694164623379351,0.05433363190247473,1.2256752467706358
567,104,fit,1.2795628729657187,3.8636017589377625,11,11,0,0.4098119324878204,0.2616975312255112,75,81,0.3551987111568451,0.37263727029610827,0.0,0.0,0.19121822143810496,0.8143580176679579,0.005771910779707659,0.05507548453919521,1.1822252461580407
568,109,fit,1.2124954306914386,5.272282200568487,13,13,0,0.4830928437198908,0.23117583607001582,78,88,0.35525357723236084,0.42295719809133925,0.09513785,0.06833613121695745,0.7126279609952337,0.03487597144454878,0.00036977814962883495,0.00352841745829041,0.0665360433960147
