idx,T,quality,v0,w0,tc_real,tc_twin,dtc,air_com_dev_mm,air_ang_dev_deg,contact_frames_real,contact_frames_twin,stop_dist_real,stop_dist_twin,e_z_real,e_z_twin,rest_offset_w,wind_mag,wind_offset_m,wind_offset_w,wind_offset_pct
0,111,fit,1.3391368756721636,5.224510650123767,11,11,0,26.4646809284862,0.06262086281319722,82,100,0.4031098783016205,2.01147859996835,0.09632977,0.24896988726873268,19.370896800044644,19.950844272667663,2.0868328553598303,19.912527245799907,346.15969092158394
1,99,fit,1.1126430885453118,3.153414366927388,14,14,0,28.67981957287032,0.07517238152184413,67,85,0.27458685636520386,0.6679027745092894,0.018714849,0.05698686141333955,8.938506697767435,15.311027286276829,0.8874466576897286,8.468002458871457,248.53494554622384
2,104,fit,1.1842271392262225,4.241812957860962,11,11,0,0.5692583854973192,0.06444047815649008,73,67,0.3160378932952881,0.27205101613236976,0.045541037,0.13044772251529538,0.42643226950183155,2.307172914360818,0.025910162958677423,0.24723437937669296,6.387446537253451
3,111,fit,1.2380356893339635,3.5259657371594844,15,15,0,64.25644328438156,0.11899260517724194,77,96,0.34995049238204956,2.106985765645221,0.14506747,0.0,23.88059688150323,21.666626739593738,2.4738425839131617,23.60536816711032,522.7431390860997
4,90,fit,1.0633523305849486,3.9489505054703393,21,21,0,52.3359073631035,0.15059548995604977,51,69,0.18765677511692047,0.4210729672468101,0.13458951,0.0,5.740451682750552,13.473025486078617,0.6249883993854152,5.963629765128007,161.33685491013475
5,104,fit,1.1174659284453319,2.0423768550959034,21,21,0,5.414018526858042,0.11861047112096569,65,83,0.24487075209617615,0.3650456420785802,0.12111304,0.02775808168346417,1.238846375167683,5.627021798021062,0.1507339402888749,1.4383009569549132,36.62236395316724
6,101,fit,1.2250308705085768,4.0693891478900115,13,13,0,24.088597405651345,0.11759337977939145,70,88,0.306805819272995,1.2161844314472174,0.12965216,0.0820940317545598,11.132450648992728,16.015259547462914,1.1677416323725278,11.142572827982136,262.9985838836455
7,105,fit,1.1338154679338635,6.716479673986876,16,16,0,179.14428444118465,0.1103497297896473,71,89,0.32051464915275574,5.62104914695758,0.0,0.1532944983742493,56.026641474299744,35.80397069415124,5.909519980097669,56.38854942841287,1071.0943424645477
8,98,fit,1.0227561600505186,0.742771263205658,17,17,0,7.979765875705558,0.18169824012230837,64,81,0.2512023448944092,0.5777601140671179,0.33558625,0.2589072074178628,3.20260528372212,7.938366973833703,0.26052113034129065,2.485888648294758,54.39252368315298
9,102,fit,1.1374396198225898,3.432872903274964,12,12,0,108.37718589172512,0.06164706623970963,72,90,0.2869386076927185,5.6712125302274075,0.2694296,0.0,57.22288678626553,37.26376860485477,5.96983718157987,56.96409524408273,1526.0574922920132
10,105,fit,1.095575096554239,3.1007709324406156,13,14,1,116.27575354026462,0.311385894471648,73,91,0.27073797583580017,5.513723916010164,0.30464384,0.14840684004252766,54.99964660929445,35.555633049894084,5.807712615671295,55.41710511136731,1499.456601045436
11,104,fit,1.1074410973691553,2.64173772633113,18,18,0,34.13976311618969,0.20317781737677204,67,86,0.2643454372882843,0.39330917482650035,0.1780551,0.0,6.111730376187054,12.579849556113652,0.6182142198679931,5.898990647595354,153.1046295648789
12,111,fit,1.1011887256001873,0.547241870203375,22,22,0,12.50226611880261,0.111327693115557,71,58,0.3033127188682556,0.25010254691434236,0.0,0.0,0.9981523773679094,5.785451865313724,0.19518203535704695,1.8624240014985396,31.952511636985598
13,104,fit,1.0563934155188914,2.3882888025506595,15,15,0,179.52283757133532,0.1281890043419374,70,89,0.277720183134079,6.560459092330137,0.37782225,0.572924535266621,64.49853243996108,38.88778488962118,6.736226178019842,64.27696734751757,1827.2948844844977
14,90,fit,1.0415916414613955,3.1538497335708744,14,14,0,21.416931889943285,0.07486765064829518,56,76,0.1997862607240677,0.668660121759612,0.07854188,0.03600849394249433,6.119692005394441,13.864168637086735,0.6570735938597011,6.269786200951346,198.04325553400366
15,88,fit,1.1092534485752656,3.8443447981376875,10,10,0,2.234789282397101,0.07317553905182736,59,78,0.2287186235189438,0.336939880782616,0.14353503,0.11288940702910515,1.4014412953716637,6.7435782915186335,0.13193457015238969,1.2589176541258558,36.73091881667169
16,97,fit,1.077251506237499,5.601974008557652,12,12,0,1.054694835415322,0.14156210315202525,66,85,0.27268922328948975,0.30459273694905775,0.28928232,0.39795882159490215,0.3618778565048027,4.549009102117327,0.08112508627277884,0.7740943346639202,24.149774209907136
17,109,fit,1.1379553489908374,5.6966385239428,16,17,1,21.00990463114818,0.40366375495136636,73,92,0.32441437244415283,0.26359817465321894,0.0,0.0,4.340936907708371,10.965650229008315,0.5469282313647073,5.218780833632702,95.62471944195174
18,104,fit,1.1198612623814015,4.0674706097623545,15,15,0,97.43196761430467,0.23875057925410492,70,89,0.30114123225212097,3.84035168633093,0.10895351,0.0,36.203596522531804,28.567426363864257,3.7580225379631886,35.85899368285485,802.9701921069023
19,112,fit,1.2068144194819679,5.114613406358618,16,16,0,163.97553492211316,0.5266936628972402,78,96,0.35990622639656067,6.314069600693331,0.074919954,0.23880595732214424,60.10390325100091,35.01586976232426,6.252560686877251,59.66183861524094,1104.5296286445052
20,111,fit,1.1533922778341785,4.583609570289716,15,16,1,56.64850334692703,0.12597793577079058,78,95,0.35472023487091064,3.055883672396384,0.008177728,0.0,26.769961564397885,22.533423115467055,2.766856802792851,26.40130537016079,499.18713280620653
21,97,fit,1.1109953247890252,4.610098476690849,15,16,1,84.4518416073599,0.9965005536113526,63,81,0.2618328630924225,3.260190118016909,0.22496636,0.18582776212188465,30.032979398385997,27.17223815121365,3.133828166536291,29.902940520384455,765.3483372725485
22,99,fit,1.1072633927402975,3.13359261347517,10,11,1,53.49024987086771,0.028252590930257858,69,88,0.27528083324432373,4.631091086583709,0.0,0.37753092923256665,43.74765854044996,32.84297402691743,4.596231079787976,43.85716679186999,1420.7701650510223
23,96,fit,1.0364965881890906,5.168847615590887,14,14,0,2.4780305309999577,0.15189752032756773,63,58,0.2276235818862915,0.19438664210060927,0.23864686,0.3919961953761107,0.41334400027998053,4.0224920394746375,0.06444753887129005,0.6149574319779585,17.042150550767854
24,105,fit,1.23300746734812,3.9446184244075977,11,11,0,44.0046464446907,0.06358854746355475,76,94,0.3339241147041321,3.428503803875084,0.2918901,0.1688572644636465,32.61990440956836,26.514744042465875,3.352058613101825,31.985292109750237,755.7652252248059
25,107,fit,1.1332289935238746,3.957914032703484,16,16,0,29.30977298272843,0.4409875952184636,72,91,0.30060192942619324,0.6315304871030297,0.07344079,0.0,8.013392977171637,13.478689998170376,0.7827340746293242,7.468836589974467,195.98856813955237
26,103,fit,1.1779252162124543,1.592642170314479,17,17,0,1.981479377865011,0.0337825569751973,67,86,0.27189919352531433,0.3458827519411052,0.13090037,0.07795014241985464,0.7378100919378486,4.5722187417254405,0.09270454156406976,0.8845853202678412,22.06904886405498
27,110,fit,1.2249530563978375,3.561751408525402,15,15,0,90.20422364681455,0.1479572078283794,77,95,0.34328630566596985,4.396524994098442,0.014559249,0.20847030519390566,39.93857142467052,28.22183817346043,4.1770865979541,39.857696545363545,837.4571078078111
28,105,fit,1.1023301198345004,3.0641474026919613,15,15,0,194.2199977353741,0.7492040424180629,72,90,0.2864900827407837,6.394556590112353,0.21555296,0.10249774909456993,65.8070596639538,39.2563667295585,6.924958670357473,66.07784990799115,1534.190794402533
29,107,fit,1.2491906502057413,2.58570671033176,16,16,0,153.17348915470936,0.13304486779649594,72,91,0.33909931778907776,4.398737137043077,0.23848513,0.0,46.862437261108965,32.06325916570962,4.872256834577238,46.491000329935474,1059.4552828204282
30,93,fit,1.0812638674079962,7.499074566926833,15,15,0,53.20306720565193,0.1898077939613997,58,78,0.21137849986553192,1.7429354157596562,0.1604408,0.24499276850971297,16.423405218277612,20.926009907972848,1.7326069217226412,16.532508795063368,494.5376674823578
31,111,fit,1.2722511195594275,3.710826569835496,14,14,0,136.19009074292936,0.12219948092790786,78,97,0.3596530854701996,5.8700844961591745,0.31765443,0.0,59.86782586461228,35.28776417068337,6.229226439519196,59.43918358319843,1301.8336214417695
32,93,fit,1.0943040421990906,2.5268988601943505,18,18,0,28.803919525869002,0.0748912947852106,56,75,0.21801342070102692,0.17280932106934566,0.0,0.0,3.4189221347703778,11.442629093154071,0.3555922188727092,3.3930555235945534,93.17122836809162
33,116,fit,1.1863402179405582,5.789709392509369,14,14,0,16.31423393409571,0.11112421923137888,83,102,0.39092013239860535,0.8463607432497732,0.0,0.0,6.884541692729987,11.935507777751686,0.7320473792575846,6.985184916580005,144.60875552137358
34,91,fit,1.1140369545761641,3.4586693327146367,13,13,0,85.86313288928284,0.10419920192484709,60,78,0.23872195184230804,3.962581104398429,0.19785726,0.34532889163832575,36.5128378121824,32.03298216622248,3.811296637776922,36.36733432993246,1014.6451041161557
35,92,fit,1.051560133183086,4.223780842508087,12,12,0,0.2606755867677313,0.03577624385847543,61,74,0.225594162940979,0.27795222776496004,0.3024692,0.35237551445317067,0.5300416121887885,2.6270229503186817,0.020051752197569814,0.19133351333558982,5.339463158878937
36,101,fit,1.1418800964507936,2.0170794368385523,19,18,-1,0.8080465854963305,0.3953329109983046,64,60,0.2574159502983093,0.22563361902393606,0.0,0.0,0.39737185651257534,0.8310328980041701,0.009880664303278075,0.0942811479320427,2.395777079023784
37,120,fit,1.2993600090247528,2.632007191463091,23,23,0,37.85860301844209,0.41075140014959705,77,97,0.34541216492652893,0.14973586829107235,0.20697261,0.2854299253466727,4.450422030258425,9.855241867583844,0.4083033847067185,3.8960246632320468,78.21376586289429
38,110,fit,1.156305914963228,4.622235004007164,15,15,0,22.87406142183868,0.043634429533155744,75,95,0.3159308433532715,1.4886761018381565,0.0067206775,0.24977433663066442,11.494898618229735,14.593254977212084,1.2095267249378243,11.54128554329985,266.03819804891293
39,101,fit,1.2967507356028085,1.3986934009209726,14,14,0,4.907995280839163,0.20933773006584236,68,87,0.3006303608417511,0.6191729719506651,0.15890956,0.17050323028629585,3.142797393864093,7.9060254543309725,0.2926322910926791,2.792292853937777,60.38065461659993
40,101,fit,1.2047288436669652,4.27095049214033,14,14,0,5.282903864954502,0.10501011147483656,69,41,0.2951063811779022,0.14721707184972355,0.2944967,0.3689448102869608,1.4704198441873813,5.758707068311842,0.14788023204279557,1.411070916438889,33.708824289151046
41,94,fit,1.0538224688283295,3.8283635076789104,15,16,1,106.52530945539148,0.08611024447055741,61,78,0.23761756718158722,3.1539697363447883,0.2683707,0.21245590648335055,32.18198492297723,29.28094613019293,3.379786091562056,32.24986728589748,857.9747628048549
42,107,fit,1.1769833011366564,6.0066014196465956,14,14,0,0.49241418036633855,0.13759812947971678,75,93,0.34134581685066223,0.45570347616892964,0.0,0.0,1.096833980409759,1.4797635348757707,0.009188798646630388,0.08767937639914491,1.580452052543704
43,97,fit,1.1139197440713615,2.724635158825584,21,21,0,33.094741126170405,0.14105390719717406,58,76,0.2173788994550705,0.1679829860929023,0.07510351,0.0,3.407255097155418,10.362057282809834,0.35529989929084216,3.3902662146072724,87.61137131629444
44,98,fit,1.1085902323243808,3.732392083443043,15,15,0,5.741851539397716,0.37529234927177085,64,76,0.2548392713069916,0.2648574919275028,0.27519,0.4113714030280269,1.2473383995773717,6.343894463450979,0.1226357529218166,1.1701884820784025,29.530886871477488
45,109,fit,1.0461741526767152,6.51769308229359,14,14,0,109.15192304891242,0.16450980905701798,77,95,0.3313712179660797,5.265014551823549,0.0,0.06761362443992276,51.08968978027327,32.55525346884314,5.357086904396073,51.117241454161004,1149.1703254161432
46,100,fit,0.9884095993822631,4.027738612451261,16,16,0,5.573581084926703,6.087133872942917,65,84,0.2643054723739624,0.3431524076724886,0.25547045,0.34044035451559074,0.7962674582684789,5.559680542044886,0.11839661912957222,1.1297387321524066,32.02811890693739
47,103,fit,1.1716584745667646,3.8349446182902334,18,18,0,34.95943221386984,0.5172772115417403,66,85,0.28176388144493103,0.6424554133699205,0.120145634,0.06370685902637482,6.884493436732438,12.955579662856268,0.7298044833527799,6.963783238099045,134.2631014464096
48,98,fit,1.20104456349758,5.077243760323339,11,11,0,80.14070093364262,0.07758351749268297,69,87,0.3133154511451721,5.034057246949087,0.090483114,0.35630687499968783,49.506567665430374,35.60270179501933,5.192677231217934,49.548446862766546,1148.0633410621117
49,107,fit,1.1842905386088667,4.811368045683692,15,15,0,185.43614664946705,0.14056300012046705,73,92,0.3152022957801819,6.399009800044831,0.27980366,0.0,65.19996648178021,38.440644902504964,6.844347159364479,65.30865610080609,1442.8411509967043
50,96,fit,1.1633787895197143,5.856899681020988,14,14,0,120.85245822149275,0.12793822919542933,63,82,0.25745686888694763,4.43920626759337,0.1963673,0.518491271930143,43.936813547997545,33.953505141140305,4.609392717365763,43.98275493669621,1161.835912216048
51,105,fit,1.0317740128088562,9.335386400144177,6,6,0,13.390645262117886,0.025171393633090455,80,99,0.34444084763526917,3.5732728126685407,0.0,0.21486508542097235,35.99985942769564,28.29115060349659,3.7286689914418463,35.57890259009395,1079.7639295447186
52,99,fit,1.0582551652679184,2.9604362087952536,18,18,0,3.3264460875405653,0.09032555227871436,63,53,0.23153208196163177,0.18636777852244615,0.16320841,0.2613387859190384,0.47122654455367935,3.182952900734031,0.04798479155140894,0.45787014839130663,11.97692279849874
53,96,fit,1.0802632185578414,4.099613054261495,15,15,0,84.14612905467897,0.07102801541539717,63,81,0.25687316060066223,2.1545416992930484,0.35118935,0.19343962292048267,23.911740317009095,25.17838121336458,2.4731484694576586,23.598744937573077,668.4254239365215
54,93,fit,1.1431918526962268,4.466051406021348,11,11,0,30.18020505285729,0.09617506400961504,64,82,0.24739007651805878,2.012923342878857,0.15254961,0.12494199397508944,18.4468815586433,22.102746882098117,1.9341138332299084,18.455284668224316,557.0854208062162
55,86,fit,1.024428973560522,2.0820159053672094,16,17,1,63.653745433238655,0.06065385824300543,52,69,0.18463930487632751,1.8639267164088633,0.0,0.0,16.88623148067783,22.230234930585407,1.765201202984039,16.84352292923701,536.0807461800608
56,94,fit,1.1160650942629387,3.5280112486505186,15,15,0,104.24781285156782,2.116435995179539,61,79,0.2542005479335785,3.570966247451258,0.14538994,0.13063816641199508,33.747073103212465,29.876145327700304,3.54289148800613,33.80621648860811,938.0541852362842
57,103,fit,1.1726356299641139,3.4977756425974125,13,13,0,8.42072864760048,0.041344458677779784,71,90,0.29864346981048584,0.329189675043086,0.0,0.0,2.6048591060322526,8.924195081099679,0.2700132360385229,2.576462175940104,68.3613608390251
58,100,fit,1.1440640616911029,4.32188242542826,11,11,0,22.765811292500512,0.0986150468192998,70,89,0.28340575098991394,1.5353654411821265,0.33187464,0.2693217394128539,14.485680110354927,18.662773539866684,1.5112990961870976,14.42079290254864,394.00960595315786
59,109,fit,1.1673629142432853,4.613130620421583,19,19,0,85.54208731558263,0.2159771749321629,72,90,0.2986084222793579,1.5528912739169891,0.28379974,0.2554410314016726,18.151562863037082,19.498748082377976,1.9474073620340033,18.582131317118353,365.5177930935167
60,109,fit,1.1731080174895274,3.8030900710249638,14,14,0,83.17155099160404,0.1831602519213435,75,95,0.3183061182498932,3.97085701388326,0.24997516,0.27062137279199117,38.13017483466747,28.092885760997866,3.9985791364257324,38.15438107276462,956.1541449614405
61,104,fit,1.1568794803643132,4.247937422524704,14,14,0,5.925419039959598,0.15398295610941828,71,37,0.28437772393226624,0.12654887906194792,0.26030034,0.23482376300842112,1.57595941614474,6.240320097117089,0.14771764460700354,1.4095195096088124,36.61470642484735
62,106,fit,1.2874907997746283,3.3409104055059977,8,8,0,17.682278261725163,0.18902575395215482,79,98,0.3779212236404419,2.1122071814161623,0.13424656,0.1735526951669878,23.461861106965635,22.55902010063834,2.4483553332044576,23.362169209966197,546.1604142583992
63,129,fit,1.2316117453362203,4.278929976828877,24,25,1,77.89785118596241,0.286164347131019,85,104,0.39965054392814636,2.182560155998728,0.084476195,0.0,18.649343929574464,16.325847035201825,1.8759244458923132,17.900042422636577,255.35884923594907
64,94,fit,1.0953881085582093,2.1709876213127517,18,18,0,31.187066876361182,0.32442457597581764,58,76,0.2171909213066101,0.37270270782410786,0.027715873,0.09081576642289718,4.557792489197706,12.306892944530636,0.4898418089845129,4.674063062829322,127.49550978923614
65,92,fit,1.1283670761981484,3.0981908070716457,15,15,0,121.72442580281567,0.3140488297756615,59,77,0.23199637234210968,4.168378513860076,0.0,0.0,38.90526703797772,32.82784576150545,4.0736018826214515,38.87024697157874,1095.4249204936382
66,111,fit,1.146587846960403,3.0006856072325823,13,13,0,14.650447195710854,0.0957119775065894,79,98,0.28316763043403625,0.41486756830066285,0.19927458,0.11435920778749158,5.542886630046383,11.597168675667604,0.5473127096420323,5.222449519485041,142.61375980309384
67,99,fit,1.148097211155367,2.929429522668411,17,17,0,65.60050317986051,0.33690137522597136,65,82,0.26332345604896545,1.2724645918770336,0.0,0.1321149335558398,15.053863045322723,19.16110366560069,1.566673511224424,14.949174725423893,381.0373526375784
68,90,fit,1.0247877353034052,3.0664947016778057,13,13,0,42.44836039072329,0.10018136644565623,58,77,0.21796637773513794,1.8718661412080264,0.15987691,0.19051011469004228,17.37657286631785,21.976805959635897,1.8090571882999489,17.261996071564397,535.9512097087725
69,99,fit,1.1021548857278833,2.85383874336586,21,21,0,38.378552729196606,0.2969806424085355,59,78,0.22696039080619812,0.8832262349428408,0.0,0.015089202910081024,7.067981944049369,12.93062623255514,0.761079600560345,7.2622099290109245,191.2928332646787
70,116,fit,1.0232970106756654,0.47461976504156456,21,21,0,95.16115523915899,0.23752837278768535,77,95,0.3287889063358307,2.696822438625074,0.0,0.15487744557562955,23.595392203589913,20.56981380457567,2.3729905032106813,22.643039152773675,381.43215566761137
71,107,fit,0.9878906284495405,4.72642180599078,16,16,0,68.8500195706987,0.2038540461320801,72,91,0.23090748488903046,2.88278639996745,0.22430255,0.4803704288291928,26.260202504701784,23.021388963399037,2.7577509911230424,26.314417854227504,727.4956402233549
72,102,fit,1.1365742732935187,2.8602338515597037,20,20,0,187.40639310054684,0.3192857084119208,63,82,0.24736909568309784,4.0406391795757655,0.026399886,0.2252760071619778,38.769026406493765,29.87872211796438,4.075426728858943,38.88765962651663,954.3978078446013
73,98,fit,1.1974167044172825,3.411154635804437,17,17,0,0.7749087156291645,0.1136808668216134,63,63,0.26198673248291016,0.24673758783552358,0.08436871,0.15431691870675235,0.1971415671184498,1.415764205332801,0.011169044694388224,0.1065748539540861,2.609600077492005
74,105,fit,1.2504920952600274,3.876831220741934,14,14,0,0.49690650351133125,0.13844042808234344,72,77,0.3208972215652466,0.33476330625514433,0.0,0.0,0.15148397560838334,1.9193799332175276,0.01182589070165461,0.11284246852723864,2.4801797095175795
75,100,fit,1.0605938268605963,5.194314811576786,18,18,0,7.579687698298756,0.15788879761001906,63,82,0.24242925643920898,0.40852418068427765,0.2490876,0.234403426000505,1.8941571790282332,7.165898587467124,0.21697255294981033,2.0703487876890296,57.205040420496644
76,93,fit,1.1517734467697824,4.4560065643179145,9,9,0,8.570851110776628,0.0687324602342536,66,84,0.2839421033859253,1.0941317963826935,0.268148,0.22678326960117146,8.477613458730549,14.926885873099451,0.9005290918152492,8.592834845565354,254.45830326051276
77,109,fit,1.257017349904867,5.183963404954346,11,12,1,52.74274149662533,0.07575147490601407,78,97,0.38417455554008484,3.499816283056539,0.34995744,0.30019190803161566,37.044005450138116,27.902612862758676,3.855453793484072,36.78868123553504,810.5051736358091
78,98,fit,1.1871861799067356,8.156857670808275,8,8,0,12.379918616182552,0.03355465560394633,72,90,0.3140000104904175,1.046035071725622,0.1350605,0.24029992164689323,12.873464820700667,18.68008292378198,1.3291143750728347,12.682389075122469,357.71567182014496
79,96,fit,1.107451068780589,3.8242547944305496,14,14,0,146.37448182575523,0.354506797665153,63,82,0.25008273124694824,5.796931194884568,0.12801367,0.21044097753591748,54.8825309429386,38.38362278756386,5.7511855598874195,54.877724808086064,1518.987493685447
80,108,fit,1.1441545403055735,4.6933689073399325,18,19,1,39.199996448969735,1.2259746127230546,72,89,0.3018993139266968,0.8316288743097604,0.25283462,0.37087056555409326,8.524256390593223,14.18630896477077,0.951786594046147,9.081933149295295,200.85486520417538
81,96,fit,1.0282140608798267,4.819596767282451,14,14,0,108.89754303719916,0.1825779757266299,63,82,0.2478310614824295,3.474153329898893,0.2983442,0.0,36.70775371863529,31.224083422780126,3.853061252398211,36.765851645021094,1005.3466430229106
82,98,fit,1.1200276710870567,1.548567437264247,25,25,0,136.5702437766003,0.459629717016764,55,73,0.2034716159105301,1.00138639513509,0.19680111,0.25068096122655964,12.882151813978368,18.565753773148227,1.3411854818273325,12.79757139148218,317.39141535566756
83,96,fit,1.017378224416585,4.565716708766947,20,20,0,53.8949091339462,1.1340820868779262,58,76,0.2127426117658615,1.054426628731355,0.17853124,0.1074522923076903,9.731800698966962,15.449455808020003,1.0045855861109259,9.585740325485933,243.19418791192933
84,120,fit,1.2085809506764846,3.144343791940508,18,18,0,9.177580649515706,0.21339781391759627,83,46,0.39250946044921875,0.1876457702152918,0.027952626,0.0,2.05641228464896,5.843937873744111,0.2016140230824664,1.923797930176206,35.6694781083689
85,98,fit,1.1499987395188416,5.861429242302061,14,14,0,24.99385236841695,0.18338605730833205,66,84,0.27718284726142883,0.5712175552393465,0.18553689,0.1670587842526889,6.754155808181614,14.430531399651779,0.7472217430060176,7.129978463797878,161.36166700043913
86,96,fit,1.05001795930007,3.4711797077217947,19,19,0,4.960144037065623,0.3300952306180393,60,77,0.2345188707113266,0.3432014279326484,0.0,0.0,1.1612796910291903,5.788187259757268,0.13704814813065389,1.30771133712456,35.55028982616688
87,104,fit,1.2330559155516652,3.1637627172509846,15,15,0,35.32560050247044,0.1656030005372933,70,89,0.3155215084552765,0.8215175538248385,0.10723839,0.0,10.477422061681006,15.813739125196127,1.0518972776903617,10.037187764221008,249.1379502288017
88,98,fit,1.1785323585461267,2.4073951603885573,13,13,0,3.8911774035681,0.17939294780906836,66,65,0.2835600972175598,0.254451318966739,0.07839246,0.18575844625005072,0.7293073289542499,5.749448004787746,0.12034159815960105,1.1482976923626054,25.376208509927867
89,100,fit,1.1904658775702466,1.8747676098798223,15,16,1,89.26580420485296,0.2003548919106624,67,84,0.2919447422027588,2.492377542830147,0.0662308,0.0,27.390619894195364,25.874807500790045,2.906715375285214,27.735833733637538,612.9316380462976
90,97,fit,1.2920657778657354,4.390311273387328,6,6,0,16.66411844924508,0.02721305889346599,73,91,0.34540849924087524,4.872169996162043,0.0,0.0,43.6077277988686,33.3601310598956,4.572084081358708,43.626756501514386,1136.731130191592
91,103,fit,1.1916757260264081,2.2545020810712697,24,24,0,0.6245575210697698,0.1615061431897131,61,64,0.24060168862342834,0.23698056051898186,0.036569465,0.0,0.03900232727170662,2.373984918388676,0.020679055625916817,0.19731923307172533,4.529006523968477
92,107,fit,1.1639147454545669,6.168156480063085,16,16,0,95.98640680824418,0.2407526736303756,73,91,0.3221352696418762,2.621884117156763,0.0,0.13330698035263344,29.102206729872652,25.06841214670139,3.092105219062998,29.504820792585857,598.1573164031718
93,97,fit,1.07357044190817,3.426044184197474,19,19,0,145.12609598928483,0.133352128255847,59,78,0.2265939563512802,2.4697367738812237,0.001410076,0.0,26.637699037191467,26.13286212808484,2.779889061669267,26.52565898539377,713.6697925868556
94,98,fit,1.2052378829033104,3.553246830722848,13,13,0,14.34766881354722,0.09326766939972948,67,85,0.28759780526161194,0.9107185616810924,0.14927827,0.03577403447571439,6.905470168191744,12.920146908891233,0.7274612683784811,6.94142431658856,174.01034759693263
95,106,fit,1.1478675716713218,2.496386229215596,19,20,1,293.42874911478197,0.5477192865610139,66,86,0.26108887791633606,5.934885722288081,0.015153091,0.46808991764843966,62.388296641938275,37.776912463766585,6.504190518971624,62.062886631408624,1596.334648245534
96,100,fit,1.2498024864195787,2.1540408336619064,14,14,0,1.5244975803608898,0.06766074730254609,68,62,0.2959176301956177,0.24460158496225604,0.0,0.0,0.5442163936932957,2.875244936214117,0.04030318839692751,0.3845724083676289,9.481777748343934
97,103,fit,1.1357890179299883,5.032065170673433,19,19,0,160.45030532910073,0.31245887969993613,66,84,0.274862676858902,3.7658511506915984,0.20005718,0.292854430848655,36.849320386028914,28.7759074927491,3.858627201336252,36.81896184481156,793.7174593369925
98,102,fit,1.2213849739933675,5.661981031354807,9,9,0,31.411950543299227,0.033900851831387795,76,93,0.34798166155815125,3.4873773930840692,0.29914907,0.29673379108124154,33.58006075497939,27.728639726391886,3.5074423204038676,33.46796107255599,808.7797039597942
99,112,fit,1.3304772403590515,4.479864803858675,5,5,0,16.323651134884347,0.016005572271018696,88,107,0.4277842342853546,7.873802563417975,0.0,0.13007374228243893,74.84966770780053,39.8007774259351,7.873651746076518,75.13026475263852,1569.422227805937
100,116,fit,1.048552371804086,5.855753705001037,16,16,0,195.45538449018514,0.1603326623427489,80,100,0.3473624587059021,8.130215717691266,0.1531031,0.0,76.42929278008417,38.820276507397104,7.9978029009074625,76.31491317659793,1580.4945880674682
101,103,fit,1.2079885663630403,5.1103074282125736,8,9,1,4.909851042952356,0.047189759283628466,76,94,0.3383234143257141,1.074189982338473,0.18390651,0.3769292844543819,7.825936540960604,13.075434365137069,0.8321101472094744,7.939982320701091,209.9434092111304
102,95,fit,1.103505341334137,3.3529896965397334,18,19,1,162.3182088179187,0.2021812669828976,59,76,0.2308068573474884,3.993209539712778,0.0,0.15481216190894018,37.90659801937344,31.388857321950688,3.9559198656440597,37.74732696225248,947.5325166700172
103,114,fit,1.238920236431987,4.222045979252412,20,20,0,3.5574336014308656,0.3023866631032841,75,86,0.33846405148506165,0.3541979569453856,0.32494307,0.3429407510810386,0.5215711272837359,4.425384499820626,0.08049899195332925,0.7681201522264242,16.017533151491346
104,105,fit,1.2052177128749189,3.939620494074746,19,19,0,3.8763417756228566,0.4535007200219607,68,86,0.2815135419368744,0.4169503568594565,0.20613468,0.2730959860713875,1.3444791392188191,5.415882129653382,0.13848930025084832,1.3214627886531327,29.021112969140475
105,106,fit,1.2477165054116,3.2861147949776646,16,16,0,130.61988573761482,0.2230254154878318,72,90,0.3198355436325073,4.827999546160964,0.19765395,0.040190966750195393,45.59781495522642,31.430727017845477,4.78535486705114,45.66178308254904,1020.0280580528757
106,101,fit,1.1445912919028312,1.656408040678447,15,15,0,1.766173645440207,0.09908138186977111,67,74,0.27019497752189636,0.2809427367891687,0.0,0.0,0.31284890654719943,4.2089027278972315,0.05966140138247216,0.5692881811304595,15.648056488446628
107,101,fit,1.1152536885098587,3.6161795463226096,15,15,0,59.35662819248148,0.17781638229929803,67,86,0.27776795625686646,2.6727552672536317,0.30294767,0.5266467749374932,23.546488321842432,22.998966696322835,2.510341595597183,23.95364117936243,661.3967255486357
108,117,fit,1.1791345080164601,5.316997403610506,14,14,0,2.733077059025486,0.19136829786736878,83,60,0.3483065962791443,0.2643802542772001,0.05910349,0.013714480096726631,0.8567206004559418,3.872932174405952,0.1076962065795092,1.0276355589647823,21.01553927677078
109,122,fit,1.2554296177933828,4.809865003681238,10,10,0,5.334203953316479,0.07794191428824733,93,112,0.43639838695526123,1.0121652885843364,0.19121492,0.17033423735276837,6.486223507195636,10.740512996878444,0.7115575579133847,6.78967135413535,140.86099551705257
110,103,fit,1.211073141648642,6.677851107266189,10,10,0,29.874857022808087,0.04131908903612178,74,93,0.3438223600387573,3.305060356610971,0.0,0.0,28.80072927319962,25.133063294551025,2.962362649536977,28.26681917497115,589.4990789780039
111,103,fit,1.1662773622261584,5.048016883513371,15,15,0,4.364323642767942,0.18783699453377892,71,88,0.3126063942909241,0.3697022640088914,0.22545953,0.29655725285063245,1.1205591274651596,6.143430592696395,0.12814975219288408,1.2228029789397334,28.638912929958796
112,100,fit,1.1128605888439473,4.90737239899043,16,16,0,68.55013834931553,0.29118900252115093,66,84,0.2773553133010864,1.4560242964280328,0.26353776,0.2904102325019495,17.266063020104625,20.924501372872808,1.856503306879069,17.71472621067814,388.9311772154062
113,96,fit,1.022420489570556,5.19169125991369,17,17,0,16.05488902236688,0.3906154518685378,60,79,0.23798473179340363,0.7420452672147833,0.17822033,0.1321478063011401,5.0870141898267525,10.872096093239685,0.49148049292112383,4.689699359934387,116.27998465099765
114,113,fit,1.2635212540970309,2.605085089754248,13,13,0,5.675965551706899,0.0750841308284296,82,100,0.366098552942276,0.7828307555952512,0.0,0.04142552144922336,4.103471727182537,8.936084613580622,0.476433857614339,4.54612459555667,106.57945553599917
115,95,fit,1.2974938871555262,2.4836784214487118,7,7,0,18.419528374376366,0.03859438059767426,70,88,0.3115204870700836,3.7094423042147007,0.0,0.0,33.037529190043465,29.216406042643687,3.4528190009382733,32.9467461921591,868.7257256622094
116,120,fit,1.2210971468751044,4.843525259050053,12,12,0,77.27365745012736,0.11707433581448698,89,108,0.41981470584869385,5.071964903945234,0.08597752,0.3034966570102893,53.23622270222112,30.823150346871174,5.596022906921972,53.39716514238523,1000.1993502575366
117,104,fit,1.2036798709720975,2.598281523818344,18,18,0,23.822815986557682,0.32323733911731584,69,86,0.3145838975906372,1.0962040548346321,0.18596175,0.07151273521116322,7.729020962417736,12.510952492343298,0.7971699266197969,7.606583269272871,159.15033172545267
118,92,fit,1.0814923527795313,3.758610238655494,11,11,0,2.6912255257704834,0.1319710483134287,63,40,0.2439415603876114,0.13727205319574248,0.13269454,0.08327353304502495,1.1103177366292027,5.453929029525785,0.09759731301970634,0.9312720707987245,29.22413364964799
119,101,fit,1.0941147290627093,4.844853931159453,13,13,0,59.71857065940691,0.0957819820674821,70,88,0.27765730023384094,3.1596621092098034,0.27338642,0.3341782477238038,29.408944183313746,26.102179695060038,3.0728425212254455,29.321016423906922,757.6088716436474
120,102,fit,1.0660664629332703,2.166850589873423,19,20,1,173.5304912175425,0.5345798453148901,63,82,0.24291326105594635,4.306360552498685,0.005857012,0.13405917081671348,40.88189756013636,30.649708517527866,4.309832029292018,41.124351424542155,1120.2444039120328
121,98,fit,1.0992206188839198,2.399876200673236,18,18,0,168.38047993181488,0.2160915353353443,60,80,0.23032861948013306,3.2531782609276,0.0,0.0,34.76579815283897,29.84433994718815,3.621454591605887,34.555864423720294,975.8482808213305
122,99,fit,1.1031637019538587,3.166592908285717,15,15,0,48.52214637156232,0.29524492294333915,65,84,0.2588321566581726,2.142850502745055,0.21611004,0.2997990227902065,18.67902432961972,20.72221999872033,1.960371917568098,18.705838908092538,489.11162390477875
123,107,fit,1.1055399185268733,4.836472694068038,15,15,0,3.7694731792227616,0.5092099767368803,73,92,0.2872193455696106,0.4820538235033709,0.31036842,0.3418665513510785,1.9734354759765615,6.519892068891173,0.20838747440679625,1.988430099301491,49.620643770279514
124,99,fit,1.0984565313403878,4.668709516742698,16,16,0,13.035239810282992,0.32226466882668936,64,83,0.24591168761253357,0.6393449056778444,0.21712966,0.3499825895921655,4.25045384946039,10.157174407782959,0.4558997192399395,4.350188160686446,120.81322569705402
125,93,fit,1.1554551351814648,4.9221508654076755,10,10,0,7.136925852260299,0.06150621623916699,65,83,0.258470743894577,0.7570580791926649,0.1769524,0.21957690265120922,5.368703615143906,12.157379637458208,0.5936803959721857,5.664889274543756,180.65334996029037
126,106,fit,1.2658557497178116,4.749943904733555,15,15,0,6.263686169014756,0.16187475080329286,73,77,0.34208565950393677,0.2971052178413683,0.31826413,0.3300836341276496,1.7644788906398168,6.3151496643406535,0.15785915492446811,1.5062896462258408,30.228720129990293
127,442,fit,1.1964915262072642,0.7895417820586178,36,36,0,170.76129505354865,0.8976321601933791,394,406,0.7555679082870483,9.925635901140657,0.29582214,0.3398499351350343,95.22705494939099,14.552800875215558,10.128723231231616,96.64812243541618,1954.5416787921993
128,100,fit,1.0716770342557758,4.478340430191407,20,21,1,325.9774274472317,0.11034311235129082,61,79,0.230417862534523,6.442643621231676,0.18202189,0.4810415996589584,63.15632871283049,39.97556758058627,6.647883547161149,63.43400331260638,1708.6912462663242
129,120,fit,1.1099478622245875,4.933075109331123,16,16,0,5.402558318849289,0.14074782909706746,85,104,0.3827625513076782,0.5379308016746681,0.12785839,0.09422837219677975,2.340128313084004,6.2934063106033875,0.20747723442396931,1.97974460328215,39.013281695546894
130,106,fit,1.2216181890890088,5.260124229652859,13,13,0,108.83262446700462,0.24405660615036023,74,93,0.3290983736515045,5.15214440932641,0.3065112,0.48101630955796,52.034268803616115,34.18555393911306,5.422197973993757,51.738530286199975,1279.1895322444745
131,101,fit,1.07177029587963,2.945274136809279,14,14,0,4.970144043323248,0.1647928006427039,67,87,0.2652549743652344,0.5471884442643459,0.07112008,0.004323231881895269,2.7363657866882978,7.772128847763332,0.2816389975140061,2.687395014446623,70.4166215684917
132,88,fit,1.180872626371531,3.02181812873534,8,8,0,2.8197385730744373,0.053529492105065773,61,80,0.24002009630203247,0.6322694938777377,0.0,0.0,3.820531297799205,10.381769332650627,0.4113991456241024,3.9255643666421984,133.6964332088154
133,104,fit,1.2930324361397603,3.971469594397253,11,11,0,69.36760037287232,0.0952507946240064,75,93,0.3495290279388428,5.051685030527207,0.053234212,0.43193469308885396,48.78409105685836,33.341407948811764,5.117957955042703,48.8354766702548,1049.0556268027437
134,91,fit,1.1927238878740045,6.725071077907303,10,11,1,31.973598702206672,0.07642950831710012,63,80,0.26823893189430237,2.835514676151225,0.0,0.0,25.0257301629744,26.0769251413981,2.6287033481284703,25.083047214966317,731.6858312291587
135,106,fit,1.0233635639368728,3.4997557240940966,21,21,0,3.9172244580784255,0.5041270285062579,66,52,0.2211020588874817,0.15923036871582746,0.23297209,0.2896659782369576,0.8830781571665988,3.244167157904189,0.0494046064116885,0.47141800011153145,12.495829806737445
136,99,fit,1.1844098236657026,5.668258150615341,10,10,0,12.091586920082436,0.03026729486223138,71,89,0.31505605578422546,0.9693864298699459,0.2665148,0.1847964855917354,8.865753686930047,15.07054569878578,0.9238097923289095,8.814978934436159,214.97149100032118
137,111,fit,1.1241714924479491,3.9947189402040686,16,16,0,106.67812464117347,0.1459086609306783,74,95,0.31056445837020874,3.1968261311016795,0.28765082,0.0,34.61040680538669,26.532185938483728,3.575989047422877,34.12203289525646,878.7697283147281
138,107,fit,1.1581066165133376,3.695139741167612,14,14,0,15.455156301671188,0.09813099102979284,74,93,0.310243159532547,0.318446852530858,0.2745328,0.20367745933279613,4.385237559806504,11.065179243084044,0.43179224006767813,4.120154962477844,106.24737584020868
139,112,fit,1.2565060228368792,4.102196484955789,14,14,0,153.8769064677956,0.1136450738379129,79,98,0.3774113655090332,6.816830292042021,0.29959676,0.0,68.96024223262084,37.7547367332443,7.205769228041173,68.75733996222493,1501.6934520639677
140,94,fit,1.116064890426395,3.5280098784638687,15,15,0,55.80211392114745,2.1164405615524493,61,79,0.25420060753822327,1.863394248008391,0.14538994,0.3284772154490336,17.617256785764305,21.453508938135702,1.8467462876744911,17.621624882390183,488.9645001283929
141,104,fit,1.087992887358169,4.314471078441751,19,19,0,212.52759073025044,1.1588953648281148,66,85,0.26286447048187256,4.57049984237892,0.24128176,0.010522340165744593,46.554978975273414,32.547950556311044,4.886323771184116,46.62522682427591,1203.9526285154548
142,107,fit,1.1009025395750838,4.339518043126392,18,18,0,108.60595867417014,0.2284502934292045,70,89,0.2825862467288971,3.398676216949613,0.24476753,0.4607386527963168,31.541309192602036,25.48186500248583,3.3464132966478646,31.931424586334586,843.1710485214672
143,90,fit,1.0961921669202521,10.86118087861388,13,13,0,5.0590328612431765,0.19939386888586463,58,28,0.22077356278896332,0.08379839299268631,0.17138408,0.16094910930917689,1.3663932253601447,6.313470987454059,0.11131669307462384,1.0621821858265634,35.631665190345075
144,108,fit,1.1209266046822417,3.44240588216695,25,26,1,248.20086370672666,2.179990873056851,65,82,0.2728177309036255,3.915413588992565,0.28259954,0.46717146179640656,37.59597493919411,27.82984425669883,3.9886693188044164,38.05982174431695,861.5885857031226
145,99,fit,1.1453895653818524,2.7788055773336784,18,18,0,219.2244053448344,0.24281287376896651,62,81,0.2549665570259094,4.355483396667092,0.0,0.0,46.321325307737794,34.24013984498824,4.8473224587119494,46.253076896106386,1179.130831910921
146,97,fit,1.210205711567616,3.1609132108195626,10,10,0,43.34963866016596,0.02815389079315238,69,87,0.297112375497818,2.9686982645045736,0.18564501,0.0,30.91954213775788,28.158608271474762,3.241920821017124,30.93435897917103,812.6847816331641
147,93,fit,0.9811862570112032,5.060449799454406,25,25,0,50.52599368132941,0.5120831241241875,51,68,0.17076051235198975,0.7244580128875208,0.0,0.0,6.066225737557036,12.515635950281123,0.6304325144350869,6.015577427815714,155.14668098829642
148,117,fit,0.9444294604054964,6.878699555102847,26,26,0,1.5839399526740268,0.7446052741512791,72,79,0.23225152492523193,0.3312358740488361,0.086237445,0.11621253117833324,0.9685897749121936,1.5214027334702012,0.011043195640542139,0.10537400420364636,2.0463357384513423
149,104,fit,1.1845982042513066,3.0189313224230014,13,13,0,14.688984341019186,0.16134771054495775,73,91,0.3086070716381073,0.41664986315589914,0.06944033,0.19740444855771905,4.93983709793498,11.80243316336886,0.5323886753842604,5.080044612445232,121.70871950726861
150,99,fit,1.1658225913066276,1.549300016563908,11,11,0,3.1116747891148377,0.0889165574945659,69,63,0.286848783493042,0.21831316297218195,0.116507605,0.30331855792732776,1.1047923045691708,6.254706526247836,0.11581386683745949,1.1050941492123998,30.37098625049505
151,103,fit,1.2773391375228995,3.247129064234868,11,11,0,42.77568570635446,0.08676562810302924,74,92,0.33931782841682434,3.608881126278155,0.22043782,0.38332583294742956,32.376304487856345,26.85265142467965,3.410891316265071,32.54667286512472,793.5955971077171
152,97,fit,1.1376622217713577,3.4404758207622548,16,16,0,9.220244638706891,0.13923687210935462,63,31,0.27024245262145996,0.10331636169414286,0.0,0.0,1.6972517000233747,6.892845349309837,0.1592807029061988,1.5198540353644923,39.633359710621036
153,103,fit,1.2940994529086136,2.3069765023472284,12,12,0,20.96730988736666,0.17788533660002295,71,91,0.3252074420452118,1.8529363706979967,0.0,0.0,14.962443971992945,17.616234457586184,1.5558943820191269,14.846320439113805,334.4050315178839
154,103,fit,1.0102687115530171,3.022761429877937,20,20,0,10.941943108601713,0.6829596297920969,63,60,0.2342858761548996,0.17624411726593017,0.2752509,0.34163523825697095,0.9261145850850345,6.547939989119834,0.11718803030226915,1.1182063960140185,32.78364569134939
155,105,fit,1.0680430605149596,3.803035443171324,18,18,0,79.9854941353549,0.14206373025800664,69,87,0.28323814272880554,2.3659587871967545,0.27783442,0.19659327049399694,21.91355087064183,21.571620688916724,2.283911680143254,21.793050383046314,519.667162418433
156,88,fit,1.0046882368197194,1.9810101460753078,16,16,0,12.137872694010612,0.09857755018327059,53,72,0.18868739902973175,0.46613459136588176,0.0,0.0,3.0954628197140623,9.729160025146962,0.3268881847925345,3.1191620686310544,103.6780734584079
157,91,fit,1.0374100824694694,3.312304318994103,15,15,0,2.168707392039917,0.13396817593827282,57,52,0.20766842365264893,0.1770319881849054,0.01935897,0.11931293543927461,0.4679088371871339,3.6907324505026895,0.035203325040117736,0.3359095900774593,10.578931246429306
158,135,fit,1.1867798392390305,3.2534749461584638,18,18,0,161.68392686327525,0.311324865591571,98,117,0.3028532862663269,5.5454488631006065,0.2584458,0.0,57.2994644922368,29.05775767168064,6.014262611517804,57.38800201829965,1230.9872645223172
159,108,fit,1.1355119337704958,4.008045105792867,16,17,1,95.23426973229402,0.1737374938253368,73,91,0.3147444725036621,3.7454096847807006,0.16716297,0.4132649836155468,35.10781350493945,26.779070558713965,3.715117803742251,35.449597363952776,889.9684600863565
160,91,fit,1.0061952445742819,3.30926275262522,16,17,1,189.55984786135897,0.15377248710583918,56,74,0.2090037316083908,4.603251730842054,0.020425983,0.07587455263729866,46.247705991162896,36.97476566220105,4.860329140395191,46.37718645415258,1508.1508798162772
161,97,fit,1.0589610076579732,0.9839381395752499,18,18,0,38.91367977698163,0.20897607230453855,59,79,0.2185087502002716,1.2456105188396616,0.18807462,0.3025293146762629,10.280873559995134,15.548565863262027,1.1077504725087752,10.570138096457779,312.51813533085567
162,93,fit,1.0894507793158577,4.0205324723524605,15,16,1,87.21866951127178,0.10532929731803395,60,77,0.23887962102890015,2.505086079806276,0.0,0.0,25.551663294243465,26.332893013667952,2.67594163925509,25.53379426770124,715.2680127060092
163,93,fit,1.0363938122757193,3.995234965281971,17,17,0,45.96651602222635,0.07994097818550872,56,76,0.212155282497406,0.7063864802585055,0.19491312,0.12864439311122322,8.88766689646474,15.96905111646615,0.9295803256831042,8.870041275602139,261.6114249249293
164,101,fit,1.1004436760195704,4.903993149417315,18,19,1,257.13815907404853,0.22301738775537766,65,82,0.26355651021003723,6.505390554429907,0.21697521,0.2437279245851339,62.702203734000896,39.463972200842136,6.480731574777334,61.83904174405853,1246.7026694373171
165,121,fit,1.1233411331733492,5.433482520243435,15,15,0,51.67230492288394,0.25864276681207443,87,106,0.3971896171569824,3.2824886092145333,0.078774385,0.0,28.425848824567286,21.557890945628678,2.9949812884861906,28.57806572983006,596.6694921132132
166,102,fit,1.1833073756976173,3.8408129710602337,14,14,0,43.522574316706915,0.1333468186966826,70,88,0.3043099343776703,2.4370973843261843,0.24549676,0.35909633293283205,21.044073771506334,21.29548281074644,2.1995849033508867,20.988405566325255,469.2520135473366
167,123,fit,1.1715905236860884,5.100642026862266,16,16,0,215.9799285765853,0.17945088711758453,88,107,0.40472280979156494,9.071634597048382,0.06722605,0.0,87.88385769145758,39.84995298905489,9.205516867791134,87.83890141022074,1734.372280505639
168,96,fit,1.1162310732803882,5.067602309249821,11,11,0,4.700839060954691,0.14150688993408103,68,85,0.29723337292671204,0.520682635937686,0.0,0.0,2.8480233176477046,9.054163374120103,0.3116246788170277,2.9735179276433943,82.4874068743867
169,90,fit,1.063288752671113,7.133256756069043,8,8,0,8.666012585434652,0.07921320878336,64,82,0.2597675919532776,1.3861745222326352,0.0,0.0,11.147774765907831,17.37800814940574,1.1442805178366753,10.918707231265985,313.5684846617034
170,100,fit,1.1934116318093642,5.236338761713236,12,12,0,12.910574585875098,0.0801362388670687,69,88,0.29615500569343567,1.2486649828667675,0.19431728,0.229987229563969,9.23584006016131,14.077140133800071,0.9573744554532909,9.1352524375314,228.0465298105518
171,88,fit,1.0433925351815987,4.127054683130982,14,14,0,50.75363244971805,0.06713109584376904,55,74,0.2009834349155426,2.08622304943106,0.17012201,0.2925053138955288,18.549343308128112,22.856317543195562,1.947592789460431,18.58390066279037,609.2483351256484
172,91,fit,0.9987546452178097,3.5577316414174316,21,22,1,271.715594093174,0.4916227281360553,51,69,0.18195030093193054,3.919756222697639,0.14017135,0.20527012672505582,39.79371563265429,33.871527884077324,4.183803640841239,39.92179046604235,1209.0622124295269
173,102,fit,1.0653587962801796,4.553694404132469,17,17,0,138.5332884151253,0.6745739206142448,66,85,0.2566106617450714,3.410432812380615,0.26855493,0.14569349669811002,35.80507094086969,28.90227282290393,3.7271795746141945,35.56469059746369,987.5537224986718
174,94,fit,1.037468977084854,4.366763304397313,17,17,0,176.7725492958682,0.06153524837962261,58,77,0.21669545769691467,3.6897505214191004,0.24038209,0.17703911160459132,38.72950467635733,32.73344003847371,4.043563791876805,38.58362396829012,1171.215451319547
175,104,fit,1.1576467578636325,3.185083167424137,20,20,0,156.04681522516952,0.4830975381597605,65,84,0.2569165527820587,2.655400375613595,0.007944206,0.0,28.984652607517624,25.551840222358894,3.020241414548408,28.81909746706496,715.3971421096574
176,110,fit,1.182024288304467,1.5957875441536837,20,20,0,26.42780351230194,0.21815012142034096,70,90,0.28884345293045044,0.12594909729493337,0.052710194,0.07834573754111909,3.3498524228802906,9.561159745146965,0.31528465137112144,3.0084413298771127,70.92421088780777
177,86,fit,0.957219376471676,3.218853050102721,20,20,0,170.0546694975687,0.2877711910957184,48,66,0.1537274420261383,2.350042408668315,0.17987925,0.21577646306948708,24.43737419964457,27.5741712119351,2.546645607249805,24.30005350429203,833.3856234229924
178,93,fit,1.1387459115033787,5.147925121187033,9,9,0,3.1018059714122614,0.06933651330175218,67,84,0.27827879786491394,0.6248110068373549,0.29178745,0.32467043229855835,3.5699227445781396,9.619193017857075,0.3832687818930223,3.6571448653914342,111.84469208657923
179,95,fit,1.1040409495794363,5.198847560701682,13,13,0,34.30241923305692,0.16101946786091048,64,82,0.2504950165748596,1.979013883128181,0.26011047,0.42763259109788054,16.87938560810958,20.421820860378933,1.8047327527321533,17.22073237339841,526.2447430913968
180,87,fit,0.9638366677686547,1.369213761208039,25,25,0,66.96943669823045,0.20301414627371134,44,62,0.13714560866355896,0.2658231615086589,0.0,0.0,4.522278112286554,12.698708510729206,0.46941433588202475,4.479144426355198,139.8652833522142
181,108,fit,1.1654165090375719,5.03774754099084,13,13,0,29.303531283526357,0.12655823704785543,76,95,0.32696565985679626,1.9000279329320153,0.21024999,0.044515968470750365,16.5690935017508,18.253265569523816,1.7331277660247881,16.537478683442632,368.71276674682
182,107,fit,1.2172609411392474,5.1243918048301005,11,11,0,3.440766879185714,0.07726315785948736,76,96,0.33910173177719116,0.6587974541024876,0.24656409,0.22955220646273694,3.1879594400891205,8.193738429580169,0.33834717132727393,3.2285035431991784,74.38474591114583
183,97,fit,1.066413795122822,7.185084050457808,11,11,0,60.6457809434159,0.13754180017749976,68,86,0.2873097062110901,3.709379364770279,0.23095416,0.29847571858404626,36.78748258833248,30.74537603550213,3.823444053085883,36.48324478135385,961.1356429241761
184,90,fit,0.9878838817143882,2.4706917438861398,16,17,1,203.04808576692085,0.29202626853048363,55,73,0.19240690767765045,4.676213766985213,0.0,0.0,47.76551503635552,38.03481210245244,5.010230545162692,47.80754336987301,1588.366643531873
185,84,fit,1.04888085001727,4.476426627284381,10,10,0,75.11658792122769,0.06742520560477949,55,74,0.20281095802783966,4.2546569804279,0.11897857,0.1349382952972955,42.1256198490747,38.04416707672883,4.403972025117356,42.022633827455685,1623.8503712634763
186,93,fit,1.0754895900286456,3.4032348242592687,16,16,0,76.56295079045476,0.5154454278984321,59,77,0.2396213412284851,2.349078925554467,0.11429868,0.08058322734129497,21.722068278604898,23.89289754858144,2.2580985620980485,21.54674200475237,580.4500616139486
187,107,fit,1.2201064633726801,2.680551394598326,18,19,1,73.94560527809274,0.22812094679873116,70,88,0.31869378685951233,2.634403552328519,0.076208495,0.09348478330067418,23.05333569607704,21.443476741253654,2.4068402549357732,22.9660329669444,477.83252660148094
188,93,fit,1.1543190513432415,2.5891409448812683,13,13,0,14.432503859889334,0.03623562811370301,62,80,0.252144992351532,0.9015711003119652,0.019293062,0.0,6.866886696544795,13.20390460205087,0.7060956373738152,6.737553791734878,185.47103296337377
189,106,fit,1.2068017819967076,2.3067952552594897,18,18,0,9.31041922901995,0.37870430676909883,69,88,0.2947015166282654,0.5496299188665583,0.0,0.0,2.7719134446670686,7.951973216886679,0.3081212505528695,2.9400882686342507,70.20869587258453
190,102,fit,1.1267007676676626,4.950256387102222,14,14,0,59.15386369883379,0.2154119340717256,70,88,0.3025207817554474,2.0356926963929425,0.2834918,0.24935257275784933,22.331915315920117,22.738079394096378,2.356113857899931,22.482002460877204,512.8301457551429
191,88,fit,1.0860583306496356,2.1174600001940433,15,15,0,0.9883053849763408,0.04904924791187949,54,53,0.20173989236354828,0.19006444217991686,0.0,0.0,0.1742042562934761,1.8493313634143278,0.017046113763469053,0.16265375728501005,4.895822488302281
192,99,fit,1.1393387181122936,1.946635770651699,16,16,0,140.80170634627822,0.48196766187766593,64,83,0.25487059354782104,4.624158344370182,0.14188689,0.22771178623288252,43.57931848945883,32.73592846360623,4.564674853173508,43.556057759289196,1121.48320479925
193,99,fit,0.9552128245906221,5.165544864206341,13,13,0,7.429984500308699,0.08105934193708116,68,67,0.24632126092910767,0.13887151745345466,0.28457835,0.3776288843309809,1.7144915107055803,8.203795351511044,0.1819337922087522,1.7360094676407651,55.43683592295682
194,252,fit,1.2197176095156645,4.97229820446607,15,16,1,23.613940210227828,0.2026316998928404,71,236,0.3182612955570221,5.063207553598286,0.0682302,0.0,45.94027099372318,14.594251719898262,4.729342539541885,45.12731430860577,832.5699108634864
195,105,fit,1.091021592258013,3.252020665025737,16,16,0,66.31605352715897,0.21307094367665091,71,89,0.27967673540115356,1.6541479672560322,0.27260426,0.18184981240963471,19.15430988744586,20.593869542615554,1.9933293787282547,19.020318499315405,478.6274343347434
196,98,fit,1.0904729351549285,3.4709433830779015,15,15,0,142.6032756591184,0.12139635751562901,64,83,0.2347327172756195,4.088359156700091,0.17433783,0.0,42.792730408157425,33.31501671572284,4.5026855885353925,42.964557142513286,1131.3580976606827
197,103,fit,1.194230047780074,2.7098442890353907,15,15,0,73.29593494566004,0.08781196833756913,69,88,0.2980301082134247,3.2086263408784355,0.0,0.0,29.122001760897444,25.262257112169788,3.0288914832037266,28.901636290111895,651.3122029423378
198,111,fit,1.0936271766315147,3.9759147649750983,19,19,0,147.4022448810032,0.22846030371709913,74,92,0.29238370060920715,3.3911569870679057,0.3333091,0.10590295350033876,35.251136470383194,26.56278968776087,3.653765007816787,34.86416992191591,880.2731991827059
199,104,fit,1.2679676682091785,0.5826115930701105,14,14,0,2.476109170028339,0.16711033686951782,71,90,0.3235095739364624,0.47028592407651304,0.17574117,0.17043499266179654,1.4284134538723452,5.9034823155851095,0.1686531237883894,1.60928553233196,37.37481698073776
200,106,fit,1.3099009818481737,2.284926319294527,13,13,0,103.89738192027853,0.19796624969772839,74,93,0.34523436427116394,5.091424499942912,0.0,0.0,50.79447718285008,33.632459391691405,5.324544834048113,50.806725515726264,1125.1615383017734
201,116,fit,1.3238570908481146,1.8019070988722965,11,11,0,33.53842609410172,0.06586206036551807,86,105,0.38088396191596985,3.594090437181252,0.35193065,0.4745379143720056,31.876424904731827,23.874279548569934,3.403882378867893,32.47979369148753,789.5818894366545
202,94,fit,1.209336450559495,1.4937700268506657,11,11,0,15.54231406015584,0.1077520469196344,65,83,0.2740646004676819,0.5137015455957544,0.32892516,0.13239067776406346,6.920480011670885,14.556492253374744,0.7158792196303314,6.8309085842588875,188.63628299923982
203,100,fit,1.0416048074835567,3.261345640630486,17,17,0,1.458687828844235,0.526116381216488,64,51,0.24509692192077637,0.16997490384974373,0.0,0.0,0.7378213433367701,1.8302159794552024,0.02287309008791869,0.21825467641143786,6.499400073172374
204,103,fit,1.1657081037774475,4.891119703691085,13,13,0,74.19633993501257,0.1307755561618704,72,90,0.3229808509349823,4.261491481318782,0.025175802,0.1949361929002786,38.93018058150612,29.613605215226723,4.0739976725149365,38.87402359269977,936.9055437733
205,102,fit,1.2259417097531506,5.403869603650537,11,12,1,63.149545870960985,0.17540056674943053,73,90,0.3251756429672241,3.7510180050789783,0.10391572,0.0,39.0720644640863,30.615650392687712,4.124995728204728,39.360646261495496,879.2061748845196
206,99,fit,1.06097662136891,3.9576371128691648,16,16,0,128.18238864012577,0.19002228743532368,64,83,0.2399580180644989,3.3736197495710365,0.18346141,0.0,35.03681611825831,29.592790639606797,3.662727881398804,34.949693524797745,1015.8399010142374
207,130,fit,1.1627444196038557,5.803530092335752,18,19,1,180.27170546986574,0.11802456978165023,92,111,0.4172508716583252,5.853781342809236,0.0,0.0,61.6065350910731,30.873953397292173,6.509117873253023,62.10990337073495,1031.8281768381967
208,112,fit,1.1594987638146863,4.997572283707141,23,23,0,374.1872256392741,0.6376487386015952,71,89,0.29620644450187683,6.871548278812488,0.26871708,0.6199205859612226,67.04494002187518,37.11408636054354,7.058373277999562,67.35089005724772,1566.152310755492
209,121,fit,1.2463781278069366,5.928706534933875,15,15,0,32.75085309370196,0.2590689129393052,87,106,0.40518394112586975,2.0569383883612162,0.096237056,0.10604569984147161,17.22556608688406,16.898926164985046,1.8085549532020637,17.25720375192809,347.33733770569063
210,108,fit,1.2144830247475107,5.583280559039857,14,14,0,7.4843119998644045,0.18887088004533864,76,37,0.3446498513221741,0.14133486264434514,0.25850308,0.2213892247850534,2.02304900134503,7.161308818066278,0.20010393866819445,1.909388727749947,42.374813982638315
211,90,fit,1.1318116975501673,3.1335507249757253,13,13,0,11.276440872949047,0.10751663991124871,58,77,0.22323566675186157,0.21906297621862542,0.15604343,0.16686755655574784,2.847910354874652,10.207881056039552,0.2770415926046195,2.643526646990644,79.78844499142427
212,95,fit,1.125363369856699,3.1920522373806373,16,16,0,65.94502427163907,0.04710692746655769,61,79,0.23175737261772156,1.43081791950668,0.0,0.0,15.962547630517818,20.77074377831716,1.6632238866804576,15.870456933973832,428.0316130571038
213,101,fit,1.1666218810106053,3.8193203076144413,13,14,1,123.65788406708808,0.1865799601660631,69,87,0.2855755686759949,5.634925067296212,0.106949806,0.2627034995954193,55.85164027970565,37.03040732880854,5.874258070772533,56.05208082798218,1330.386880632063
214,95,fit,1.145289414015321,2.559154666967625,12,12,0,80.62222275638831,0.17180109006704639,64,83,0.2495238035917282,4.468576717647171,0.11870639,0.19857651469295384,41.7791327065404,33.346081858427375,4.371218413997759,41.710099370207615,1199.0962719769607
215,104,fit,1.1105964955088485,4.236763548369196,13,13,0,76.08727553457948,0.13665217918845615,72,91,0.2470652312040329,3.7323019519567824,0.25678036,0.2510782740881922,36.540710147160404,28.777810975563455,3.8935451607876033,37.15214848079774,1008.0141237202125
216,95,fit,1.0620311998572887,2.988456056851788,16,16,0,156.5103240509163,0.37242993338915076,61,79,0.22493329644203186,3.7951204615174534,0.22834617,0.0,39.60820841425592,32.77669345266418,4.151036730124756,39.60912910424385,1149.22263147844
217,93,fit,1.1008460155893602,3.5037265394990507,15,15,0,66.10859815490355,0.2116023180806611,60,78,0.24192605912685394,2.4667698254902826,0.035295084,0.0,22.277741603357565,24.038665770416664,2.312781103638817,22.06852198128642,568.8615059346268
218,91,fit,1.177270346297411,3.121466000935031,12,13,1,8.356898617869959,0.09908468161629189,61,78,0.2414971888065338,0.5926592872844794,0.0,0.0,4.168557413149793,10.755236777853588,0.40828236828611525,3.8958241248675116,104.50712787134546
219,100,fit,1.1222000899856506,2.0409294014025736,15,15,0,0.21326948888575734,0.10129235601847619,67,73,0.29056355357170105,0.2973045193456082,0.42578095,0.3900478732487586,0.20817082355118596,1.8835160654167993,0.011917334467260156,0.11371502354255873,2.75965442500458
220,93,fit,1.0933176126902615,2.7210017499516477,12,13,1,51.03393773246469,0.10209689739896566,62,80,0.24286718666553497,2.1165932001688796,0.1436094,0.2543942256267497,22.19115317466448,25.058081069923038,2.3167285365933146,22.106188326272086,666.6375463375612
221,102,fit,1.2227101336699113,4.538708354278068,12,12,0,74.64823527647235,0.0926001386035282,72,90,0.32213979959487915,4.707442274071472,0.3002646,0.39082631586739874,44.24341516261703,32.00781379978996,4.62572048116679,44.138554209606774,1035.8915292637578
222,102,fit,1.226633681614098,3.2145434012325085,14,15,1,106.47782663906361,0.12892822609222862,71,87,0.3143424093723297,3.7018593513731224,0.17234844,0.0,39.54288175029972,30.691101088328445,4.125202731292688,39.36262148180046,947.0604114433592
223,117,fit,1.2614225138876964,5.489413875488094,9,9,0,43.932856335811366,0.10671352219486578,90,108,0.43712860345840454,6.218521778430115,0.0,0.0,58.524738320635855,33.185202284959,6.147183458991803,58.65633071557063,1229.4554738726413
224,101,fit,1.2945631862165428,2.8220780574303013,9,9,0,13.90412791742242,0.07778731044420689,74,92,0.3328515291213989,1.9944209985061419,0.050629757,0.09091986589498967,16.684890039822477,19.23057170190732,1.7509720936951205,16.707748985640464,407.45265109062694
225,106,fit,1.280212031537055,4.542686626175795,7,7,0,0.21736707502011013,0.0655015767782691,80,83,0.3694470226764679,0.3605331912387344,0.29077226,0.4125998447667476,0.09062086663479874,2.8271669814124185,0.03072151986418399,0.293144273513206,7.435488200808987
226,104,fit,1.1095533999718181,4.7745239877372745,14,14,0,17.97604094909002,0.2182888355661585,70,90,0.2696857452392578,1.0998263623579785,0.28918058,0.4344687029086739,8.557853099022546,13.547876413122138,0.9043718218191358,8.629502116594807,220.85302250401395
227,229,fit,1.3640888375744835,5.364997816756001,13,13,0,104.13346305696456,0.2983457811387197,80,216,0.39907941222190857,19.395608987425646,0.13631599,0.5977072209323344,185.64073515553412,34.326085198623225,19.450020605002514,185.59179966605453,3417.1883494075437
228,92,fit,1.031764279394977,2.960055900543958,16,16,0,101.86937031962394,0.10681905397097727,57,76,0.20548798143863678,2.431742613010242,0.0,0.06946499500610305,24.921079638354325,26.512716521204116,2.6094362620591443,24.899200973846796,827.524335309114
229,80,fit,0.9763727206771922,4.7884062466674555,11,11,0,53.10687859958178,0.049900018576623344,51,69,0.18091268837451935,2.301229170824036,0.06668802,0.0,22.94504382776062,28.710575308780484,2.407128516395383,22.96878355339106,914.1237954531313
230,94,fit,1.0785379433153721,5.886020739491539,10,10,0,16.174320058738108,0.07269926719123525,66,84,0.26599055528640747,1.4451481246123214,0.099673264,0.07302834143085359,12.414563892392618,17.935038031345385,1.296782230264677,12.373876242983558,363.87720197673553
231,98,fit,1.051455328174501,0.8712035722099537,16,16,0,194.25839437694952,0.10826224170416378,64,82,0.2644634246826172,6.041016304115125,0.13993295,0.6947780321980174,57.25348859210307,38.63541770773732,5.93563705391898,56.63775814808187,1269.8380697150344
232,96,fit,1.0949621021466622,1.5703455104074835,12,13,1,28.5432459138297,0.05311426222442369,65,83,0.2606286108493805,0.9761386305625059,0.20880735,0.3044481555098946,11.972811951012517,18.21300442588798,1.2460029505888635,11.889341131573124,345.57527930920475
233,89,fit,1.079841563808083,2.6329389455984993,15,15,0,7.389059089170381,0.09152673584620213,56,74,0.20747250318527222,0.318686942125991,0.025344279,0.0,1.8807679524350795,7.677512716249447,0.1738771096922342,1.6591327260709368,48.19757818717447
234,121,fit,1.1157204502488045,1.065910339673621,22,23,1,308.12243843341605,0.24308688057796363,81,98,0.3341906666755676,6.954920079525027,0.26822487,0.6506991815535511,67.91243586077896,34.81532227691808,7.089853393821112,67.6512728418045,1201.198095791797
235,97,fit,1.05707011386547,1.895475292715498,22,22,0,314.7520169311676,0.18414841511940142,58,75,0.22573190927505493,4.853271806456109,0.28427437,0.6121800789179141,48.08235132529307,35.288059984986795,5.056335920551479,48.247480157933964,1207.6294688906273
236,110,fit,1.3284448922582082,6.29206708580908,16,16,0,89.583708255838,0.08531502516660829,76,94,0.37538862228393555,3.3367542447302663,0.0,0.0,31.955871974209124,25.33520321795837,3.368520369906812,32.142369941858895,557.1630990311813
237,110,fit,1.2744908502855543,2.983157535838846,10,10,0,0.13435279011631623,0.07822859197562922,80,71,0.3249923586845398,0.28133237689378665,1.6913404e-05,0.005140192078081885,0.42320656293370806,2.511568971705379,0.020170233843668808,0.19246406339378633,5.322714182859821
238,95,fit,1.0625805395831966,3.0368144282313265,15,15,0,155.31449764425395,0.10969790454733651,61,80,0.22213628888130188,5.064349981402026,0.15761715,0.07751999923187355,49.06604110706596,36.39097079914066,5.136490047595193,49.01230961445795,1493.4013316555095
239,99,fit,1.2057754153945939,3.0958755277535945,11,12,1,74.71319668539616,0.1338829753733164,71,87,0.30119502544403076,5.038928588077884,0.24482854,0.09842685647783458,48.06885434279962,34.796723496799714,5.022818933502673,47.92766157922398,1190.9718719572013
240,117,fit,1.098965288714682,5.282351902852772,15,15,0,16.095163805166944,0.17584543888630036,85,102,0.3643563389778137,1.0405973259653876,0.067506045,0.0,7.581365600271568,11.77656899355259,0.7817253533528944,7.459211386955099,157.9086933798342
241,111,fit,1.3083855843548833,4.882052517549414,8,8,0,29.779512681075296,0.05811959938138286,85,103,0.40745049715042114,4.297551346656327,0.052620582,0.05508675103260331,43.43639055437889,29.99179862913802,4.5749576925449285,43.65417645558138,867.0225424926995
242,104,fit,1.1720334722153747,4.944114399346208,8,8,0,0.9319815349183743,0.0630981597445591,77,96,0.3546043932437897,0.4201025755517798,0.13111204,0.1050957727439299,0.8613050043920052,5.583418385091572,0.11532933839078978,1.100470786171658,25.443366501424908
243,106,fit,1.218287721143387,3.414487806939403,9,9,0,0.15691966691710374,0.10156572950456601,78,83,0.34907066822052,0.35532872596334525,0.26107138,0.2623375781888016,0.45482585429785566,2.847952546367672,0.029988789127350413,0.2861525680090688,7.030867623637843
244,98,fallback,1.2229487895965576,3.96602470663486,4,4,0,1.4532988632571913,0.10824797370312877,76,94,0.35278546810150146,1.4278822891696177,0.13203108,0.12390249004574244,10.45652105282316,15.8881094598514,1.1052202919683016,10.54599515236929,275.34432211854073
245,99,fit,1.0414173244527303,4.347158355898526,13,14,1,19.752886972111273,0.35620485828964177,68,85,0.2821715176105499,1.2562636347360503,0.20848034,0.08933409750012032,9.918659063428187,15.319679157566961,1.0120478013884895,9.656944669737495,237.14285763326762
246,105,fit,1.2132267687631992,6.245511743541553,12,13,1,31.690882059389377,0.3081700600714166,74,92,0.3333014249801636,1.5148014871800952,0.16617413,0.024873824297982412,16.16192234485537,19.500976532734445,1.7085912310449245,16.30335144126836,330.00234551067626
247,102,fit,1.1364938839544596,3.8753610749527834,15,15,0,18.200500692599597,0.12460409036804046,69,87,0.2782750427722931,0.6081478661892379,0.22430305,0.36573700742860105,5.103611499086542,11.82937652846437,0.5605338000793343,5.348604962589067,129.4412126241913
248,109,fit,1.087948359325499,4.230657852495705,12,12,0,29.51123870414473,0.12043379982003335,78,97,0.2878689765930176,2.351184948564949,0.24327493,0.4811377001436697,20.9793865242172,20.227620658950148,2.23683107232985,21.343807942078723,593.9463651540417
249,105,fit,1.183098061066465,3.8422552340968017,18,18,0,24.79825737640853,0.25484243520323935,68,87,0.28331780433654785,0.3578699575799948,0.2264751,0.2651648182783655,4.265321434054448,10.762783452261775,0.4318424729864119,4.120634284221487,99.39490849685626
250,99,fit,1.1210834097987243,4.190351084542188,15,15,0,23.39477114253765,0.16200820843124553,66,84,0.2711530327796936,0.39869449774490945,0.21732438,0.21950147391877947,6.068054507222378,12.57316321976975,0.60870803068553,5.808282735548951,155.58682708678865
251,96,fit,1.0645467475596013,2.0931407505530086,19,19,0,144.17997078808105,0.17359901278529044,59,77,0.22015881538391113,2.2937068063450567,0.18611924,0.26649950779548265,25.417164357993787,25.8935336963996,2.63924222435508,25.183609011021755,722.1043690335855
252,98,fit,1.0887973109346514,3.6472649982096796,19,19,0,33.37585767942527,0.31052252674713327,61,79,0.2337910681962967,1.0936441532388503,0.2602995,0.26209252904160946,8.583476395158298,13.816850249250203,0.890121539621867,8.493526141430028,210.9156776565837
253,92,fit,1.00013082712708,3.7238108225026463,20,20,0,103.20152952539115,1.0808560767083564,54,72,0.18719102442264557,1.4266226621241416,0.0,0.18530241874765266,15.65046125621319,20.73935341199737,1.6433154797318885,15.68049121881573,458.5516531044037
254,108,fit,1.1121410100663012,5.229093006385376,12,13,1,31.760977135403948,0.3003421917445017,77,95,0.2804824113845825,2.6537738007578358,0.33560112,0.5115479689777529,23.280623739560696,21.366413505915848,2.4548342554416642,23.42399098703878,652.9066263744553
255,108,fit,1.1374189068275729,2.955185479144227,14,14,0,163.51127666503587,0.08115393928204714,75,94,0.3291897177696228,6.838638283484655,0.3924906,0.3691781315760951,69.10406909499955,39.0920392256941,7.197815133629862,68.68144211478875,1579.0667107614368
256,103,fit,1.1748792882846117,2.1385383744514703,13,13,0,0.6854162050633463,0.05683425033748172,71,78,0.3065311014652252,0.3235022438587526,0.3941138,0.4480981634596579,0.16444474392199998,3.202005460717582,0.035219524108548235,0.3360641613411091,8.166870451991002
257,118,fit,1.2216922765865528,2.390758193813245,14,14,0,121.43203321715026,0.1544777259818648,85,104,0.39733177423477173,6.428306156776187,0.45298764,0.05080423455314446,62.476105779080484,34.0265905268805,6.53803362683264,62.38581704992977,1203.5646925994083
258,99,fit,1.117409525826972,3.883123777494103,14,14,0,47.787627735499,0.03879732367850865,67,85,0.27425262331962585,1.8721589016464713,0.15475067,0.1841976298423339,18.58707272415999,21.003578685031037,1.947379373150585,18.581864247620086,499.55187193492225
259,100,fit,1.2264212006876034,2.8269557337980897,21,21,0,1.5683703685651786,0.11882190072886914,61,79,0.2512989938259125,0.31135565850449065,0.22836798,0.1635115328203474,0.5921004196758765,3.4787966841118876,0.041417931504822016,0.3952092700841795,8.703158838930964
260,100,fit,1.1042388310702234,3.6765292407555727,18,18,0,0.8835074615849471,0.14067364982907515,63,63,0.2393438220024109,0.23709962927069256,0.08762134,0.07254127404917972,0.14927328144130528,1.1312765391736197,0.007491764001258524,0.07148629772193248,1.8174765417340841
261,96,fit,1.1957185421440433,7.7627236647683,7,7,0,5.957201349267411,0.03928241817309664,70,89,0.3184596598148346,0.5082805089248751,0.0,0.0,6.99281730657215,14.826917396531458,0.7818008698153069,7.4599319638865165,180.02959404186302
262,105,fit,1.1578678771468478,1.9753333948615834,20,20,0,17.95364994910461,0.2710706010831937,65,85,0.26920679211616516,0.4015287543865931,0.19463982,0.0,2.8614625181138034,8.76377455326496,0.29768408540431085,2.840496998132737,69.68664743490895
263,93,fit,1.0988111860744738,3.2352182934621236,13,13,0,19.11203815454762,0.114035948991133,61,80,0.24220162630081177,0.32859099807061826,0.09493512,0.0,5.168406562066856,13.31610149037582,0.5382830666142605,5.136288803571188,152.8477509695316
264,99,fit,1.1409495975657902,3.595707098319759,17,17,0,70.32147625993727,2.334607963271964,63,82,0.24765437841415405,2.3228762465036876,0.2810692,0.4856137922660251,20.763563205077254,21.868446066223637,2.1740893350052586,20.74512724241659,525.3184334965792
265,107,fit,1.0978573701833896,3.8667599730298723,19,19,0,110.10468993792394,1.739115396169118,69,88,0.28197625279426575,3.174747046877076,0.25866187,0.423146581520055,29.189199373771128,24.378801266042043,3.029485078203268,28.907300364535,618.7374797316236
266,94,fit,1.0509383241600005,2.473698865638387,21,21,0,81.8929397208002,0.17227563549603275,54,73,0.1864212304353714,0.9819594465241177,0.1909602,0.2843737158087034,10.89326484451016,17.46740672523647,1.1367549835631185,10.84689869812136,311.61524155871615
267,102,fit,1.024002971272639,5.198547777094324,17,18,1,29.892594025131977,0.16531006846677668,66,84,0.26522377133369446,0.49192319476398094,0.1165636,0.269456881686512,5.857967945234851,12.737524008139344,0.6572415125429896,6.271388478463641,142.5517320046544
268,115,fit,1.205748607323682,3.812891175799029,19,19,0,154.2920009307833,0.3194440403391755,77,96,0.34945517778396606,4.521500333776117,0.0,0.5562595412909664,42.82019439055263,28.338382495943602,4.496452578849671,42.90508185925258,875.7614647324324
269,87,fit,1.0186649293996983,4.513107834314025,11,11,0,45.13107585409178,0.047164586389380495,58,76,0.22218583524227142,2.0770912129626695,0.09696489,0.17140332968749877,21.81694495455116,26.038944741323117,2.3119670276048825,22.06075408019926,654.9328674299297
270,100,fit,1.1461822663374797,4.292019112722961,13,13,0,51.567935464296006,0.1256724757144475,68,87,0.2912440896034241,2.190967192187765,0.24378178,0.41046137917923275,22.598200010251386,23.282589158041244,2.409411468711008,22.99056744953252,556.2684942058664
271,99,fit,1.1255318593017833,3.5210948815579566,17,17,0,2.6272530854513896,0.2079570052528795,64,55,0.2570880651473999,0.20573590239887854,0.093125805,0.07979552089801283,0.5497380646219807,2.8165569533373525,0.056535264018445074,0.539458626130201,13.406365248979483
272,97,fit,1.0848175591986786,4.21331823549568,13,13,0,27.0793413117293,0.09230987976766566,66,84,0.2661345899105072,1.6242376037625958,0.053812727,0.002223906022859967,13.79576904083401,17.98690858033324,1.4215565178701954,13.56447059036446,351.66170627978846
273,113,fit,1.2671654792045017,3.316207875302928,16,16,0,205.18279710882692,0.13621067887413937,79,97,0.3478195369243622,7.793506351064485,0.17903009,0.3903606600167573,74.78854677390186,39.24727528479155,7.842672351789991,74.83465984532434,1556.70462553912
274,83,fit,1.0397093035394183,2.223011914999467,11,11,0,7.515386560857776,0.0782295859999451,54,72,0.18737047910690308,0.4217004366889576,0.0,0.0,3.1897754659182906,10.820538737927887,0.3300895830350022,3.1497097617843717,117.88424517005089
275,101,fit,1.1921171559288726,2.8182492376808495,18,18,0,1.5729345496252884,0.22746809344498772,64,64,0.2634686231613159,0.24429557179445982,0.034662154,0.05228499683018239,0.21065927039892723,2.7279253780700685,0.021639122118916054,0.20648017289042037,5.008947897035008
276,98,fit,1.1551868413637447,1.5014728767022607,19,20,1,244.11138536070186,0.39721877165299263,60,78,0.23588956892490387,4.96132758441559,0.0,0.0,49.578518131761804,35.58458111523165,5.186779130400012,49.492167274809276,1259.1354188314422
277,96,fit,1.0763213032489465,3.20301732185088,18,19,1,33.85407265524605,0.2748952687239455,59,77,0.22139966487884521,0.8336572914343409,0.0,0.0,7.2923174111184474,13.683639593293552,0.7616735630340142,7.267877509866548,189.1281477309085
278,90,fit,1.0216625529460548,3.3754229123713815,18,18,0,46.79760181604352,0.29779030918069693,54,72,0.19456236064434052,1.1370471077463251,0.0,0.0,9.911900552859688,16.529735465144235,1.0482506666706797,10.002391857544653,279.8690526525984
279,99,fit,1.1706936395121144,5.5492426434437645,13,13,0,64.7947489481516,0.18496551852430124,67,86,0.2829291820526123,3.6184980942623057,0.27429327,0.42225649270168175,32.559695303129885,27.877682995820095,3.4454983519982783,32.87689267173929,908.4524104188245
280,105,fit,1.0793116501271318,4.72098767931059,19,19,0,212.5812750176181,0.28184963758159987,67,86,0.27291274070739746,4.990448968945585,0.35435316,0.4765152260475614,49.20086869089935,33.16379996748952,5.136693039899113,49.01424656392283,1198.6027348632429
281,107,fit,1.2405740836212678,4.302060130208068,13,13,0,27.917540646614928,0.21947216107937023,75,94,0.3502195477485657,1.0091000840320095,0.15850762,0.16559630591906396,12.0888472145367,16.330314105966494,1.2697158651354157,12.115609400147095,257.40184950261437
282,101,fit,1.310989471922511,5.310944229309882,9,9,0,23.73707902067851,0.05776920877915837,74,92,0.34765294194221497,2.1795631607534203,0.1597175,0.08758013235724611,22.762443349249438,23.336074660753553,2.404209444571952,22.94092981461786,529.9494647097334
283,95,fit,1.0881721820786263,3.7455614925583607,16,16,0,88.31561388913062,0.13243948910456735,60,79,0.22550925612449646,2.9837914005403476,0.18124223,0.15189545033673135,27.282092745307,26.174224753450034,2.854235110931989,27.235067852404473,750.8899868439363
284,104,fit,1.2117998051069117,4.198777396653809,13,13,0,57.30015095628089,0.21270745932449703,73,91,0.3081416189670563,2.263829847199821,0.23772459,0.09521983967789849,25.123947541077523,23.967824208229842,2.6167648267990886,24.96913002670886,617.4579481881614
285,99,fit,1.1892605706989785,4.281480983788827,11,12,1,54.47203961769007,0.08376387299511606,69,87,0.30102500319480896,2.941520857913693,0.2544179,0.1850474460994626,31.600259088035482,28.22974978853759,3.308923564209376,31.573698131768854,816.8910892314987
286,100,fit,1.168315374170438,3.616328004829499,12,12,0,13.196034364040887,0.08036250945192862,70,88,0.3109586834907532,1.0244875882542142,0.26016355,0.41026644268483664,7.646269479784271,13.5514760016155,0.8156517939196771,7.782936964882415,201.27698037384343
287,108,fit,1.2697934772748167,5.175752076163286,15,16,1,172.09014770561765,0.1901415870171873,75,92,0.35539865493774414,6.947968071032993,0.2159078,0.41944579983125685,66.56400601488922,38.40951739201782,6.962024868484689,66.43153500462489,1323.8348005117355
288,97,fit,1.119522605195966,2.7174558393728145,17,17,0,97.82056833340734,0.31361930126860893,61,80,0.23316437005996704,3.013090431728579,0.14423591,0.3431755381957787,27.744961518671722,25.86133499189766,2.902351929877396,27.694197804173623,723.944699446054
289,95,fit,1.02396381325758,4.264418082011158,16,17,1,122.00374233872655,0.19124285213849335,61,78,0.22440464794635773,2.8192375457374887,0.2472974,0.014398980468124632,30.4502405992656,28.614108748853905,3.1625735401003796,30.177228436072323,907.3516576987779
290,94,fit,1.1330758046589804,4.147672983379822,14,14,0,103.54215438868704,0.055025509531397565,61,80,0.2331024408340454,3.266150671573095,0.14318961,0.0,33.872861968125854,30.548112284509916,3.5761280495716874,34.123359251638234,928.5373433249555
291,97,fit,1.1495508711475935,3.2131929907723733,16,16,0,120.29898632966484,0.15445576583865359,64,81,0.2621430456638336,2.8369034082980997,0.01649324,0.46555412713289074,30.63165111024411,28.31074314440288,3.2109036759422915,30.638393854411177,779.7437685514744
292,104,fit,1.1753514396157365,3.4977704644517225,14,15,1,66.92192728865106,0.3822354120631624,71,89,0.3048411011695862,3.063940881118933,0.0,0.1707925200401178,29.550986750670415,25.336631162834966,3.0969250477326318,29.55081152416633,741.3313226409215
293,105,fit,1.2151303985234854,1.5177860740238303,17,17,0,230.11601078623275,0.32882611185879007,69,88,0.2963528335094452,5.7814081430984885,0.15008464,0.4891533471277683,60.324188036664864,37.39701665984683,6.313666478969304,60.244909150470455,1400.6334282356447
294,93,fit,1.155375874783516,3.1465356889319276,15,15,0,9.281932605089963,0.06856975419046285,60,78,0.2311110496520996,0.46383789191589975,0.17738265,0.1331653267083634,3.0073583126329817,8.929226709253339,0.29016709800634677,2.76877001914453,74.78692494676075
295,103,fit,1.239709791843832,3.3712837902381825,11,11,0,1.4094305197233203,0.09432898782540253,73,92,0.32276350259780884,0.4544924518683315,0.23594943,0.3421324487400559,1.3627089769543366,5.42934441238458,0.12558984824656277,1.1983764145664386,27.835116679331275
296,108,fit,1.2183647130946518,2.9200474408752313,16,16,0,18.921802192754107,0.22449115139404918,73,92,0.32111042737960815,0.29085870747221026,0.06900642,0.0,4.207147835195378,10.54558730319504,0.41870998780233865,3.9953243110910175,93.28773974893173
297,107,fit,1.252310087900125,5.455611953339058,14,15,1,3.7213747763860567,0.19365445017079308,74,62,0.33478814363479614,0.27176965931153774,0.0,0.07853233856721314,0.6899239263689585,4.841335632866375,0.1448643836583325,1.3822937371978292,26.27257305861803
298,107,fit,1.2491117090062875,4.292705666710435,19,19,0,14.419175957209562,0.13998113837243406,69,88,0.3034132719039917,0.6924734990510443,0.21062554,0.3876071796050387,3.994380531118723,9.253893458729806,0.4330401180306392,4.132062194948847,89.66056105322505
299,93,fit,1.0422393298951766,2.9953126569977204,18,18,0,1.5124860307741725,1.2684721045403085,57,62,0.2119848132133484,0.20725879044212012,0.11960542,0.18427767384533683,0.1436629706929739,3.5855796600512053,0.042045803376303564,0.40120041389602634,12.449764177034918
300,88,fit,1.043392419230843,4.127054739743269,14,14,0,108.94855675208464,0.06713144080332356,55,74,0.2009834349155426,3.796519269977398,0.17012201,0.2223757267322845,36.15646222500339,32.9517500229397,3.784557987033266,36.11219453276017,1183.910798252652
301,91,fit,0.9987547313844108,3.557729466717336,21,22,1,164.16413527066658,0.4916284621229373,51,69,0.18195031583309174,2.0489939746254398,0.14017135,0.0,22.239616908877483,25.253519025122092,2.3307863672152225,22.240327931442962,673.5653724782343
302,102,fit,1.0653586783184332,4.553693840677142,17,17,0,9.478968647765178,0.6745769968098941,66,85,0.256610631942749,0.461624907669636,0.26855493,0.36771578605292976,2.3431398563486447,8.097714356493816,0.27006939172664945,2.5769980126588687,71.55761400683852
303,94,fit,1.037469010157219,4.366763338921451,17,17,0,67.47931349757867,0.06152966287732319,58,77,0.21669545769691467,2.05834417044801,0.24038209,0.3703611486153548,18.415738474895797,21.500246147747887,1.9504400213708881,18.611068906210765,564.9437637325357
304,95,fit,1.0290929936489845,4.1566120389922965,18,18,0,48.1701956128836,0.10843443289783065,59,77,0.22203953564167023,0.795686607954064,0.1281943,0.0,8.83807964334544,15.75233702667824,0.9265225774451424,8.840864288598688,252.94891167707314
305,102,fit,1.091969503520087,5.244521548500298,17,17,0,22.332739864818876,0.2592468256423179,66,85,0.261505126953125,1.0691432475573415,0.21539335,0.13986301949105517,7.976956003247844,12.754005308333491,0.7845717264210252,7.486371435315126,170.01491500631963
306,88,fit,1.082264251509059,5.235075128401485,8,9,1,46.03502555167563,0.14666353392276413,62,79,0.24810285866260529,5.3435852865231075,0.19414267,0.22523191436623002,49.584749305578065,39.44868503056313,5.17109474021256,49.342507063096946,1438.3078875341873
307,101,fit,1.002117490586284,4.830066465280499,16,16,0,72.7612770768724,0.1441097896427052,66,85,0.2555769681930542,1.9553216923475223,0.17647113,0.0,20.655122360213962,22.049412542492124,2.120235203950536,20.2312519460929,550.6368095638534
308,102,fit,1.058051869313687,4.446665887272967,17,17,0,121.99669007695047,0.23494909164646868,66,85,0.24894015491008759,3.8238173060575633,0.25708938,0.4166907775247341,36.17529367047334,28.585727094617734,3.7914849258677568,36.17829127736409,1024.1315319093133
309,102,fit,1.0759412114093259,4.800689097071236,20,20,0,178.14520526149013,0.4134905407014837,65,82,0.2723948657512665,2.9352090757448854,0.25079194,0.221161745690568,32.150441203194994,27.432667386699098,3.330580471127875,31.78034800694537,837.0560877297914
310,100,fit,0.903992473413318,4.652243916157492,19,19,0,9.95883637796505,6.576231533721595,62,58,0.196242555975914,0.1524940092568524,0.2642019,0.19447400006639903,1.281653509354303,6.580572135622344,0.10241841222030748,0.9772749257662927,34.68486585585095
311,94,fit,1.0217966601618056,2.2637130200861915,19,19,0,13.514239578785995,0.35056722969845017,57,58,0.20672330260276794,0.13908545356454474,0.23454867,0.2058086876316678,1.369004410937287,7.530498729384307,0.1322054622954604,1.2615025028192786,39.92587496499378
312,101,fit,1.1492454645021897,3.5730299434791433,16,16,0,54.66257773475319,0.08049756439355324,66,85,0.26287829875946045,1.4366775045279063,0.019599074,0.0,15.113631047027146,19.11089032207289,1.5778104372119255,15.055443103167228,397.21768261790544
313,98,fit,1.1200152603567277,3.3078959528020215,14,15,1,60.87134870360318,0.1933527071122884,66,83,0.2646794021129608,2.9374892938895703,0.19166712,0.3922729648636426,26.499451020203924,25.064423129023837,2.7841400058792987,26.56622143014598,728.0784663840581
314,91,fit,1.1705469329024165,3.8363973856444322,12,12,0,0.6090662513178777,0.24237475541034392,62,64,0.25395798683166504,0.2499164997310369,0.15321542,0.08462401692233598,0.24700095684206744,0.4136063127170405,0.003650808736079493,0.03483596122213257,0.9682779926837689
315,107,fit,1.2548655967722981,2.9098808426669005,15,16,1,96.73870011188833,0.3749695252467043,74,91,0.3280739188194275,3.103398831412346,0.05913843,0.39308951176135015,33.57478418293941,26.992974768535664,3.506473759160181,33.458719075955926,746.9594155057998
316,122,fit,1.0920925628128275,0.9867814243923817,12,12,0,15.978733076676892,0.08357172482688804,92,110,0.3521274924278259,1.3487614330265634,0.4128907,0.07285162173304544,11.798145126771812,14.255671480184963,1.2428498526904352,11.85925431956522,255.3813220082859
317,101,fit,1.189731288957088,3.6256356569642736,18,18,0,58.44519290580372,0.28279588344992235,64,83,0.26658129692077637,0.9415299692825708,0.080781214,0.0,11.48745649987474,16.960553435184114,1.2117489255739757,11.56248974784328,266.7310590294756
318,98,fit,1.1481315271156343,2.794234363006986,16,16,0,104.19707451731936,0.3058914315678802,63,82,0.25777050852775574,3.625573269451518,0.0,0.07016989270406232,33.26574861982752,28.442586391232197,3.5329758831275395,33.71160193823988,960.9682154051437
319,238,fit,1.2664203233749514,4.855421793407802,14,15,1,36.082128242290004,0.08706190364161229,79,223,0.36815953254699707,7.877214873090425,0.28364143,0.18243284853291974,72.5893015842034,19.30776465994293,7.565386291220717,72.18880048874729,1385.9884169005766
320,108,fit,1.2140042384165344,5.735481249496186,12,12,0,37.78819206869048,0.1358869943909428,78,96,0.363707959651947,2.6065647920192925,0.0,0.0,23.808684520120202,22.332134609038416,2.4814825972509618,23.678269057738184,447.9574134436702
321,96,fit,1.0703906936018568,1.2970005763091657,16,16,0,29.595374794993663,0.16957984643374083,62,80,0.25158628821372986,0.8607654259467181,0.0,0.0,7.577812395324932,14.268488121331464,0.7618529275143382,7.26958900299941,153.44748957137517
322,104,fit,1.0651295745503788,1.1911525372342324,13,13,0,92.35940313007919,0.5366920420595456,72,91,0.3049487769603729,4.790704605705628,0.0,0.0,45.70918284328723,32.30617427596563,4.760472063334907,45.424351749378886,961.2114061041497
323,98,fit,1.2671290684840697,2.378002710168373,9,9,0,8.146183686969461,0.3135313174584279,71,89,0.32422494888305664,0.3393428368321551,0.0,0.0,5.112186315623712,12.807727552006208,0.5661597934039705,5.402288104999718,129.1103808916245
324,102,fit,1.0951803519151262,5.708567479976697,16,16,0,2.2405731050438256,0.49247437852111936,68,58,0.2862299680709839,0.2098279490040205,0.3022567,0.4095084377223659,0.8594490816332678,3.4564335763266754,0.029194887642361726,0.2785771721599401,7.876167736820223
325,91,fit,1.006195364370139,3.309262979652827,16,16,0,56.421268059988975,0.15377648598346788,56,75,0.209003746509552,1.8756145626696334,0.020425983,0.04503533658587214,16.517139972402074,20.96219062065159,1.7592734957538432,16.78696083734583,545.8992032590608
326,97,fit,1.0589609689658614,0.9839379304719952,18,18,0,1.3302087567769598,0.20897581926602787,59,65,0.2185087352991104,0.22405604744296748,0.18807462,0.251332614315564,0.06759001523491608,3.578323392963809,0.045147969748739296,0.4308012380604894,12.737128539344377
327,93,fit,1.0894508039622606,4.020533093162664,15,16,1,170.60263520695963,0.105330706046319,60,77,0.23887962102890015,4.6009726891817255,0.0,0.0,47.73583748336645,36.85795301196168,5.003975718353195,47.747859907950335,1337.5415139188208
328,104,fit,1.1322359382722678,4.664280120681994,15,15,0,1.479990528309359,0.18658240796979864,70,71,0.2982460558414459,0.2915686147189413,0.27875316,0.30631560547090675,0.36610373016644115,2.3949022806319658,0.030305540988212396,0.2891750094295076,6.700786036740503
329,94,fit,1.1270173673864143,4.049502738618766,16,16,0,85.271281458144,0.23794777543682227,60,78,0.2442576289176941,1.9193064688822172,0.13798828,0.0,20.56527422598837,23.76424701145862,2.176077546216844,20.764098723443166,483.98362640900643
330,99,fit,1.0474737961345302,3.8997843766619757,17,17,0,69.35341328472784,0.27387531690465666,63,82,0.23980852961540222,1.9158214889410219,0.26756856,0.14606213964063103,18.184890383913693,20.86415571579761,1.921098301696912,18.33109066504687,483.1575534142556
331,106,fit,1.2391709719838937,3.843231903970563,13,13,0,0.8291056510518386,0.09203283036607221,74,75,0.33403098583221436,0.3208505734080027,0.0,0.0,0.1595653435503367,2.9579580348842662,0.02698354662614243,0.25747658994410716,6.048192583623246
332,113,fit,1.1336980020008878,5.017503545710751,17,17,0,150.16462763968894,0.05985731224487081,76,96,0.2984939515590668,4.4699975410650135,0.26694572,0.0,46.32660592165157,30.12415722851402,4.793192888032804,45.73657335909164,1184.5003384804438
333,117,fit,1.2382956906532412,4.8217975731423035,15,15,0,1.1440183734608982,0.16753543611734165,83,73,0.3832080066204071,0.30981503630291074,0.36947915,0.4258982906410647,0.7483713500937965,1.8725068473131936,0.02705356539415839,0.25814470795952665,5.5648498556348125
334,114,fit,1.3114511734843333,3.1017005839190115,13,13,0,15.839771293828225,0.07913162277927094,83,101,0.3965451717376709,1.267364088725712,0.3331394,0.4246149125252631,9.570053115551133,13.554309148164629,1.0359990397350158,9.885487020372288,207.77590803750806
335,90,fit,1.0778940242776114,2.674998677406174,16,16,0,2.0489127922659645,0.12529748920574046,55,74,0.2035822868347168,0.24771668757930962,0.0,0.0,0.5913057229915508,4.248448968404769,0.048973514231686784,0.4673045251115151,13.926057425953813
336,105,fit,1.2528154301163403,4.565418304241261,9,9,0,0.7387209431400861,0.07138266123616212,77,70,0.35603779554367065,0.2980773221433678,0.25974107,0.36314253712851574,0.5669647745770193,3.135297656020556,0.06125767656074121,0.5845198145108894,13.503153719301912
337,111,fit,1.154952507633327,4.878771336014453,14,14,0,35.27141839596781,0.21683645159547774,78,97,0.31478455662727356,1.3933433873759982,0.3304222,0.44398731142382913,14.822436409087624,17.517410216045995,1.5654670406815356,14.93766260192305,357.83563295513835
338,104,fit,1.209770610740164,4.17038525729084,15,15,0,18.812147163638556,0.45310132013709165,70,89,0.307149201631546,0.7829997799177708,0.1802539,0.15659473247293348,6.525629599489478,12.231278699240521,0.6822813313748732,6.5103180474701645,156.64874948791683
339,109,fit,1.286507616984224,3.804703166416492,14,14,0,60.20059476688573,0.14221417071867698,76,95,0.35240161418914795,2.4486068901532794,0.2819141,0.0,25.589837573511662,22.947390744825622,2.659356867597772,25.375542629749734,529.8279639489499
340,88,fit,1.0990594121652992,3.6520899409695784,8,8,0,7.017299012884168,0.062274709074679996,61,80,0.23908136785030365,1.121757578610038,0.026083412,0.012478927861533864,8.784502803739311,15.732613579529122,0.9206698699583521,8.785017843114046,289.00588247132504
341,105,fit,1.1633936708535555,4.09453183226692,11,11,0,22.44207947204977,0.11913674254621545,76,94,0.27709856629371643,1.1249062449845912,0.21990126,0.3311659779474819,13.38878069929372,17.64726848046749,1.4279721301802129,13.625688265078367,350.5433636061501
342,108,fit,1.1257831512287828,3.0770818170034047,18,18,0,19.819541818108142,0.15353575367619013,70,90,0.2905281186103821,0.28601371380947277,0.084943675,0.07223346083173544,3.423983742766228,9.424117507888171,0.36272499186577617,3.4611163345971008,77.77284817010012
343,97,fit,1.0604361771663127,4.192694423055076,13,13,0,48.69192119340699,0.05233442108301091,66,84,0.2596164345741272,1.841802943271475,0.23147579,0.25774867303887505,19.9067813161111,22.410296824491255,2.070199503777659,19.753812058947126,573.6982069663599
344,106,fit,1.2956851126780973,4.306570391096907,7,7,0,7.152375023997546,0.08145571855201333,80,99,0.3800172805786133,1.7552497736712054,0.0,0.0,14.66382795423667,17.83356931215613,1.53651706442295,14.661422370447996,289.41862294994877
345,99,fit,1.2176377415973276,1.596266523480895,15,15,0,5.5104491979427435,0.3042021399107653,66,84,0.2819570004940033,0.4257022208844404,0.13661595,0.24013057205264524,1.7268684146548956,7.049528795771979,0.1941277981974668,1.8523644866170497,46.41545857265285
346,104,fit,1.1809869166705058,3.0452444876078406,16,16,0,1.7981949545127789,0.2525850604731992,69,82,0.2874376177787781,0.31441082762756534,0.1182285,0.0701433360622716,0.4337882534697444,4.464119969709578,0.08374833706421987,0.7991253536662201,21.152809698542633
347,93,fit,1.069888392187876,2.2802021651455333,18,18,0,55.24880503048838,0.3535141083698379,57,75,0.21985822916030884,1.5805196098146654,0.0,0.0,13.577552809122123,18.505492016864572,1.420576487561983,13.555119156125793,367.09147540780253
348,105,fit,1.2231120659357941,3.0981210847134006,20,20,0,28.443126017955738,0.3712947189992149,66,85,0.2954782247543335,0.7728720745501045,0.21377128,0.34836712945777937,5.813176638973238,11.516949228940593,0.629939887815402,6.010876792131699,137.53978145719324
349,107,fit,1.3449086005924409,4.404875106653258,8,8,0,15.736681000326463,0.05769894985029798,80,99,0.38462522625923157,2.551096052039292,0.16696705,0.27775862522962036,23.846403788067178,22.400234500556802,2.514395349571486,23.992322037895857,532.6930973100399
350,107,fit,1.2528648087162084,5.967330798638833,13,13,0,7.95037339322804,0.08484138928071336,75,94,0.35805732011795044,0.3605265740284449,0.0,0.0,2.5813191860472227,8.417487468905449,0.2890480013916507,2.758091616332545,54.4572399473496
351,104,fit,1.2509090045672795,1.9472600647638265,15,15,0,95.98038749729788,0.27344339053876204,71,89,0.3218032717704773,3.893108038501905,0.23353992,0.1651915416408516,36.244086321024206,28.556337587511717,3.844659664165386,36.685683818372,924.2101431317423
352,118,fit,1.3042446068090225,3.2361735743299644,18,18,0,141.971892667638,0.16891582277923156,80,100,0.3704792559146881,3.697915103374886,0.062133744,0.0,40.330745513182734,26.97378935656847,4.183127363032692,39.91533743351805,799.2289541642817
353,88,fit,1.0183922386341095,2.5780281969170087,12,12,0,79.97799856194904,0.09081150682528087,57,76,0.21398667991161346,3.937560913987879,0.07968489,0.20575959098886584,36.88379661634399,33.31678108936638,3.8650224744272785,36.87998544300838,1249.0212784143691
354,93,fit,1.0051419276726608,3.261013280562579,16,16,0,72.45000486868196,0.13163463763133113,58,77,0.20407092571258545,1.7516439512202115,0.0,0.18613744915703279,18.196883326211793,22.226867800003976,1.8939230104216194,18.07178445058797,591.3853891940983
355,96,fit,0.9610085816077114,3.815048987973707,12,12,0,6.572335014496084,0.06036838936051138,64,84,0.2064708173274994,0.4201565588015773,0.21480134,0.3753472076778566,2.924092030614838,9.370507025963796,0.30701995867896986,2.929579758387117,95.24124080777352
356,87,fit,1.0599187340676992,2.2712573083121432,10,10,0,0.46989173894789504,0.07973035380947995,59,53,0.2202834188938141,0.1847602515129665,0.10095397,0.11655286298300564,0.33770001912872416,1.7386727713150616,0.020393188884862065,0.19459149699295863,6.68500848681739
357,99,fit,1.1166826738454374,3.1122876517987654,13,13,0,0.9516204430728309,0.10025784885443709,68,58,0.26965534687042236,0.217446208061075,0.12003305,0.17105103823626658,0.5072193179091132,2.4608854510230325,0.029817010390128188,0.28451345792107047,7.981349076447653
358,97,fit,1.2256005046677705,4.358903280532076,11,11,0,6.285849867610474,0.05704634381831106,67,86,0.2775404751300812,0.2925594362855986,0.2894726,0.2329264071484044,2.4752766087616647,9.250544309052026,0.2767555281866301,2.6407970246815844,65.75360204480027
359,90,fit,1.1489268401375297,2.7373894258366644,13,13,0,0.5720957731245565,0.1754391823099627,59,60,0.22909848392009735,0.222752076934153,0.0,0.0,0.06873792012709881,1.7650242565689709,0.013271605091727916,0.1266374531653427,3.691129059657013
360,97,fit,1.1521378275708551,3.8937027107410884,10,10,0,29.874044447572032,0.061167228569338816,69,87,0.28637367486953735,2.9475245712113978,0.31326875,0.5021024395483628,25.833405524309825,25.07385986017392,2.7457019091913137,26.1994456983904,758.2591358980987
361,92,fit,1.0933784566199793,4.048198433513082,11,11,0,24.43554224087648,0.12557582759044306,63,81,0.2537374496459961,1.0130803336285124,0.1300707,0.009981589594882762,11.753932803385744,18.682832612632964,1.2500696660060082,11.928145667996262,332.2322083836621
362,129,fit,0.9950184278455076,1.12948104619803,35,36,1,811.3316540811383,0.7551274127478254,75,93,0.293748676776886,7.069313836621526,0.0650718,0.26195369062333845,77.02349344952002,34.94032450755067,8.021624232493823,76.54221595891052,1258.6935627808925
363,105,fallback,1.2446191310882568,7.389613808470469,3,3,0,0.911966275875325,0.015951907364072822,83,102,0.38753604888916016,1.8344823876273995,0.0,0.0,15.167163050277061,17.973085432688283,1.5998872851325563,15.266100048974772,375.4469702133027
364,104,fit,1.1577002171992468,4.438288598662635,14,14,0,57.49944597553509,0.27600013523258726,71,90,0.309291809797287,2.012581873370495,0.060809977,0.0,21.732815439236738,22.30073154500352,2.306621117636818,22.009743488900934,452.6712149753459
365,115,fit,1.2395148020115778,1.3341562035637482,15,16,1,130.48294399872333,0.0680501120688524,81,99,0.37167075276374817,4.88380349963997,0.36098444,0.2602876120889863,51.67306017273314,31.62501468678802,5.418662084890834,51.70479088636292,1025.7004995394627
366,103,fit,1.313656285373486,3.5768453015860397,13,13,0,0.42885764278418553,0.10445409747251587,72,72,0.32975155115127563,0.3087576934397739,0.1560267,0.12174582397755786,0.2347209954839195,0.7228536968265948,0.010443125746615177,0.09964814643716771,2.2530287602502352
367,114,fit,1.335016549118774,2.7712320334999365,14,14,0,113.32336624664326,0.101440527310295,81,100,0.38956087827682495,6.446060439773567,0.071191736,0.2589211428765217,59.58706934584776,34.06274539425062,6.265749364151184,59.787684772434964,1204.683663133051
368,101,fit,1.2967506698807245,1.3986930347242166,14,15,1,138.19639006817644,0.20933862211476315,68,86,0.3006303608417511,4.988038727913939,0.15890956,0.49961706636055225,51.25746230190683,35.55341298129447,5.415032957467283,51.67016180789392,1117.410211597903
369,101,fit,1.2047288973313783,4.270950065860174,14,14,0,11.58267145255571,0.10500785950459131,69,87,0.2951063811779022,0.9182920848955846,0.2944967,0.3920830966500191,6.081885501331987,11.484912758219107,0.6374772203245064,6.0827979038597935,145.31088040681115
370,94,fit,1.0538224918224752,3.8283638935541133,15,15,0,2.9658402880532155,0.08610832984603158,61,79,0.23761755228042603,0.3645752952625027,0.2683707,0.39817588559893063,1.2596436618352698,5.7865602571370545,0.12451021227368124,1.1880745445961949,31.60750759464865
371,107,fit,1.1769832978012058,6.00660114814659,14,14,0,21.344675564977116,0.13759745415552205,75,93,0.34134578704833984,0.7704645499340301,0.0,0.0,7.866453506125821,13.416640603879474,0.8733210110102307,8.333215753914414,150.2092962540864
372,101,fit,1.113793829126339,6.241775801597862,15,16,1,134.49974041170884,0.0681074172950064,68,85,0.29944294691085815,4.090499239825871,0.0,0.19027095346318865,43.34685108781388,32.352627819835206,4.632156502678965,44.19996662861608,881.4632468972119
373,99,fit,1.0970371635430394,4.774307466795685,11,11,0,76.9871169899517,0.04371571121380492,69,88,0.27301451563835144,4.696029233126329,0.31414476,0.02177485170580355,46.62383321103525,34.48748924393373,4.914844443065898,46.89737063994178,1262.7997968034974
374,111,fit,1.2457071952251169,4.392767993063396,14,15,1,146.68846518533294,0.12674005590020995,79,96,0.36682918667793274,7.6487202974318045,0.0,0.3789960820662474,71.43662577642748,38.812708961915,7.488970693653802,71.45964402341414,1480.6115556673585
375,126,fit,1.1941790116306017,6.792405753346618,15,15,0,2.632722092590275,0.2398929290556332,90,96,0.40952107310295105,0.45058126398626336,0.0,0.0,0.5346674636932942,4.545869746806984,0.0940230990514729,0.8971669756819932,16.339883379848875
376,95,fit,1.1231765106258726,4.339686877746099,13,13,0,0.9075264205849698,0.09089363994059325,64,62,0.2639803886413574,0.24571042187733944,0.0,0.0,0.19106190281619106,2.1665517230758513,0.03016762617904138,0.28785902842596733,7.5078860177664
377,98,fit,1.21942565110684,3.5703871879294042,12,12,0,83.40541918590374,0.13096262550753088,68,86,0.2911812365055084,4.781450008758782,0.0,0.0,45.32437387182102,33.7853202386859,4.723966023650507,45.076011676054456,1078.5213959372854
378,113,fit,1.2040210051015923,2.4141212658043694,15,15,0,109.54717485941856,0.10776412011032604,79,98,0.3258521258831024,5.445109968368845,0.25420558,0.4986195629112949,50.09666869579007,31.18863399468123,5.293406596431125,50.50960492777791,1194.9640818624252
379,94,fit,1.1257878704822772,3.458610574290151,14,14,0,97.99766477746897,0.18017573628508318,61,80,0.23674245178699493,3.9402179629971723,0.06519702,0.19879986248278886,36.97690357749848,31.338048200455482,3.878104873533177,37.00481749554558,1063.699278561532
380,110,fit,1.1493780532815672,4.698752641114268,13,13,0,47.55793956318607,0.12379883375440942,78,97,0.35357266664505005,1.9966037012765696,0.0,0.2904821760731674,22.45211456318941,21.815068603254698,2.386752943929765,22.774360152001574,469.05676746194985
381,97,fit,1.0795156266730859,3.8584005976756504,16,16,0,0.5137447729291683,0.19394866234949695,62,59,0.22630929946899414,0.20305430146712455,0.03455651,0.0,0.29561098439510725,2.174892401652437,0.014458396464341968,0.13796179832387373,4.098632592070188
382,100,fit,1.053760004623499,3.1938464037423864,20,21,1,182.08039280755264,4.793467857590101,61,79,0.2339777946472168,2.863982391777649,0.09267977,0.3179621967989448,31.59123830273453,27.69640478141147,3.285266556157536,31.34796332211389,842.5244055562898
383,98,fit,1.0534990631179812,5.268051041582189,18,18,0,81.53372226632352,0.23437693645990115,61,80,0.23647649586200714,2.2841859506418514,0.25131735,0.1383087918365337,20.69857778377444,22.123978068861152,2.106469585504556,20.099900625043475,444.23981703846954
384,91,fit,0.8930694716572184,4.637626524484909,19,19,0,2.4780915602396894,1.3352529535040643,53,46,0.17516876757144928,0.14503395228593888,0.11775547,0.0,0.31760638197268537,2.1290662370608304,0.025565279107697028,0.24394350293604034,7.54894865761756
385,94,fit,1.1539084488140445,3.3348481129282974,14,14,0,50.19687649658032,0.09062804513902865,61,80,0.24071365594863892,2.0795946695400684,0.0,0.0,19.160939573166797,22.179589195713756,2.0157947421070372,19.234682653693103,544.9961580811723
386,103,fit,1.1486489862607485,4.727692594114088,19,20,1,129.74210379428845,0.2259596309080423,66,83,0.2685161828994751,2.6150997768540987,0.30425495,0.05847759413317977,26.95789612432163,24.948279182877698,2.8477203036309997,27.17290366060114,609.1071913324912
387,92,fit,1.0700900168275702,4.7866739437207,12,12,0,49.37150753421765,0.1036253274092495,63,80,0.2519139051437378,2.138869922548374,0.2449215,0.14974740455919736,22.35843369912846,24.83077427723639,2.327801227847192,22.21184377716786,687.0171468314239
388,107,fit,1.1002966326437558,3.924406965536292,19,19,0,228.70765092176973,2.7074050219658745,69,88,0.29235196113586426,4.820398475461775,0.031602874,0.39256841043130863,50.725319547692465,33.25512776910528,5.365325134583439,51.19585052083434,977.4657848929082
389,98,fit,1.091782785848433,2.7357706245181515,18,18,0,189.28111983447326,0.4492066741418705,62,80,0.25379449129104614,4.576248747198468,0.0,0.0026190096092172724,44.11793562201916,33.37422000479638,4.650135727930883,44.37152412147789,1241.7629552648361
390,100,fit,1.1367409907345645,4.713722955831216,12,12,0,2.7390613737847143,0.04071178408166565,70,78,0.29476475715637207,0.29617610853041754,0.0,0.0536425491225151,1.0023732762597903,5.657017727936824,0.09398855529557995,0.8968373596906484,23.356482033655734
391,102,fit,1.1475886519171086,6.154303044801621,8,8,0,24.364629108510222,0.03339145544523142,75,94,0.32016265392303467,2.9182940355541187,0.2801719,0.008086065472689617,30.767210517090906,27.024251610127784,3.2065417809189234,30.596772718692016,833.3818973546242
392,108,fit,1.1484260651679288,6.744552637168005,15,15,0,66.7910289506317,0.21949379050543225,75,93,0.3330768048763275,2.1807223104989633,0.0,0.11433413915941759,23.44261999940144,22.473807343428103,2.5548327445237704,24.378175043165747,450.5378509959505
393,106,fit,1.1880017768972326,4.752720637218994,8,8,0,40.82739078588374,0.06077377786145224,79,98,0.3534463346004486,6.110003032866231,0.21905303,0.2249826963686933,58.10765957196738,36.303055730466255,6.116484255613713,58.363399385627034,1610.973489939466
394,105,fit,1.1576966259609087,5.3515523791651045,8,8,0,0.19308467806205104,0.04262591712084501,77,73,0.34107154607772827,0.29595779477543155,0.26143995,0.3787749791595022,0.5201277732236248,2.448796424337859,0.01581640076869995,0.15091985466316743,4.155559853089148
395,104,fit,1.1810567351050212,3.072318477515911,16,16,0,61.85816372562647,0.36437960390617896,70,88,0.30932188034057617,2.4941462076329914,0.048321724,0.04749423515681715,22.293491421609893,21.751598365055035,2.343917822852789,22.365628080656382,539.4707523740585
396,93,fit,1.1110890906546769,6.134132830079109,10,10,0,45.19897275080827,0.02936575952941451,64,83,0.25288358330726624,3.2856764296197416,0.28104404,0.0,31.486284786822562,29.6196633588954,3.3011165232204727,31.499203465844204,888.4201146865103
397,108,fit,1.3214255594678772,3.691108973516929,10,10,0,16.473381560658865,0.0785873992422525,79,98,0.38948944211006165,2.2667841483992386,0.13719964,0.3358199264665065,18.370261139702905,18.918290409039216,1.9220927861846016,18.340580020845433,388.1460974495045
398,97,fit,1.166219914798776,1.957803008917548,10,10,0,7.740227292090489,0.03425114508108998,69,87,0.29719796776771545,0.5124175203404371,0.018832548,0.041412002916807564,4.284448160393007,11.713054300967443,0.49374679480835515,4.7113243779423195,107.48038257055521
399,100,fit,1.2277586904469653,2.984822479616358,15,16,1,79.88046405072836,0.15479722289388292,66,84,0.2835344076156616,2.310852524735785,0.23389398,0.027969643819675663,24.978938384881737,24.634228795296735,2.598331828158133,24.79324263509669,621.14817615872
400,106,fit,1.2936020162919422,5.1281704699937585,11,11,0,49.26836775313281,0.07158535466327445,77,95,0.36566516757011414,3.8017423153195447,0.27653816,0.2962547729572722,36.47243769139122,28.007585358638128,3.8028591586805,36.28682403321088,771.7980016833089
401,91,fit,0.941174816262799,3.117035864815726,18,18,0,256.99069588938295,0.35804663914073337,54,73,0.18879136443138123,4.4955381257407785,0.15310334,0.0,47.40543072490899,37.487812411653856,4.953910219841627,47.270135685511704,1523.4029961680476
402,100,fit,1.20575878664032,4.9076918150167925,9,9,0,3.1802211319854403,0.1791560329249104,73,91,0.3238517642021179,0.5685188758303458,0.0,0.0,3.1471476195050454,9.095687175646733,0.3283183785249826,3.132808955391055,76.27114855377579
403,104,fit,1.1625137402128853,4.308072031465274,14,14,0,3.9716094619841265,0.14972457699023337,72,48,0.30521729588508606,0.17594919145965093,0.3084726,0.3741045836672749,1.318671229716342,4.949837137637762,0.11166689825786956,1.06552383833845,26.40071085152086
404,106,fit,1.2343111939955282,4.069407294961452,14,14,0,133.90232952454218,0.12059664027374178,72,92,0.3159884214401245,6.297032472374337,0.15062554,0.0,59.434802545488665,36.56961035247573,6.201655778736914,59.17610475894001,1282.8223819556802
405,93,fit,1.0987518265026999,2.762201612226675,16,16,0,206.74997612987687,0.20541963528139748,59,77,0.23110701143741608,4.950654612327264,0.0,0.0,50.74040569342784,38.17249979697558,5.305540593376563,50.625387341379415,1470.3381886807774
406,102,fit,1.2830608714126996,2.8426735370280922,13,13,0,16.53316242329758,0.15190544011782356,71,89,0.3191177248954773,1.1705959462100406,0.006968005,0.0,9.022500852852275,14.098065445663972,0.9474329086318043,9.040390349540116,201.5550223540277
407,102,fit,1.1257828769193206,2.7908604802930643,17,18,1,148.04166205857965,0.08557323053040855,65,84,0.2628268301486969,3.4124648261551385,0.0,0.0,36.69531287731144,29.579682263334494,3.813420005703776,36.38759547427267,984.3891382340546
408,99,fit,1.123811750151103,3.577129666828179,15,15,0,38.95486552226423,0.27556709186822004,64,84,0.2532323896884918,1.1744246281215978,0.03798089,0.031205415682746502,11.879389322950862,17.26582409623565,1.2552430606433105,11.977510120642275,332.750597787892
409,106,fit,1.1396571816185335,4.620683163996948,18,18,0,106.09606365994979,0.1398098987854574,70,88,0.2847926616668701,2.2054130408730264,0.018234113,0.0,24.782446446256166,23.258287714169164,2.612982579704024,24.933039882671984,560.4876314545781
410,114,fit,1.1966258009215394,4.010135315141138,20,20,0,2.8309449929353545,0.16474314331054987,75,94,0.32574227452278137,0.3973915729257649,0.15846388,0.2295655557879471,0.8043800502667245,4.554248606137666,0.11236426005505133,1.0721780539604133,23.410029968328015
411,106,fit,1.04014331139117,5.516370180834303,18,18,0,20.370853489622903,0.2041339140203373,70,88,0.28835198283195496,0.20007963210629065,0.0,0.0,3.1690063672271664,9.680852687355822,0.3608265559910274,3.443001488464002,76.44659633774309
412,117,fit,1.1541076748153267,6.8030810544442675,11,11,0,87.62532941809775,0.0549320221126176,86,106,0.3837498426437378,8.341974354008403,0.049474537,0.0,77.13700714734271,38.61251355352018,8.107633228350137,77.36291248425702,1699.1292169975793
413,96,fit,1.0703909044216413,1.2969992891554203,16,16,0,47.86474621800663,0.16957776699177132,62,80,0.25158628821372986,0.9647397486165687,0.0,0.0,10.962375059398466,17.54544430736292,1.2086972646085377,11.533370845501313,243.4479217082905
414,104,fit,1.0651297175413936,1.1911517378470013,13,13,0,94.18930079545389,0.5366996460058397,72,91,0.3049487769603729,4.33209008745818,0.0,0.0,44.14001926595504,31.757243853150204,4.6818693635298505,44.67432598788025,945.344419650298
415,98,fit,1.2671292493620445,2.378001660363757,9,9,0,0.31214100493103447,0.31353230731856807,71,78,0.32422491908073425,0.34772705417336636,0.0,0.0,0.28347773003124743,1.240950014265961,0.005478170196285105,0.052272616376766265,1.2492167452434197
416,102,fit,1.0951803899099672,5.70856746898124,16,16,0,84.77113183329413,0.49247439951522215,68,86,0.2862299680709839,3.2642075294076434,0.3022567,0.6075979732879112,29.360699445514662,25.65510503498723,3.13851660696423,29.947677547368606,846.7058077042038
417,98,fit,1.0355683005994136,6.484631533616376,11,11,0,87.76818383401249,0.1045658641506592,69,87,0.29756760597229004,6.074576989569572,0.0,0.0,56.43764260604605,38.366157071689834,5.895964245374679,56.25920081464388,1392.4783997146214
418,117,fit,1.0425454623975852,6.115773126156547,18,18,0,20.36413607021972,0.23382349060335947,80,99,0.3335665166378021,0.9076671403907238,0.0,0.0,6.700677589048229,11.100714018698856,0.719032250459171,6.860994756289799,160.73586687065355
419,100,fit,1.090056329895311,4.899022098266336,12,12,0,13.686528640560256,0.23414331033031255,70,88,0.3021358847618103,0.2881095520814777,0.0,0.10821357595419952,4.38419333427655,12.238555605748221,0.5329122667190461,5.085040712967997,112.64976008383233
420,97,fit,1.0184321689740443,3.170887735212129,18,18,0,72.73900284958106,0.5204675657262419,61,79,0.22191207110881805,1.547676861324764,0.30570537,0.0032291536827807575,15.555706068156725,19.726332286646763,1.619470914866667,15.452966744910945,418.9244925370806
421,120,fit,1.2076669567481595,5.321579418456709,17,17,0,161.7841565742501,0.21909669956752173,84,103,0.3852129578590393,6.4715950187687605,0.0960333,0.0,60.74747851378443,32.94329018814167,6.319039342890127,60.29617693597449,1009.2801112197304
422,109,fit,1.1999740930447282,6.272303329301894,12,12,0,34.37408992055376,0.07661031806021598,79,97,0.3552643656730652,2.801053546617011,0.0,0.0,24.600887785415125,21.96191836937445,2.5292059814236403,24.133644860912597,481.66550166245327
423,111,fit,1.2891015299130397,3.8449550612988888,18,18,0,37.026453558543004,0.17240043868045074,75,93,0.34402474761009216,0.8978732704685072,0.2933959,0.08309509346202065,8.792013902619244,13.803655956628903,0.9421356017626238,8.989843528269311,176.8117001145572
424,93,fit,1.0641613852042708,2.502264989339283,19,19,0,191.80463331286663,0.20777833924419806,55,74,0.2214217633008957,3.197913506631748,0.21658443,0.10959714690776602,33.93086338546131,30.534598465232147,3.549197386369295,33.86638727451617,938.4130829125104
425,91,fit,1.040610605193493,2.799310903515438,17,17,0,118.16754084943209,0.04181805059979967,56,74,0.2106562852859497,2.1685390171483827,0.12859412,0.0,23.733593641995853,26.328034109099775,2.51253794466536,23.974598708638933,649.7889298298381
426,97,fit,1.073811261668496,1.2630655155344428,21,21,0,14.775183119295411,0.3633829854552366,57,39,0.21465136110782623,0.12205500298705799,0.08446737,0.05554771806587648,1.3023590741543147,6.593700712195827,0.1560748235984802,1.4892635839549637,36.19227415434518
427,115,fit,1.3047178364053558,4.620932353624586,10,10,0,54.22657374617307,0.17229080623338708,87,105,0.4078141152858734,5.496210377266564,0.23574601,0.5567002167630178,53.824797698706284,32.22918637670843,5.714679321060111,54.52938283454304,1126.381565341291
428,96,fit,1.2320515195716386,4.020144366205916,8,8,0,24.145297313091078,0.08242950236499876,71,88,0.31935757398605347,3.6954866416856036,0.2659574,0.4237293263346906,32.9902763130855,28.814000603297053,3.4599662378719858,33.01494501786246,861.7922196423829
429,106,fit,1.346927753782476,6.433663004228778,5,5,0,0.8022580753053417,0.0456388995868243,83,101,0.41477715969085693,0.6806958295455496,0.21069461,0.3175523544648065,3.4135073654711228,8.786489155538407,0.34743128222751757,3.3151839907205876,69.17789757248121
430,102,fit,1.190692951874297,3.1179627361806195,16,16,0,58.13192182446164,0.13506940943181542,66,86,0.27505433559417725,1.9638643605334614,0.18920577,0.22291265922493156,18.542266850006648,20.37965414739784,1.9506768550211864,18.613328769286127,445.63079692700114
431,104,fit,1.124988485574673,4.413396929196075,14,15,1,101.7399038659583,0.16584455562565947,70,89,0.2886941432952881,3.748856537678403,0.26878446,0.06483563458822982,39.56714517018404,30.091153139104776,4.152617614863132,39.62421388228179,992.2513908235667
432,96,fit,1.0354601519513618,4.6538186140646305,14,14,0,12.071027542454594,0.06820239095816337,64,82,0.2453627586364746,0.5497148882720911,0.3132762,0.32113520939717827,4.035162491085391,10.775037774417928,0.43033027680328245,4.106204931329031,124.72341058544713
433,95,fit,1.0211399866452566,5.0600525428142475,14,15,1,117.77820911777059,0.3304763569508133,62,80,0.23938636481761932,4.699780981427213,0.0,0.0,44.64572940178905,34.41408344870576,4.644162160670045,44.314524433874475,1175.7023209776435
434,100,fit,0.9661823479254177,2.6632862012374874,21,21,0,230.27937717952705,0.37444747948704854,60,79,0.2117273360490799,3.948950331532975,0.0,0.0,40.15070014412844,30.94415906877224,4.199262399374353,40.06929770395375,976.1812882130812
435,105,fit,1.1516126092579715,4.24302570147301,19,19,0,11.345106831184168,0.23903834047142827,67,86,0.2764396369457245,0.2967101171187616,0.0,0.0,1.5556413222705772,6.79697225379671,0.1752905527815661,1.6726197784500583,36.91038598371166
436,120,fit,1.208580796647939,3.1443433132082617,18,18,0,6.526184311044559,0.2133975988473526,83,102,0.39250946044921875,0.6490316122953844,0.027952626,0.0,2.662183301986393,6.9958258038406695,0.2935969069993571,2.8014972041923385,51.94122257332768
437,97,fit,0.9951504048481793,4.608325946560416,15,15,0,4.6216654132336705,0.33398292889636966,63,44,0.2206590175628662,0.13139407837314848,0.19016759,0.2881090964442069,1.2543937280628574,5.142974627339182,0.08558817278178567,0.816681037994138,25.661842432282075
438,118,fit,1.1356618807749232,2.622078194579436,21,21,0,8.078306142399475,0.19322111026769268,79,52,0.35535740852355957,0.20920359368105848,0.2137476,0.11512053024445153,1.4757672697529471,4.592289536907117,0.13764869396599624,1.313441736316758,25.43174088800345
439,102,fit,1.1997395824805128,4.873923131498177,13,13,0,5.562644776884753,0.10434162235523847,71,89,0.3155277371406555,0.7494945698938722,0.0,0.0,4.211721994201635,8.845504972259821,0.3684746702321935,3.515979677788106,71.33663471739001
440,96,fit,1.106302105998825,4.734943667292945,11,11,0,97.15648699564493,0.0454190491881707,66,85,0.2648017406463623,5.698949628648603,0.0,0.0,56.40707736530114,39.141401937736916,5.919488052667329,56.483664624688245,1617.822761796607
441,108,fit,1.221715711553486,5.70420766785953,11,11,0,47.976011290493965,0.09955398949054808,77,97,0.3576728105545044,3.7634657227287662,0.33609712,0.6698085542733939,35.98526972100193,27.48698264710883,3.7822151038462013,36.089838777158405,859.5525129279121
442,100,fit,1.278233600362564,4.352786671166762,9,9,0,19.982982967752864,0.0526790710308612,72,91,0.34077659249305725,1.6004743378887731,0.09194217,0.0,17.904700805064174,20.981985685445956,1.8884611129621107,18.019667108417085,427.7773022151514
443,99,fit,1.1295750509382152,4.175055521020738,17,17,0,120.53945437810506,0.3641801839638357,62,82,0.2520867884159088,2.5406397749040566,0.18974248,0.0,27.866456841191127,26.480921377915628,2.923329354180075,27.894364066603767,717.9621927375518
444,100,fit,1.0925040723010477,4.484622025386712,15,15,0,45.86012919751375,0.1168508289071216,67,85,0.2720962464809418,1.607887189079941,0.0,0.0,15.517392473312254,19.0871503833646,1.622488676083088,15.481762176365343,432.18735490565996
445,103,fit,1.171573038895502,3.3189798105897426,21,21,0,347.08851874738673,0.11165803322198374,63,82,0.2556195557117462,5.420994395862209,0.0,0.14124162236397042,57.7405097447724,37.08531677051923,6.036641136986455,57.601537566664646,1408.9738481955485
446,100,fit,1.0546435968535608,6.094529460700778,17,17,0,215.22034731057735,0.6873583724049602,64,83,0.26114723086357117,5.939744933862688,0.18194585,0.39192185642019833,57.10282280520142,37.89093118388609,5.976663272370998,57.029229698196545,1376.907896501082
447,102,fit,0.9315472029443203,5.935120464038766,16,16,0,82.54571196596233,1.4875132649167093,66,86,0.2529432773590088,2.3028847385036966,0.0,0.4480232483843688,23.784884796109797,23.664220518692453,2.521099602273406,24.05629391482257,610.5687336217587
448,102,fit,1.1171987530040315,5.3982193935443155,16,16,0,18.630035951099746,1.212729786504682,67,86,0.28281089663505554,0.4075708780585676,0.23817715,0.17650888976040263,3.9321634328065898,10.898195861881865,0.40438929533196516,3.8586764821752397,90.76825799016176
449,114,fit,1.2161714990941048,3.2581844571176797,16,16,0,1.707218544189484,0.12345489048705346,79,98,0.3375644087791443,0.41398576486292243,0.2784532,0.3218726414974112,0.804119820780428,4.6125185467061165,0.11024104545306129,1.0519183726437147,23.72512560796611
450,375,fit,1.3407939109745708,6.74964707953674,13,13,0,2.9818303438588973,0.1466026790657001,91,100,0.46596717834472656,0.49402755678866644,0.0,0.0,1.039058654804678,5.200542749743838,0.13437644913460034,1.2822180260935145,20.37080393833657
451,99,fit,1.1129573783167492,3.397408617489898,10,10,0,19.65133945683279,0.14865392649647674,71,89,0.2978026866912842,1.1405046854166003,0.09528642,0.34193718454888183,13.314133501398693,18.570804366370318,1.4115212121298948,13.468713856201285,362.7396491734078
452,87,fit,1.1872792653984414,2.039995629856984,9,9,0,21.995993492568132,0.06737218475998719,59,78,0.23069939017295837,1.2809618776133085,0.0862066,0.0,14.661980082275582,22.09168732423611,1.54178058540895,14.711646807337308,474.6887867973619
453,104,fit,1.1095534333105952,4.7745248620345,14,14,0,61.70901110145947,0.21828330665681794,70,90,0.2696857452392578,2.212540699170572,0.28918058,0.09259376657751925,23.992415183425685,23.163198364595935,2.5111215714245985,23.9610836967996,613.1995326796081
454,229,fit,1.3640889060286345,5.364997759197587,13,13,0,34.61259261193171,0.29834601311117126,80,216,0.3990793824195862,5.224222579969754,0.13631599,0.223373600134098,53.452689625166606,18.10197939381891,5.636227805663087,53.7807996723577,990.2329191752484
455,92,fit,1.0317643571597457,2.960056383803287,16,16,0,11.852283214547763,0.10681839532854262,57,76,0.20548798143863678,0.35197688444580666,0.0,0.0,2.5256860846924947,9.092936067240075,0.25956436185790505,2.476759178033445,82.31173316412682
456,80,fit,0.976372894761127,4.788406951928238,11,11,0,90.44988466741198,0.04990107278531082,51,69,0.18091268837451935,3.7084945825704607,0.06668802,0.025013183537020832,37.51780859887124,37.453589284449386,3.929302744052145,37.493346794390696,1492.1798519924062
457,94,fit,1.0785378798425023,5.886019750176317,10,10,0,37.12211933201028,0.07270094174651172,66,84,0.26599058508872986,2.4097958227157723,0.099673264,0.0,24.997760837209405,26.056953245085502,2.6146770080559527,24.949208092136953,733.6820962479272
458,98,fit,1.192273551466311,5.700074906374019,9,9,0,0.9117258585114781,0.038460339527979205,72,77,0.32384055852890015,0.34072673829823774,0.21699183,0.16737277513068483,0.5942361863173642,4.346401886227745,0.06315401768805828,0.602614672595976,13.593434268042895
459,97,fit,1.1367168886948007,2.8380841459164903,19,19,0,62.77961327249838,0.2893258333766683,60,78,0.2361467182636261,0.8137020122894966,0.21140274,0.05976867793861193,10.231522075191638,16.540693225012284,1.0757010682810266,10.264323170620482,266.391070178716
460,99,fit,1.2376198389227957,4.624672722972965,13,13,0,47.69162533202239,0.16131632021755088,68,86,0.3066323697566986,1.6360585764119668,0.24093588,0.09462508776230465,18.876058578105635,21.660953104157265,2.030755321835853,19.377436277059665,418.52099161293694
461,85,fit,0.9838150705847054,1.8644723227790188,16,16,0,198.18248658615536,0.2298744419185278,51,69,0.17271028459072113,4.002810221485441,0.21200962,0.572425568288229,41.330727905293415,37.33445053507401,4.33026615876983,41.319333576047995,1473.231998045412
462,94,fit,1.0988708937952627,3.181530453145417,15,15,0,82.7763740743392,0.3141330053508848,60,79,0.22785483300685883,2.843757396742841,0.0,0.0,26.996366740537866,26.470370970119298,2.82166935148024,26.92432587290305,761.3715431879558
463,95,fit,1.2753643986295249,2.0484770885716475,11,11,0,34.69700689060153,0.07222833745984575,65,84,0.2721385955810547,1.9441985936130466,0.19720091,0.2960013322670999,19.874123468526268,22.866473620766975,2.0761810264588374,19.810887657049975,547.4076446619105
464,94,fit,1.1801423585023405,2.043963217220869,15,15,0,99.62630409173575,0.30299045745706465,62,79,0.25546932220458984,2.566437328944767,0.071412414,0.4243291722762802,27.7673833377979,27.57199665565488,2.9025218885141237,27.695819546890494,733.8898472762133
465,102,fit,1.3521362414837907,2.4947144485119863,6,6,0,22.11995848567047,0.03226867998349877,78,96,0.3643028140068054,6.725139706656684,0.03685858,0.007867623668600845,61.05617798882551,38.421211788543765,6.37968222053254,60.87483034859293,1416.8076876687035
466,115,fit,1.3267987916761732,4.8687287106801636,10,10,0,64.1499811616464,0.09583762521211024,86,105,0.4354390501976013,6.319163572185699,0.24290656,0.0,62.484332295376426,34.936243487689055,6.483995375338336,61.87018487918259,1243.976357815256
467,99,fit,1.2112949698758608,3.00557472516769,13,13,0,12.808049961188328,0.1639444549058331,67,86,0.2980082333087921,0.7799711241431211,0.0020612718,0.0,5.784267199331597,11.932499910532703,0.6077995539203915,5.7996140641258735,136.6188578518364
468,99,fit,1.1361622300956074,3.8379708857222252,15,15,0,0.7543587969970806,0.15953333586644527,66,65,0.25660738348960876,0.2521333060934141,0.26124516,0.37488714361695685,0.05345622780929028,1.2117084566635308,0.015183970743235126,0.14488521701560234,3.6640800989881974
469,134,fit,1.1134711952342466,3.8580216712676854,21,21,0,243.88546736878874,0.2956459263281712,95,113,0.30654215812683105,7.718397327669523,0.17490575,0.2262699415708644,73.4931789317901,32.83330039601466,7.708152298863818,73.55107155404407,1633.793974685229
470,101,fit,1.145263150561732,3.048449985264329,19,19,0,21.208818598449167,0.2597342451824782,63,82,0.24041345715522766,0.7837765295292647,0.06456026,0.0,5.796192007619628,10.986708324545877,0.5730058652890715,5.467613218407171,136.70781285918625
471,116,fit,1.1820181721349148,4.278680542574304,17,17,0,90.45309971422188,0.16134325242905592,80,99,0.3204008936882019,3.0189515066800126,0.26373357,0.04484227035507872,30.42330358459841,23.45926602020229,3.145310013581678,30.012500129596162,685.0855873598983
472,84,fit,1.0240271229513815,4.404691762193766,11,11,0,76.46228012042029,0.04513968701585366,53,73,0.1831897497177124,4.203512930016508,0.26676387,0.48234043932770554,39.28265759855385,35.96714369511312,4.10082361584052,39.12999633435611,1373.2332915308457
473,96,fit,1.1177448166373343,3.293414768258325,18,19,1,136.4929711479148,0.8545235049881968,58,77,0.21733826398849487,3.1689827405097604,0.058542863,0.08323865939024071,30.96700179002896,28.034682886767236,3.2588117012264357,31.095531500252246,805.2938551113531
474,103,fit,1.1616041058969508,5.05753025646041,13,13,0,29.16504466883897,0.07807354240780448,72,90,0.3129861056804657,0.9605528594065232,0.2923196,0.3312304579368753,12.063964904716746,16.810249617509886,1.2679687515910403,12.098938469380155,286.3713687331354
475,100,fit,1.0786140386187064,4.491917909296024,17,17,0,72.12812846511844,0.05850614165318628,65,83,0.24216309189796448,2.480138428319017,0.05595859,0.0,22.13980616094474,22.290813807633818,2.334070028290248,22.271660575288625,617.1949737708173
476,85,fit,1.1021465277197366,2.8636725986969647,14,14,0,39.79206427460995,1.1770478629076842,52,71,0.19647011160850525,1.1133035158528302,0.0,0.0,11.000233985432796,18.96324129493269,1.1691823920301196,11.156320534638546,336.065420162999
477,97,fit,1.150552481864944,2.2990349271312716,18,18,0,12.65142488114094,0.14437575743356218,61,36,0.24498526751995087,0.10835189219272162,0.0,0.0,1.585495602549038,7.3157612581338345,0.16329944184791512,1.5582007809915563,40.38352540165697
478,100,fit,1.2103825738135703,4.702800682261482,16,16,0,102.93404455392867,0.35599069304512626,66,84,0.2917494475841522,3.103833540392165,0.0,0.1744143696294115,30.826557923677907,27.022838176868984,3.2517992979151593,31.02861925491564,660.2974333616897
479,93,fit,1.1095524573016142,2.535792315068708,15,15,0,144.65040955410345,0.19306342551828937,60,78,0.23903922736644745,3.832152499740066,0.0,0.0,40.075760870445436,33.67506348676643,4.187782656660803,39.95975817424431,1173.5483492617182
480,95,fit,1.0709718131974253,3.0414686639882427,16,16,0,56.63082977006076,0.16507859441378261,61,79,0.24125505983829498,1.6098648706820975,0.0,0.0,15.5436421597742,20.052309650823116,1.6448513164059329,15.695146148911572,425.1737547015714
481,109,fit,1.209932794058459,4.364762258576682,15,15,0,6.545110018196943,0.2153320220196144,75,39,0.30282437801361084,0.13722915495582189,0.19250259,0.3668756574840876,1.6722827604680564,5.955171851998501,0.14337105620341142,1.3680444294218648,33.420050146084
482,106,fit,1.2202920730659528,4.405913548850533,12,12,0,3.0977297525868965,0.07105638807169037,76,55,0.3505602777004242,0.23820637363827676,0.0,0.0,1.1288370507871432,5.104005663304723,0.14309381153802242,1.3653989650574658,28.777419997743984
483,97,fit,1.0509106866237348,4.259353837348516,17,17,0,111.59150953656491,0.18333485367862837,62,80,0.25292250514030457,3.156777736756805,0.25450644,0.2796075308255907,29.53646226552484,27.156403530723257,3.132023913114235,29.88572436177705,881.6548127584769
484,104,fit,1.1845815088779414,6.193913171652925,15,15,0,124.24378668667158,0.1572968842903059,70,89,0.31544601917266846,5.017490851693799,0.0,0.037140317530293995,47.56998794027868,32.7228332907367,4.962879708529926,47.3557224096367,957.557750098856
485,92,fit,0.9816076278276852,3.2915494004225576,18,18,0,0.8564355635355525,0.4479169702966854,53,48,0.19398322701454163,0.15215674915475996,0.07330662,0.0,0.4020689650957165,0.4239434039242338,0.001301514221859297,0.012419028834535275,0.41407757229228453
486,116,fit,1.2325705544722,6.178007058889694,14,14,0,23.698747694466114,0.07945917274844436,85,102,0.4022326171398163,1.7453583953343874,0.0,0.0,13.974377269250406,15.641974274412025,1.456808286733313,13.900842430661383,269.6370447309582
487,100,fallback,1.3123972415924072,5.142692285499569,3,2,-1,0.6397137463046164,0.02835977299657595,79,98,0.3847613036632538,4.49064436404935,0.1432468,0.3037083534429797,39.89843274881677,30.96954393911964,4.185605969079544,39.938988254575804,984.8595462070625
488,100,fit,1.1316770003051573,4.526810450592883,17,17,0,15.476590608127216,0.37867126803137036,65,83,0.2631889283657074,0.7006487746642209,0.25907627,0.41389513731578503,4.494264609120941,10.494486975140955,0.507415808695367,4.841753899764952,126.51622190974454
489,94,fit,1.167015790193966,3.355939863821879,11,11,0,48.626456726650474,0.1094871645114695,65,83,0.2773894667625427,3.5549845585976514,0.16448167,0.21974205876563235,31.843742559484937,28.883205852594447,3.3615910073285544,32.07625006992895,927.8227795335214
490,106,fit,1.2531577001052696,5.583717163358848,12,12,0,77.07002486007002,0.09636725798163666,76,94,0.3560332655906677,4.187848467253417,0.0,0.0,42.91158420811068,30.99331396109072,4.505853271888738,42.99478312870934,875.5170140090393
491,104,fit,1.1335525768996222,4.4404840175240805,16,16,0,197.63155100871043,0.2166237817830466,70,88,0.2909969091415405,5.54186210079295,0.2640507,0.0,57.75159922916996,36.862952342704745,6.019506209511063,57.43803635029641,1472.037900530394
492,96,fit,1.1588378645953,3.7294452795355353,16,16,0,72.99181887960567,0.1629393763859385,62,80,0.25377824902534485,1.580456696929542,0.15963301,0.0,18.25778306763976,21.619647388813043,1.910512777055678,18.23008375053128,478.6936170519286
493,100,fit,1.1289417915481945,4.66734118624583,14,14,0,85.36438425578365,0.14240500280858592,67,86,0.26622986793518066,3.2098665525087324,0.31482765,0.10907044640934653,32.71857379423736,27.968316821668132,3.3869248735929953,32.31798543504767,825.0203305694171
494,100,fit,1.0514410418529008,5.257881276803424,16,17,1,94.40750345619455,0.41684344328419026,65,83,0.25734275579452515,2.51407067998525,0.3025854,0.1351734700542359,26.421923754348377,25.273374495857965,2.759762612488067,26.33361271458079,741.63630245717
495,104,fit,1.112340228199835,5.096932353772974,17,17,0,205.14043456949813,0.24877879040753242,68,87,0.2794676125049591,5.230532073960086,0.013153924,0.0,53.755132716850184,35.47202557467351,5.635581622613422,53.77463380356319,1247.9427061157128
496,97,fit,1.1471990874698146,2.196735660475496,14,14,0,137.89815935527733,0.1356566617748645,62,83,0.26161161065101624,5.002001604106821,0.12136535,0.0,49.77002172822184,36.1338420815348,5.2066414970864825,49.68169367448934,1422.129603096805
497,96,fit,1.1061479716094182,4.4179267391978385,12,12,0,6.099095711039728,0.12199432594791079,63,84,0.2473594844341278,0.23583116549479835,0.22051038,0.28782957629596384,1.8410623840807305,8.265786959569136,0.1897637213289966,1.8107225317652347,53.27102010730535
498,99,fit,1.1447181809301692,8.094959477156552,12,12,0,46.14158734356556,0.10743065994805584,69,87,0.3022070825099945,2.933675294198227,0.0,0.0,27.04867085057452,25.186655883451255,2.803957611204262,26.755320717597918,640.1509412230191
499,116,fit,1.297155658446774,4.919748679960581,14,14,0,107.86143369019085,0.17668205533378528,83,102,0.40650126338005066,5.8798563403982085,0.0,0.0,55.71888403074953,32.46837990272028,5.840929219355816,55.7340574366013,1035.0255199900391
500,112,fit,1.3026935253379544,3.695108550579911,18,18,0,19.78748687312896,0.3574940783182175,75,94,0.35773929953575134,1.002308732370056,0.22572367,0.3852508680757389,6.647254015741127,11.306331176058334,0.7363195834837514,7.025950224081597,145.3809073976437
501,117,fit,1.2407515179697384,3.472111986428642,17,17,0,15.795976024519078,0.3374110632154783,80,100,0.3501400053501129,1.0918985041565217,0.0,0.0,7.260511277768347,10.971911997237434,0.7648111422574138,7.297816242914253,148.97562335616377
502,116,fit,1.1737851712650869,6.98297865607347,19,19,0,287.16659814411736,0.2550364185969782,78,97,0.33219587802886963,6.8344989717119695,0.2851385,0.0,71.31912851162927,37.296063563325234,7.503352972202889,71.59687950575275,1377.1456490426501
503,108,fit,1.2621922236685676,5.8862354789614635,13,13,0,105.54977187916315,0.16363542305711667,76,95,0.351633220911026,4.829857719661626,0.26448184,0.30319174626916723,50.47959155144391,33.149508270629994,5.3091406238311345,50.65973877701464,1070.5760070447084
504,102,fit,1.0872576197383896,3.3477358866649403,15,15,0,70.74601307207843,0.15899488011680715,67,87,0.2649043798446655,2.3611413640817553,0.058323283,0.0,24.10242055785347,23.557862236689854,2.5272454037862206,24.114937059028822,647.7969079169255
505,97,fit,1.1021201518268549,2.567735290250371,17,17,0,43.140568622112795,0.23622175246635355,62,80,0.25025036931037903,1.4313291087819773,0.18525253,0.2340495236145317,12.179053318456505,17.051777199935877,1.2838862506323971,12.25082300221753,329.16785182881756
506,106,fit,1.2255365702638028,2.8185259145536627,13,13,0,3.6882574354312854,0.10037736208667146,73,93,0.31331223249435425,0.5949338102772821,0.0,0.11035556382132868,2.730616910620581,7.54632945829199,0.29861178837645536,2.849349125729536,69.5684340105138
507,202,fit,1.2300997818127795,1.5496595142247014,15,15,0,108.21102900517391,0.15569982552132328,74,187,0.34236571192741394,11.890738497996983,0.0,0.0,115.81787285016672,29.39144527723469,12.190119762264178,116.31793666282613,2108.829264402255
508,110,fit,1.221342312822378,2.042088351222403,13,13,0,59.95058017256677,0.15790672319523638,77,97,0.3515234887599945,2.862252771589822,0.35115793,0.3035539527026627,29.94171342293162,24.85348021800393,3.1860752670626717,30.401481555941523,594.1460316161756
509,109,fit,1.0423406336875312,6.391953625013694,18,18,0,8.072270389024322,0.8263018208808809,71,91,0.2819330394268036,0.35482502825313844,0.0,0.0,1.632584133299226,6.456662503859437,0.14039338911041752,1.339631575481083,28.696483464709896
510,109,fit,1.185585574722005,5.355451862096132,18,18,0,19.357514607404582,0.21870015363573278,73,91,0.33974751830101013,0.6070204634974518,0.1888805,0.10499099874212935,4.644863641258833,9.940746356503732,0.448226992490241,4.276975119181689,88.74934217413158
511,99,fit,1.2421066157888332,6.384405360974985,7,7,0,4.737158083835284,0.07220898491583537,73,92,0.3297909200191498,1.2060214828267761,0.35750413,0.4879336322124554,9.293657280870438,14.865331478875548,0.9933606347005148,9.478632010501096,272.3326185148994
512,101,fit,1.140532354538918,5.689205724457621,13,13,0,0.6763757156334765,0.7787393495397036,69,70,0.2996964156627655,0.2689088373522062,0.39216885,0.4108142313848903,0.3107301531259086,1.7976559499342355,0.013558102466313992,0.1293712067396373,3.3264805984284873
513,95,fit,1.131780375813616,4.6861253352054515,18,18,0,186.60151430002426,0.47851658470161135,59,77,0.2352011501789093,3.70917798187279,0.17940257,0.09303066944912722,38.26659592733161,32.001048283333645,4.009845637024422,38.26188584946967,1045.259544517297
514,88,fit,1.024038546533292,2.5759011168612593,9,9,0,0.2579478568695441,0.057513560242395054,60,51,0.22180522978305817,0.17348581321743944,0.08382386,0.0,0.4644884367311466,1.5926888957871284,0.01487299009436167,0.141917844411848,5.475108030513418
515,87,fit,0.9524782676774864,3.506714430835876,17,17,0,75.83475773236299,0.3589687866274845,51,70,0.17654888331890106,1.372620589275353,0.16337222,0.11899929871816362,14.608218859462275,21.332734208109724,1.5449507625073222,14.741896588810325,451.96559113194917
516,94,fit,1.0241939767441501,2.108661467601016,18,19,1,88.59126613079964,0.12662553127321502,58,75,0.21226947009563446,1.5102938567772792,0.1629058,0.2984263104209455,16.682370798363003,21.411724283890745,1.7338249646353356,16.544131341940226,504.74782588899023
517,101,fit,1.2328652987608733,4.610552098133415,10,10,0,1.1201236744691803,0.15160083441468983,73,81,0.33642473816871643,0.35206721471983327,0.14449419,0.248757686755215,0.8079255199471256,4.2153059744579435,0.06347210044232149,0.6056498133809302,13.828150006468718
518,107,fit,1.2456975679122275,7.132795650750908,7,7,0,0.49253439073301225,0.14748070238863079,81,75,0.39231330156326294,0.3521367226088753,0.0,0.0,0.4018124191564089,3.5952024935071236,0.0805936109354003,0.7690230051087814,16.184930472669436
519,109,fit,1.190297004467771,4.77572505970366,10,10,0,5.84585125741895,0.10617241199760398,80,99,0.36360788345336914,1.1008023887439042,0.24192162,0.30489259475240027,7.098893771761691,11.737192281956709,0.7781763156902909,7.425346523762317,180.8139207928082
520,105,fit,1.3095746098661392,3.4656422390025274,9,9,0,6.735975517047672,0.1200934658308358,78,96,0.3684915602207184,1.3077354991037,0.29188725,0.31348597347594537,9.418878589096572,13.887435287329565,1.001270360199075,9.554106490449188,223.16722547748103
521,102,fit,1.1473213760860599,3.8815807820726125,13,13,0,28.915719214863135,0.078404500402898,69,89,0.29615479707717896,1.1669109919976948,0.1646153,0.0,12.157696826592261,17.1968496592319,1.2776920427077818,12.19171796476891,319.8289757337098
522,108,fallback,1.2654222249984741,6.080557824616457,3,3,0,1.293052287329362,0.06496329104443524,86,105,0.4131554067134857,2.208731552826886,0.0,0.0,19.440597275348047,19.984080691886565,2.0441527513308357,19.505274344759883,480.9594513543855
523,106,fit,1.1716414515837883,2.0082376939575584,19,19,0,11.926458807583584,0.32135322389536647,69,87,0.2971439063549042,0.33638945729430364,0.22077668,0.2666533035171396,1.90046643592504,7.245195017689645,0.19566003151907743,1.866985033578983,42.52349071134471
524,100,fit,1.1331096020230862,6.832841588293884,11,12,1,87.60664866681047,0.11422601743038348,71,88,0.3131917119026184,5.796824713937157,0.24975353,0.5810578751900956,56.51124468880015,37.52717957505406,5.939562513314827,56.67521482170636,1262.8282421434471
525,106,fit,1.235559259949717,5.546408306406672,16,16,0,72.23867826780331,0.598614472748023,72,90,0.32752493023872375,2.669982566512066,0.16602232,0.1349924242884037,25.129266167559326,22.93499098946751,2.648590904360645,25.272813972906917,534.7324341240578
526,99,fit,1.0687382946612527,8.338827727166358,11,11,0,62.0616934748887,0.04551073765392354,70,88,0.28910139203071594,4.659316407552021,0.0,0.0,42.45400343178509,32.39313791998594,4.434531655757624,42.31423335646588,1094.9549501599506
527,96,fit,1.1428926759930396,1.9587402606167288,16,16,0,125.4256098128674,0.08960096637339383,62,80,0.24853433668613434,2.9056686565795555,0.06593575,0.0,31.429567667990867,28.915910764328512,3.2862858418301912,31.357689330440756,846.2817480845099
528,93,fit,1.0363937739836813,3.9952352675635234,17,17,0,17.633705647320753,0.0799387256128251,56,76,0.212155282497406,0.5282282053050097,0.19491312,0.1923927587694426,3.938399650937106,10.656387961263636,0.4132647861318229,3.943366279883806,116.3049586127048
529,101,fit,1.100443586166188,4.903993464363161,18,19,1,232.3881303012422,0.22301831565365623,65,82,0.26355648040771484,5.580306851609987,0.21697521,0.19717735570339534,54.87301619589318,36.744478287512756,5.719515838183682,54.5755328070962,1100.2671484125121
530,121,fit,1.1233411170883063,5.433482696771857,15,15,0,17.437380076105416,0.25864461187194904,87,106,0.39718955755233765,0.7271381575915503,0.078774385,0.13341038083959042,7.158721470984104,11.458426290689186,0.7148313925419418,6.820910234178834,142.41093182198335
531,102,fit,1.1833074062679447,3.840813178069372,14,14,0,40.76710769967988,0.13334387351549343,70,88,0.3043098747730255,2.29674132515837,0.24549676,0.365760382073987,19.734142161315706,20.60049270724367,2.065674312980741,19.710632757449815,440.68396752259144
532,123,fit,1.171590609941971,5.100642301775193,16,16,0,59.20202750454044,0.17945061270285742,88,107,0.40472280979156494,1.800009947521603,0.06722605,0.2570331420177015,21.652430654705494,19.297539946757052,2.2422235277644007,21.39526266950764,422.4867797503268
533,94,fit,1.0404428883559222,4.752040061613937,13,13,0,20.56012156746673,0.12577713892222706,62,81,0.2381909191608429,0.4588119650216938,0.16288967,0.3118134085564914,6.215031177826732,14.102098639411095,0.6801339737606887,6.489827993899701,175.0696405956017
534,383,fit,1.3781827390186456,6.271301866016669,12,12,0,12.343391309837738,0.14685710981102282,86,371,0.4336966574192047,6.449451720511904,0.0,0.0,59.17776956905946,12.750043701097255,6.205055302437916,59.20854296219385,1073.4872635158456
535,107,fit,1.1449209178303257,3.018699977477005,12,12,0,23.73474473541772,0.10362763101667942,76,95,0.3032070994377136,2.0753894462028497,0.20760994,0.41777698605041275,17.354330002227382,18.53739219207128,1.847848939087284,17.63214636533668,465.3657844527139
536,96,fit,1.1562950861334247,4.394980468908004,11,11,0,82.12512535713567,0.052426248990082906,66,85,0.2727242708206177,5.472704727548374,0.29861274,0.46447412901663226,51.549942333399244,36.99357334039655,5.403013759760307,51.55547480687316,1443.396212581191
537,232,fit,1.3175213480832848,5.4074323054605,9,9,0,11.509073921628254,0.03873810546427851,88,223,0.419182687997818,6.211409046241973,0.0,0.0,56.074009729275055,17.44348367993066,5.891770051924812,56.21917988477874,1089.149431797216
538,102,fit,1.2465957372152716,5.317028167073658,10,10,0,64.70731315084349,0.07151845035958936,73,92,0.3445344865322113,4.7994747124453125,0.06350216,0.06931133670867176,49.65894195030097,34.56199721725061,5.210862442135453,49.72196986770471,1169.1520552979098
539,105,fit,1.2650509928017757,2.2435317232495424,15,16,1,36.88266641848938,0.12252129501036275,71,89,0.3097085654735565,0.8940248231744987,0.13050312,0.0,11.245932000642423,16.136826108073997,1.1322498851845282,10.803911118172978,268.6206460538651
540,108,fit,1.200336092064826,3.6561517739604183,14,14,0,105.61498528126728,0.1057614354363028,75,94,0.32902243733406067,5.0093452342503975,0.2427439,0.46024081654473364,48.38291497592596,31.966592493807163,5.068921514794228,48.36757170605179,1134.914029491426
541,95,fit,1.0115748343853759,3.250852214863023,23,23,0,415.3094514484971,0.24738302547430296,53,72,0.1870480477809906,5.377258884932429,0.0,0.0,54.76922602982455,38.67409671596772,5.727305043333201,54.64985728371375,1470.1638135581684
542,95,fit,1.081862817244131,3.6195738067140373,19,19,0,56.659138150831424,0.27494922747269246,57,76,0.21924322843551636,1.4456976946878852,0.0,0.0,12.637844810910067,17.52616192168074,1.3102259285529776,12.50215580680322,332.61581426764764
543,105,fit,1.0886286909201732,4.757679786453732,20,20,0,208.663065701815,0.6701423559797616,68,85,0.28311440348625183,4.796746448553305,0.22161444,0.2631071328165352,45.507304198802416,31.773565672108063,4.789203745652427,45.698509023401016,1106.3365317269875
544,102,fit,1.0890084962374271,6.460135493323694,17,17,0,59.969195564369166,0.2827024227342863,66,85,0.28803128004074097,2.209468254596526,0.0,0.0,18.981102336120063,20.387613733242233,1.8857863564474429,17.994144622590103,348.88421675938105
545,102,fit,1.0293722259078972,4.832038748873495,16,16,0,4.726276446045175,0.10187905487954897,68,80,0.2792367935180664,0.3050610700519047,0.2370906,0.2620275383858128,0.5836431334754526,5.526475836201117,0.10280520349155448,0.9809656821713213,23.20279422891775
546,105,fallback,1.2446202039718628,7.389615959839367,3,3,0,0.38268492916578395,0.015948608502560694,83,71,0.38753601908683777,0.3243930493933992,0.0,0.0,0.6052718610935574,3.25800421431961,0.06424411025472182,0.6130163192244448,15.076942108009542
547,104,fit,1.1577000984313417,4.438289269852934,14,14,0,158.81317263414334,0.27599733492027373,71,90,0.309291809797287,6.89237137760105,0.060809977,0.24845981625431438,66.37405867958923,39.6067936531307,6.963945459230855,66.44986125220281,1366.4787823979648
548,91,fit,1.096912845752458,3.6942103077466566,15,15,0,22.868320472688055,0.06480160482094399,57,76,0.22358351945877075,1.0465840153937136,0.017151024,0.0,8.186503493094184,14.503923717118836,0.856783718560281,8.175417161834742,237.404842746713
549,102,fit,1.137203766508594,5.017749842592159,15,15,0,25.283787082478682,0.3225669962282565,68,87,0.28662389516830444,1.4368093409024618,0.2568955,0.17451292368888494,11.258534194166122,15.355272974532431,1.1469380266237112,10.944065139539228,250.4746830989148
550,97,fit,1.0398767239935665,1.2188339491330513,19,19,0,49.62752064699417,0.23755979170464803,60,78,0.23643901944160461,0.523789491829798,0.29349235,0.2964830619161613,7.5349799522454255,14.58897284407278,0.8039655525388198,7.6714270280421735,195.5472969640592
551,115,fit,1.1842809969884485,4.084552060902117,17,17,0,4.7445560647055185,0.12172602561216724,78,98,0.33414602279663086,0.41182715288135224,0.2907605,0.3049266227658147,0.8425770600098739,5.830904098194595,0.15865413652871455,1.5138753485564365,34.23509973366309
552,117,fit,1.111495393196504,7.58579028028154,11,11,0,1.4346668429638387,0.17868086503225422,87,106,0.3743981122970581,0.5041778965589865,0.0,0.0,1.3066438402567677,5.343342070792209,0.15063360757991556,1.4373435837778201,32.47642501879553
553,105,fit,1.3787550157667694,3.3886811210214134,5,5,0,0.24498628590302812,0.059919833332448165,80,100,0.3665384352207184,0.5030905915977003,0.075018436,0.10817197619400419,1.2945986309058912,5.8928182663545865,0.161131940082877,1.5375185122411927,39.24012066837931
554,103,fit,1.1635249498886209,4.4384254255012126,13,13,0,2.773611069793735,0.0396465837748447,72,90,0.301760733127594,0.4260128340212507,0.2619271,0.2187106533421424,1.5167147429978627,5.99807281020783,0.14992855750159742,1.4306160066946318,35.48445577809952
555,117,fit,1.1593482591070914,4.83174483015338,15,16,1,81.07271077508423,0.16590008082137248,83,101,0.32148122787475586,3.7092181412783547,0.2542824,0.0865321731558811,36.01051199336547,25.614702712046572,3.81835395082334,36.43467510327614,800.6978203631802
556,102,fit,1.0526437226785152,5.289668367784672,16,16,0,7.691129932106788,0.1589016688273863,68,86,0.2738252878189087,0.4002237067065827,0.11962916,0.016434939892461056,2.178365299337927,7.005169626157154,0.19206835471372616,1.8327133083370817,38.62025574429417
557,100,fit,1.0606066790658528,4.3242417590158055,15,15,0,109.60814326291899,0.37523974972191354,67,85,0.2637248635292053,3.6699975854772857,0.2976652,0.0,36.2994119465503,29.75016250665398,3.8049003554501537,36.3063011016236,1029.5855417370049
558,96,fit,1.1588378455048833,3.7294478780297307,16,16,0,150.14373176303067,0.1629280556660364,62,80,0.25377827882766724,4.183234407247036,0.15963301,0.23442217802280693,41.508451827283665,32.9043000340685,4.336160768719903,41.37557985419755,1086.459560373117
559,100,fit,1.1289418710349381,4.667338880744321,14,14,0,6.322843694555472,0.14239935555090727,67,50,0.26622989773750305,0.15208932610560566,0.31482765,0.39620763173671764,1.462812008899905,6.558117311476532,0.1397000908599061,1.3330161341594091,34.02637956006838
560,100,fit,1.0514408041118293,5.25788189865812,16,17,1,128.81963857010672,0.41683718223710775,65,83,0.25734275579452515,3.7557914600865603,0.3025854,0.07963787591649005,37.90302513534676,30.220099382832114,3.9483159884031824,37.674770881709755,1061.0386799797807
561,104,fit,1.1123401945021394,5.096934057237815,17,17,0,37.73410943612745,0.24877144669712506,68,87,0.2794676125049591,1.0819858550608956,0.013153924,0.0,10.145420367486215,15.24238376444801,1.0740601660832882,10.248665706901605,237.83976791901543
562,107,fit,1.150213294596094,4.19834395267483,18,18,0,5.86066462168056,0.2480787004283669,70,89,0.3025803864002228,0.5976174155360314,0.00587207,0.0,2.987584101819399,6.6831421633163295,0.21745436220128359,2.074946204210721,39.26268092891516
563,367,fit,1.0568148583866612,6.117546753036621,11,11,0,10.316538566030035,0.610118524365776,80,356,0.36036744713783264,3.372533218283611,0.0,0.13364898436003694,34.37816348089903,11.553350337122046,3.5937362691633927,34.29137661415451,799.229375010787
564,97,fit,0.9925075171146617,3.0345510118141736,21,21,0,313.98654828253217,0.5254951285545401,58,76,0.20191583037376404,5.08998946619899,0.1902845,0.4116846576335253,51.347672976410486,36.56325131702059,5.398403160872772,51.511480542679124,1530.20608793938
565,102,fit,1.2786560944221432,3.179775522528606,13,13,0,1.2096499720024503,0.09166510646273703,71,73,0.3307145833969116,0.31076161838668837,0.097089015,0.18321198837713995,0.22565038001623045,3.1600731356008303,0.03619061812368616,0.34533032560769233,7.740205024457759
566,117,fit,1.1411621544645993,5.187803977403198,15,15,0,165.6599591260028,0.12423845890690825,84,102,0.3681144714355469,8.133958869797123,0.0,0.0,76.0210459695516,38.29964501112836,8.001928981863086,76.35428417808288,1722.4240829316705
567,104,fit,1.2795628729657187,3.8636017589377625,11,12,1,27.273231072433493,0.26169753122551126,75,92,0.3551987111568451,1.2951567698600608,0.0,0.0,15.91176639505015,19.444895562699415,1.6878173535522634,16.105127419391824,345.7053240130301
568,109,fit,1.2124954306914386,5.272282200568487,13,13,0,4.659349736421801,0.23117583607001388,78,96,0.35525357723236084,0.6915604368184574,0.09513785,0.02637350294689009,3.5364383454081363,7.7834352856394515,0.29105681607817907,2.777259695402472,52.37131767986289
