idx,T,quality,v0,w0,tc_real,tc_twin,dtc,air_com_dev_mm,air_ang_dev_deg,contact_frames_real,contact_frames_twin,stop_dist_real,stop_dist_twin,e_z_real,e_z_twin,rest_offset_w,wind_mag,wind_offset_m,wind_offset_w,wind_offset_pct
0,111,fit,1.3391368756721636,5.224510650123767,11,11,0,0.2522926177944933,0.06262086281318938,82,100,0.4031098783016205,0.503113274977054,0.09632977,0.011689144031463731,1.0624861176490943,2.2283065248588216,0.019009295246433317,0.18138640502321868,3.1532241550835014
1,99,fit,1.1126430885453118,3.153414366927388,14,14,0,0.4304952826646764,0.07517238152184574,67,59,0.27458685636520386,0.21543126553105432,0.018714849,0.034053020243588375,0.567244294984675,0.2668044099480911,0.001633814370924709,0.01558983178363272,0.4575598569129754
2,104,fit,1.1842271392262225,4.241812957860962,11,11,0,0.17693888675620514,0.06444047815648919,73,73,0.3160378932952881,0.2994644543517428,0.045541037,0.13099542526803185,0.22694997698925315,1.7527017704444068,0.009532190240256012,0.09095601374290088,2.349902454865623
3,111,fit,1.2380356893339635,3.5259657371594844,15,15,0,0.1922313539455538,0.11899260517724088,77,76,0.34995049238204956,0.3269148834057938,0.14506747,0.0960727560713147,0.2598770113888451,1.6034562353967436,0.01099092338514117,0.10487522314066001,2.322471861857641
4,90,fit,1.0633523305849486,3.9489505054703393,21,21,0,2.1167958925347814,0.15059548995604874,51,53,0.18765677511692047,0.18305852553691868,0.13458951,0.0,0.2548680744161384,2.3503907467103944,0.022252365239530197,0.2123317293848301,5.7443092153194755
5,104,fit,1.1174659284453319,2.0423768550959034,21,21,0,2.7284085101469233,0.11861047112096569,65,51,0.24487075209617615,0.1787192087047294,0.12111304,0.0315493918007932,0.6726850639569354,2.1678793338952524,0.03752042008153542,0.35801927558717006,9.11597266858638
6,101,fit,1.2250308705085768,4.0693891478900115,13,13,0,0.17896164589089528,0.11759337977939145,70,73,0.306805819272995,0.31189241263592216,0.12965216,0.19028725030265106,0.05420857217298697,0.6588779801094407,0.0018000860336301113,0.017176393450669,0.4054150889110538
7,105,fit,1.1338154679338635,6.716479673986876,16,16,0,0.8192164686006982,0.11034972978965535,71,89,0.32051464915275574,0.40150820715733015,0.0,0.0,0.7699040242877065,1.9322750186189765,0.015546917178243962,0.1483484463572897,2.817862548644227
8,98,fit,1.0227561600505186,0.742771263205658,17,17,0,0.6524036442762564,0.18169824012230337,64,74,0.2512023448944092,0.3148687946544574,0.33558625,0.22451164172509805,0.637364324107941,0.8882265996337694,0.012943876552807466,0.12351027245045292,2.7024683603516597
9,102,fit,1.1374396198225898,3.432872903274964,12,12,0,0.19472404713408276,0.06164706623970963,72,68,0.2869386076927185,0.2681977827431403,0.2694296,0.3244413583372681,0.3199025291416027,0.11113351533783761,0.0009153017662935647,0.008733795479900426,0.23397675274466279
10,105,fit,1.095575096554239,3.1007709324406156,13,14,1,0.3413724401719872,0.311385894471648,73,67,0.27073797583580017,0.25287491773565446,0.30464384,0.32559505227691654,0.48238931042919847,0.2771421487533143,0.0013986656656145046,0.013346046427619319,0.36111264515778113
11,104,fit,1.1074410973691553,2.64173772633113,18,18,0,0.6255185949969313,0.20317781737677204,67,62,0.2643454372882843,0.23218483056701295,0.1780551,0.04537353772355623,0.33690152261826,0.8144239294114826,0.007048980882593964,0.06726126796368286,1.7457243333385468
12,111,fit,1.1011887256001873,0.547241870203375,22,22,0,1.4138051080825593,0.111327693115557,71,89,0.3033127188682556,0.4089416078919407,0.0,0.0,1.0006157639278421,1.6149701472850895,0.017313081157432148,0.16520115608236782,2.8342589324010445
13,104,fit,1.0563934155188914,2.3882888025506595,15,15,0,0.38445261276066056,0.1281890043419374,70,63,0.277720183134079,0.23025530435713465,0.37782225,0.37803378178293656,0.4996180802926928,1.3285048584554944,0.00583250192602358,0.05565364433228607,1.5821471327588006
14,90,fit,1.0415916414613955,3.1538497335708744,14,14,0,0.1308385570517444,0.07486765064829518,56,58,0.1997862607240677,0.2055740472270858,0.07854188,0.13093026689297893,0.15757721737329855,0.5549402748879481,0.001139138268204647,0.010869639963784799,0.34333848330965694
15,88,fit,1.1092534485752656,3.8443447981376875,10,10,0,0.11965266180351466,0.07317553905182736,59,67,0.2287186235189438,0.2598492568792772,0.14353503,0.10115425238403539,0.29767083309950404,0.7701079429815797,0.0029983295538785902,0.028610014827085785,0.834742549294971
16,97,fit,1.077251506237499,5.601974008557652,12,12,0,1.0024931814991298,0.14156210315202405,66,53,0.27268922328948975,0.188542522713672,0.28928232,0.3924525151024544,0.8343352333046019,2.399235172825342,0.03031799555638545,0.28929385072886876,9.025232277988389
17,109,fit,1.1379553489908374,5.6966385239428,16,17,1,0.7624587518378935,0.40366375495136636,73,92,0.32441437244415283,0.42432568985653535,0.0,0.02634853776462146,1.0511544957217298,0.8459924201672052,0.006263548824533677,0.05976668725700073,1.0951164425403423
18,104,fit,1.1198612623814015,4.0674706097623545,15,15,0,0.3624219787473964,0.23875057925410656,70,75,0.30114123225212097,0.32558052369459656,0.10895351,0.05926732217786372,0.3400931422038452,0.760900769018717,0.0038947592112308182,0.037163732931591774,0.8321864811771844
19,112,fit,1.2068144194819679,5.114613406358618,16,16,0,0.9882667745538473,0.5266936628972402,78,82,0.35990622639656067,0.3862842193314495,0.074919954,0.0,0.26286767638613817,1.3373224053457586,0.02254298467866175,0.21510481563608538,3.9822715432285825
20,111,fit,1.1533922778341785,4.583609570289716,15,15,0,0.9282233639701387,0.1259779357707835,78,81,0.35472023487091064,0.3806511145874836,0.008177728,0.03177123991600099,0.4937166007102801,1.6958887888461818,0.030910448135370756,0.29494702419246904,5.576760590889856
21,97,fit,1.1109953247890252,4.610098476690849,15,15,0,0.559533020444718,0.9965005536113571,63,67,0.2618328630924225,0.26396408688690415,0.22496636,0.28878248089218117,0.09327706378703313,0.5428271302721075,0.003189586197144843,0.030434982797183614,0.7789656493101175
22,99,fit,1.1072633927402975,3.13359261347517,10,10,0,0.2368326581157958,0.028252590930257858,69,59,0.27528083324432373,0.21668158897070014,0.0,0.14527122496382827,0.5788491444462067,1.4908533719607555,0.007306422922018957,0.06971777597346332,2.258534769171856
23,96,fit,1.0364965881890906,5.168847615590887,14,14,0,0.41245379779411123,0.15189752032756862,63,70,0.2276235818862915,0.2521427771937467,0.23864686,0.3952688092388308,0.23910459990330374,2.4019277014715037,0.01828469901504721,0.17447231884587033,4.835104626915813
24,105,fit,1.23300746734812,3.9446184244075977,11,11,0,0.22653443677617927,0.06358854746355475,76,77,0.3339241147041321,0.3267252534267981,0.2918901,0.3997552891490997,0.5453407849386748,1.9555357840085366,0.012668829125665127,0.12088577409985808,2.8563523501854817
25,107,fit,1.1332289935238746,3.957914032703484,16,16,0,0.6942327955246882,0.44098759521845987,72,62,0.30060192942619324,0.2333967914938565,0.07344079,0.0,0.6651881236921086,0.7806677888949174,0.00523721763132754,0.049973450680606296,1.3113454720687694
26,103,fit,1.1779252162124543,1.592642170314479,17,17,0,0.3331524984022208,0.0337825569751973,67,65,0.27189919352531433,0.2522477307612106,0.13090037,0.07982353804844738,0.19372691266542702,1.2526278594141362,0.004982905935293359,0.047546812359669455,1.1862201432168011
27,110,fit,1.2249530563978375,3.561751408525402,15,15,0,0.2488772499924529,0.14795720782838112,77,77,0.34328630566596985,0.34197245192714276,0.014559249,0.0,0.0635187254699352,0.002429392175744278,8.499669891498627e-05,0.0008110372033872735,0.017040846048396407
28,105,fit,1.1023301198345004,3.0641474026919613,15,15,0,0.5362195932234789,0.7492040424180629,72,72,0.2864900827407837,0.29306574680053943,0.21555296,0.23109842639583258,0.462900050807984,1.0139349429426194,0.010395730917638828,0.09919590570266057,2.303123445804476
29,107,fit,1.2491906502057413,2.58570671033176,16,16,0,0.46845939604977016,0.1330448677964897,72,69,0.33909931778907776,0.28704655714545513,0.23848513,0.10988660639394524,0.5034827160196628,0.6757007154033212,0.006117047614651478,0.05836877494896448,1.3301307034174308
30,93,fit,1.0812638674079962,7.499074566926833,15,15,0,1.5320459654405223,0.18980779396139968,58,53,0.21137849986553192,0.18032241056801418,0.1604408,0.30197365292020356,0.3207685358248132,1.899598448185166,0.025587949719769784,0.24415982557032237,7.303563671262134
31,111,fit,1.2722511195594275,3.710826569835496,14,14,0,0.2971203171105272,0.12219948092791154,78,76,0.3596530854701996,0.3249494867045046,0.31765443,0.3629954699842793,0.46307881239461124,0.6840154593041902,0.004181022373086193,0.03989525165158581,0.8737835347825275
32,93,fit,1.0943040421990906,2.5268988601943505,18,18,0,0.29305141765925197,0.07489129478521347,56,58,0.21801342070102692,0.21074357897957138,0.0,0.0,0.1871097678467349,0.11862080258803472,0.00023068370690756444,0.0022011804094233247,0.06044306707615681
33,116,fit,1.1863402179405582,5.789709392509369,14,14,0,0.48951188798590073,0.11112421923137888,83,81,0.39092013239860535,0.36707917250305266,0.0,0.0,0.26453342827127335,1.1719101875005145,0.004817752297429144,0.0459709188685987,0.9516995537201751
34,91,fit,1.1140369545761641,3.4586693327146367,13,13,0,0.490285070047045,0.10419920192484709,60,64,0.23872195184230804,0.24194116936239926,0.19785726,0.15760837743684222,0.23321257521414038,1.9466621313582118,0.010370094386427177,0.09895128231323641,2.7607311889919135
35,92,fit,1.051560133183086,4.223780842508087,12,12,0,0.1274391365421087,0.03577624385847543,61,69,0.225594162940979,0.258059700663827,0.3024692,0.3528937368971291,0.33800006694602425,0.6500502176723377,0.001908768997476947,0.018213444632413617,0.5082748699674058
36,101,fit,1.1418800964507936,2.0170794368385523,19,18,-1,0.4086498280289962,0.3953329109983027,64,63,0.2574159502983093,0.23817688175469548,0.0,0.0,0.2811018756790964,0.9750369632035847,0.003251104644308462,0.031021990880805934,0.7882994249443207
37,120,fit,1.2993600090247528,2.632007191463091,23,23,0,0.3377442966616815,0.4107514001495994,77,71,0.34541216492652893,0.2910790667062509,0.20697261,0.3145011341676188,0.5228624561639585,1.4646554290529463,0.011147561730319383,0.10636986383892541,2.1354042503067556
38,110,fit,1.156305914963228,4.622235004007164,15,15,0,0.44800330754555684,0.043634429533154585,75,71,0.3159308433532715,0.295665590438373,0.0067206775,0.19670540443952825,0.20143316741722633,0.7015132402892096,0.009729496666256115,0.092838708647482,2.140025274056462
39,101,fit,1.2967507356028085,1.3986934009209726,14,14,0,0.23753577199594622,0.20933773006584236,68,77,0.3006303608417511,0.3335478740867031,0.15890956,0.17982280920574117,0.4132077156607617,1.3158107314527385,0.007751780305282696,0.07396736932521655,1.5994734126207497
40,101,fit,1.2047288436669652,4.27095049214033,14,14,0,0.3128043372079292,0.10501011147483826,69,71,0.2951063811779022,0.29083907374294843,0.2944967,0.3750296585880231,0.10829926791226513,0.9636699137119695,0.0047976693650944365,0.04577928783487058,1.0936133341920198
41,94,fit,1.0538224688283295,3.8283635076789104,15,15,0,0.7546118642725146,0.08611024447056602,61,62,0.23761756718158722,0.22205231251110205,0.2683707,0.3904903055378059,0.1663386305355784,1.4690771156815168,0.018331925107052123,0.17492294949477216,4.653646316477429
42,107,fit,1.1769833011366564,6.0066014196465956,14,14,0,0.6076718842380378,0.13759812947971964,75,93,0.34134581685066223,0.4663324182194044,0.0,0.0,1.194574754424048,2.3657195930669945,0.02164922559343229,0.20657658009000276,3.7236165837270674
43,97,fit,1.1139197440713615,2.724635158825584,21,21,0,0.6255350051737547,0.1410539071971741,58,58,0.2173788994550705,0.2046293711690632,0.07510351,0.0,0.1374373288755297,1.0845434513499388,0.004552053521792008,0.04343562520793901,1.1224648589694795
44,98,fit,1.1085902323243808,3.732392083443043,15,15,0,0.3637469306810432,0.37529234927177274,64,74,0.2548392713069916,0.28318902358038733,0.27519,0.39622518496252385,0.31313862754797345,2.4794722499128916,0.016840166143011575,0.16068860823484327,4.055139136979122
45,109,fit,1.0461741526767152,6.51769308229359,14,14,0,0.5303396517669493,0.16450980905700457,77,75,0.3313712179660797,0.3242349099583544,0.0,0.0,0.09168093700482002,0.9707431313998676,0.012937080120045604,0.12344542099280156,2.775185252135373
46,100,fit,0.9884095993822631,4.027738612451261,16,16,0,5.050773426420726,6.087133872942924,65,66,0.2643054723739624,0.22749114433456946,0.25547045,0.3394982791843236,0.35986042317624006,1.668981720863302,0.0076625265609510254,0.07311571145945635,2.0728320928921455
47,103,fit,1.1716584745667646,3.8349446182902334,18,18,0,1.2296086206918286,0.5172772115417403,66,85,0.28176388144493103,0.36738162667974344,0.120145634,0.10781331943861706,0.9738355020877304,1.5379642019986575,0.01747910097127698,0.16678531461142157,3.2156534529867766
48,98,fit,1.20104456349758,5.077243760323339,11,11,0,0.1610569687519086,0.07758351749268251,69,79,0.3133154511451721,0.3443413794413239,0.090483114,0.12220713515349788,0.2961590131191194,0.7933069668881059,0.0040126480904630075,0.03828862681739511,0.8871674414015045
49,107,fit,1.1842905386088667,4.811368045683692,15,15,0,0.35462267754314053,0.14056300012047854,73,77,0.3152022957801819,0.3159486196464391,0.27980366,0.3631473419046575,0.05432636758443995,0.3013513818536789,0.0031350735498484814,0.02991482394893589,0.6608976756729449
50,96,fit,1.1633787895197143,5.856899681020988,14,14,0,0.8159975264947471,0.12793822919542516,63,62,0.25745686888694763,0.23861801104720035,0.1963673,0.28790094862541943,0.18931454511778315,0.9862647877813037,0.01305614983640442,0.12458158240843911,3.2909115550209345
51,105,fit,1.0317740128088562,9.335386400144177,6,6,0,0.2750003877351233,0.025171393633090455,80,72,0.34444084763526917,0.28739474567821965,0.0,0.0,0.5465660938971256,1.8275945103038165,0.008922454164186525,0.08513792141399355,2.5838024752578628
52,99,fit,1.0582551652679184,2.9604362087952536,18,18,0,1.2425631342995882,0.09032555227871468,63,62,0.23153208196163177,0.2277836118164873,0.16320841,0.25857240535499637,0.22106361119094206,2.173500550652433,0.012792868093840677,0.12206935204046447,3.1930782353645273
53,96,fit,1.0802632185578414,4.099613054261495,15,15,0,0.5055401529605991,0.07102801541539717,63,59,0.25687316060066223,0.21362266107676417,0.35118935,0.37677210604133543,0.521034906680448,0.8771437014399136,0.008229092200598113,0.07852187214311176,2.224101994169294
54,93,fit,1.1431918526962268,4.466051406021348,11,11,0,0.14528595096517039,0.09617506400961504,64,62,0.24739007651805878,0.23620265466730328,0.15254961,0.08493581145122812,0.10433150890455202,0.14244201577732124,0.00034090355660243085,0.003252896532465943,0.09819091204526122
55,86,fit,1.024428973560522,2.0820159053672094,16,16,0,0.6877471381952741,0.0606538582430108,52,51,0.18463930487632751,0.17211482871982567,0.0,0.0,0.12843262655825888,1.1428012797945597,0.010304825058015742,0.0983284833780128,3.129511976888233
56,94,fit,1.1160650942629387,3.5280112486505186,15,15,0,1.783544231762262,2.116435995179541,61,63,0.2542005479335785,0.24015322361352354,0.14538994,0.13500922777169277,0.13544526981326513,0.49129526251636846,0.002470401447341955,0.0235725328944843,0.6540901477615012
57,103,fit,1.1726356299641139,3.4977756425974125,13,13,0,0.17341116228915318,0.041344458677779784,71,69,0.29864346981048584,0.27526861234885536,0.0,0.0,0.23863266753669019,1.8066490487659015,0.010311073564437393,0.09838810653089115,2.6105350645687313
58,100,fit,1.1440640616911029,4.32188242542826,11,11,0,0.10688350836175405,0.09861504681929963,70,69,0.28340575098991394,0.2632522631536249,0.33187464,0.3867694211892701,0.20874424999319996,0.8403319788732895,0.0025286599829360662,0.02412843495168002,0.6592449674454217
59,109,fit,1.1673629142432853,4.613130620421583,19,19,0,0.39611692383651187,0.21597717493217344,72,79,0.2986084222793579,0.3376946102231385,0.28379974,0.2825045425522826,0.39811829465041,0.24411767956325803,0.002537389467065185,0.024211731555965503,0.4762542323202979
60,109,fit,1.1731080174895274,3.8030900710249638,14,14,0,0.3660139260798375,0.1831602519213426,75,70,0.3183061182498932,0.28319610356912095,0.24997516,0.149283022925389,0.3379129860701505,1.3257163141299277,0.007109248700847789,0.06783634256534149,1.6999882660703227
61,104,fit,1.1568794803643132,4.247937422524704,14,14,0,0.2162655312594053,0.1539829561094182,71,70,0.28437772393226624,0.2768547330576932,0.26030034,0.24823719713761133,0.15130152328018148,2.1950454249134816,0.016301727024215826,0.1555508303837388,4.0407017780282395
62,106,fit,1.2874907997746283,3.3409104055059977,8,8,0,0.490566054626772,0.18902575395215454,79,80,0.3779212236404419,0.35912038396228024,0.13424656,0.3041123998423877,0.19002613306073052,1.021075199219645,0.004780544625065956,0.04561588382696523,1.0664073949550161
63,129,fit,1.2316117453362203,4.278929976828877,24,24,0,1.3895908131185402,0.2861643471310211,85,96,0.39965054392814636,0.4805911432294309,0.084476195,0.05335142099532373,0.7810880334909582,1.3550500619155044,0.016481860221378784,0.15726965860094258,2.2435812213093014
64,94,fit,1.0953881085582093,2.1709876213127517,18,18,0,0.3166908993004467,0.3244245759758172,58,59,0.2171909213066101,0.21537156328361623,0.027715873,0.03439562899221422,0.10596924073093404,0.3321342925436324,0.0005933497083721259,0.005661733858512651,0.15443643675297336
65,92,fit,1.1283670761981484,3.0981908070716457,15,15,0,0.2824269189809648,0.3140488297756666,59,62,0.23199637234210968,0.23070122281756134,0.0,0.0,0.02203371061213681,0.5807788259290199,0.0023861588299353776,0.02276869112533757,0.6416576587216912
66,111,fit,1.146587846960403,3.0006856072325823,13,13,0,0.3271133106688175,0.0957119775065894,79,66,0.28316763043403625,0.2558997978271513,0.19927458,0.12830071825321276,0.45018283715898016,1.5768972687239255,0.006899708278389398,0.06583691105333395,1.7978631261262337
67,99,fit,1.148097211155367,2.929429522668411,17,17,0,0.8027193530484596,0.33690137522597235,65,64,0.26332345604896545,0.24593066395492283,0.0,0.09060945520401219,0.2722505750286654,1.6464415676502668,0.010492900380261986,0.1001230952315075,2.55202309462685
68,90,fit,1.0247877353034052,3.0664947016778057,13,13,0,0.250929374067591,0.10018136644565832,58,59,0.21796637773513794,0.20951661304088934,0.15987691,0.12580351237920648,0.1396785667219869,0.6741008912013411,0.004945651595905471,0.04719133202199877,1.46519854251516
69,99,fit,1.1021548857278833,2.85383874336586,21,21,0,1.7963039409199253,0.2969806424085241,59,56,0.22696039080619812,0.19599615119389832,0.0,0.0,0.3992394080068524,2.3499550400667206,0.017917286601883187,0.17096647520880903,4.5034034757547605
70,116,fit,1.0232970106756654,0.47461976504156456,21,21,0,0.3138321770329363,0.23752837278768593,77,95,0.3287889063358307,0.4436993253430474,0.0,0.0,1.1330225496188295,1.5762807063662858,0.01245435593540237,0.11883927419277071,2.001900903296819
71,107,fit,0.9878906284495405,4.72642180599078,16,16,0,0.4659254061126681,0.20385404613208336,72,67,0.23090748488903046,0.23333662198942756,0.22430255,0.3560090070344727,0.1605139891425682,1.7613621385839744,0.008553732590358215,0.08161958578586083,2.2564775380926996
72,102,fit,1.1365742732935187,2.8602338515597037,20,20,0,0.36747836915184834,0.3192857084119138,63,62,0.24736909568309784,0.23322241635426263,0.026399886,0.0048639086458448924,0.15759870584635827,0.5292040661944876,0.0019676942247786647,0.018775708251704815,0.46080157479927025
73,98,fit,1.1974167044172825,3.411154635804437,17,17,0,1.8138237761947043,0.1136808668216134,63,59,0.26198673248291016,0.2261199117693804,0.08436871,0.15009769425697522,0.36298375318175197,2.094648077229078,0.03186223587328698,0.3040289682565551,7.444476719282447
74,105,fit,1.2504920952600274,3.876831220741934,14,14,0,0.5532330392383726,0.13844042808234344,72,74,0.3208972215652466,0.31828827525554243,0.0,0.0,0.16835152545778076,0.7466156775753328,0.011454611614376161,0.10929972914481069,2.402313366755983
75,100,fit,1.0605938268605963,5.194314811576786,18,18,0,0.2804642808168598,0.15788879761001906,63,59,0.24242925643920898,0.21307660844215964,0.2490876,0.2176819878182911,0.2818544819635824,1.1265621072599152,0.004679802021859454,0.04465459944522379,1.2338346955908184
76,93,fit,1.1517734467697824,4.4560065643179145,9,9,0,0.13694442319523958,0.0687324602342536,66,66,0.2839421033859253,0.2603495299364038,0.268148,0.17146062715545085,0.2335457993307182,1.0742376101029614,0.0034331569988740123,0.03275913166864516,0.9700911527460796
77,109,fit,1.257017349904867,5.183963404954346,11,11,0,0.17671437953234226,0.07575147490601407,78,78,0.38417455554008484,0.3498049489716578,0.34995744,0.3720741609276935,0.3587962978460656,0.456474759851548,0.005162451071536852,0.049260029308557746,1.0852660999838362
78,98,fit,1.1871861799067356,8.156857670808275,8,8,0,0.22512880745590524,0.03355465560394328,72,68,0.3140000104904175,0.27898768782103023,0.1350605,0.18134258760001007,0.4704712501526372,2.1311254909695996,0.014837708689116014,0.14158118978164136,3.9933966794301505
79,96,fit,1.107451068780589,3.8242547944305496,14,14,0,0.393976215786255,0.3545067976651263,63,63,0.25008273124694824,0.240131363482078,0.12801367,0.10675850860161745,0.12861697788674525,1.1327197777950082,0.007778735817922093,0.07422457841528715,2.0544985553096975
80,108,fit,1.1441545403055735,4.6933689073399325,18,19,1,0.723330720673518,1.2259746127230546,72,71,0.3018993139266968,0.2838213167618438,0.25283462,0.27874063170032887,0.563947075608427,0.7483753636974444,0.008960800261031503,0.08550381928465174,1.8909914678455313
81,96,fit,1.0282140608798267,4.819596767282451,14,14,0,0.2232493467102117,0.18257797572663453,63,67,0.2478310614824295,0.2531526461690825,0.2983442,0.31558215005795487,0.4923370518371464,0.45400040237882594,0.0017072662084704243,0.016290708096091833,0.44546251382945984
82,98,fit,1.1200276710870567,1.548567437264247,25,24,-1,0.6142969710918431,0.41702119330909443,55,60,0.2034716159105301,0.21079521733379467,0.19680111,0.29135766434612836,0.0257649740398209,2.4312159039396666,0.018645734640702183,0.17791731527387578,4.412511310438239
83,96,fit,1.017378224416585,4.565716708766947,20,20,0,1.3080435122254075,1.1340820868779262,58,62,0.2127426117658615,0.22289312450244494,0.17853124,0.2898548556284225,0.15449939597471601,1.3739327593107333,0.012716852188922753,0.1213440094362858,3.0785475957840585
84,120,fit,1.2085809506764846,3.144343791940508,18,18,0,0.45064075277553844,0.21339781391758905,83,83,0.39250946044921875,0.38442121304222177,0.027952626,0.0,0.15857577498512174,1.2572556447455083,0.008515376899581147,0.08125359637004911,1.5065373194794158
85,98,fit,1.1499987395188416,5.861429242302061,14,14,0,0.9398659700700547,0.183386057308332,66,73,0.27718284726142883,0.3143759908112632,0.18553689,0.12135128865084581,0.3638842181394048,1.9266009579617827,0.015331254079583249,0.14629059236243558,3.3107665009005407
86,96,fit,1.05001795930007,3.4711797077217947,19,19,0,0.38228578441055566,0.3300952306180454,60,59,0.2345188707113266,0.20992546688381938,0.0,0.0,0.263277377334768,0.8081088150393465,0.0036141550346896903,0.03448621216306956,0.9375118213011471
87,104,fit,1.2330559155516652,3.1637627172509846,15,15,0,0.5677713479681679,0.16560300053728993,70,65,0.3155215084552765,0.2588345007970493,0.10723839,0.03046642329750423,0.5936129118994101,1.490637722656993,0.00986647517933063,0.09414575552796402,2.3368378778952943
88,98,fit,1.1785323585461267,2.4073951603885573,13,13,0,0.3220125952382891,0.17939294780906836,66,77,0.2835600972175598,0.3325780881224322,0.07839246,0.1645615944208709,0.45701591360330823,0.5220935841750477,0.005068873073115423,0.048367109476292205,1.0688638175067613
89,100,fit,1.1904658775702466,1.8747676098798223,15,15,0,0.1934454551167462,0.20035489191066558,67,77,0.2919447422027588,0.33199330943462324,0.0662308,0.0,0.38456246790010834,1.4206444643697562,0.007709837011531146,0.0735671470565949,1.6257536147941796
90,97,fit,1.2920657778657354,4.390311273387328,6,6,0,0.07297739805896489,0.02721305889346599,73,76,0.34540849924087524,0.33401935851273645,0.0,0.0,0.14606611237377157,0.6772073874320509,0.0023431635615562977,0.0223584309308807,0.582567362313273
91,103,fit,1.1916757260264081,2.2545020810712697,24,24,0,0.5801533538657881,0.16150614318971554,61,60,0.24060168862342834,0.22267571767566846,0.036569465,0.0,0.197610387304621,1.3198332925302374,0.006479834267684298,0.06183047965347612,1.4191756240452378
92,107,fit,1.1639147454545669,6.168156480063085,16,16,0,0.4125654782204637,0.24075267363037442,73,79,0.3221352696418762,0.354868586958829,0.0,0.0,0.3546447269623671,0.4759410709219456,0.005331569974774116,0.05087375930127973,1.0313742134858566
93,97,fit,1.07357044190817,3.426044184197474,19,19,0,1.2106515182846465,0.1333521282558415,59,55,0.2265939563512802,0.1943775226155864,0.001410076,0.0,0.3223198955987094,1.8441144475160693,0.016259938398866507,0.15515208395864988,4.1743489064365775
94,98,fit,1.2052378829033104,3.553246830722848,13,13,0,0.18120045081485342,0.09326766939972482,67,70,0.28759780526161194,0.2877634220909811,0.14927827,0.03884743654228568,0.0668184889588313,0.8298661058583084,0.004084009913653565,0.03896956024478592,0.9769042223350863
95,106,fit,1.1478675716713218,2.496386229215596,19,19,0,0.9910377195656006,0.5477192865610145,66,57,0.26108887791633606,0.20819608721923624,0.015153091,0.0,0.5165989573198266,0.972102701386031,0.012477791645465565,0.1190628973803966,3.062445830752615
96,100,fit,1.2498024864195787,2.1540408336619064,14,14,0,0.22108151843585966,0.0676607473025446,68,72,0.2959176301956177,0.2923632162379662,0.0,0.0,0.05258873143903267,2.2683282207639723,0.017810179652761854,0.16994446233551386,4.190044803959955
97,103,fit,1.1357890179299883,5.032065170673433,19,19,0,1.1024427221049922,0.3124588796999362,66,70,0.274862676858902,0.2875606243056628,0.20005718,0.17741879057550416,0.12817002393780325,1.7178462107964596,0.014383275868857405,0.13724499874863935,2.9586318096806803
98,102,fit,1.2213849739933675,5.661981031354807,9,9,0,0.38655376653189355,0.033900851831387795,76,74,0.34798166155815125,0.31857852236365414,0.29914907,0.3994946457190699,0.2869730831173977,2.0155057138905383,0.024563741271612736,0.234386844194778,5.6641431501893855
99,112,fit,1.3304772403590515,4.479864803858675,5,5,0,0.061705826403877125,0.016005572271018696,88,88,0.4277842342853546,0.4323789528946144,0.0,0.0,0.23613604025895385,1.0499021514458358,0.007112120520558667,0.06786374542517812,1.4176293785614213
100,116,fit,1.048552371804086,5.855753705001037,16,16,0,0.5707089030782354,0.16033266234274723,80,79,0.3473624587059021,0.35193125054349844,0.1531031,0.06942808467181104,0.051648509840458635,0.3042144981073838,0.0019251182455411022,0.018369448907834943,0.38043435255480246
101,103,fit,1.2079885663630403,5.1103074282125736,8,8,0,0.12121695621422453,0.047189759283628466,76,74,0.3383234143257141,0.310814293403256,0.18390651,0.31040973931094995,0.2669866417629701,1.0170629340733794,0.00373854836277847,0.03567317140055792,0.9432448233140175
102,95,fit,1.103505341334137,3.3529896965397334,18,18,0,0.25635932919974463,0.20218126698289726,59,65,0.2308068573474884,0.2480112054036831,0.0,0.0,0.22304873122925636,0.9792618192611092,0.004833747777380454,0.0461235474940883,1.1577922081350644
103,114,fit,1.238920236431987,4.222045979252412,20,20,0,1.5135767223952232,0.3023866631032841,75,67,0.33846405148506165,0.2741290019800511,0.32494307,0.3475314137303653,0.6313873336990449,1.8042886445244317,0.02186415864874964,0.20862746802242021,4.350487844479519
104,105,fit,1.2052177128749189,3.939620494074746,19,19,0,2.3016566553842415,0.45350072002195524,68,62,0.2815135419368744,0.2408558317542258,0.20613468,0.26565538576591174,0.4172130371981563,2.2813938935229707,0.03821587756849984,0.36465532031011294,8.008324817306466
105,106,fit,1.2477165054116,3.2861147949776646,16,16,0,0.495057082157458,0.2230254154878318,72,71,0.3198355436325073,0.2983176185828657,0.19765395,0.004188603107496199,0.21078899951277902,0.5727946582724673,0.00762449843924945,0.07275284770276193,1.6252091125286414
106,101,fit,1.1445912919028312,1.656408040678447,15,15,0,0.21641566135102638,0.09908138186976752,67,62,0.27019497752189636,0.23535767128701932,0.0,0.0,0.3349003422095897,0.7910277698382465,0.0020915360347463032,0.019957404911701365,0.5485703195189625
107,101,fit,1.1152536885098587,3.6161795463226096,15,15,0,0.36123905826850655,0.17781638229929525,67,62,0.27776795625686646,0.23037738581631545,0.30294767,0.3853326611760098,0.4909659898215815,1.0183771227239367,0.0026608793507941456,0.02539007014116551,0.701058729529822
108,117,fit,1.1791345080164601,5.316997403610506,14,14,0,0.6411455312609412,0.19136829786736878,83,77,0.3483065962791443,0.34652360555301637,0.05910349,0.004113398577908164,0.19697198849804254,1.227133525726403,0.02245946113773632,0.2143078352837435,4.382677001039413
109,122,fit,1.2554296177933828,4.809865003681238,10,10,0,0.4037559606188941,0.07794191428824733,93,86,0.43639838695526123,0.4033605730205628,0.19121492,0.1596604967335324,0.34111577481542893,1.1881014627190634,0.007931397223429943,0.07568127121593457,1.5701112247472242
110,103,fit,1.211073141648642,6.677851107266189,10,10,0,0.20904374784530955,0.04131908903612178,74,83,0.3438223600387573,0.3867202418671821,0.0,0.0,0.40830833943866024,0.8239208972613928,0.012124590416825457,0.11569265664909786,2.412748109965975
111,103,fit,1.1662773622261584,5.048016883513371,15,15,0,1.194876103982552,0.18783699453377461,71,66,0.3126063942909241,0.2677820768152166,0.22545953,0.3014448626804174,0.448812547137746,2.415283376508965,0.030462358621258116,0.2906713608898675,6.807729404597585
112,100,fit,1.1128605888439473,4.90737239899043,16,16,0,0.6107370392314273,0.29118900252115093,66,73,0.2773553133010864,0.3125157134984829,0.26353776,0.12762831513576786,0.43355877526378805,0.627891403888297,0.003943779692769989,0.03763148561803424,0.8262085356399307
113,96,fit,1.022420489570556,5.19169125991369,17,17,0,0.6795531038928292,0.3906154518685378,60,65,0.23798473179340363,0.25401221529584983,0.17822033,0.18811286156940155,0.4827458507967713,1.023492671024862,0.00949071915676003,0.09056029729732853,2.245421117969164
114,113,fit,1.2635212540970309,2.605085089754248,13,13,0,0.8581999597535641,0.0750841308284296,82,70,0.366098552942276,0.2934133886951955,0.0,0.036336753034858914,0.7269643893258582,2.3474467456086305,0.025412420778495592,0.24248493109251518,5.684822619420526
115,95,fit,1.2974938871555262,2.4836784214487118,7,7,0,0.17179516628343858,0.03859438059767426,70,72,0.3115204870700836,0.30588427886880115,0.0,0.0,0.11408176374863424,2.017641733823089,0.016103876297998768,0.1536629417747974,4.05171878953163
116,120,fit,1.2210971468751044,4.843525259050053,12,12,0,0.2989790143845966,0.11707433581448723,89,94,0.41981470584869385,0.4532886801809384,0.08597752,0.030130726689010782,0.3441986716431992,2.463375067896438,0.027404535243748224,0.26149365690599446,4.898121183707465
117,104,fit,1.2036798709720975,2.598281523818344,18,18,0,0.2755895005401835,0.32323733911732105,69,75,0.3145838975906372,0.32264368004630684,0.18596175,0.0034236117318371772,0.0847592691536075,0.43466890216403326,0.00260815534464907,0.02488697847947586,0.520703020060596
118,92,fit,1.0814923527795313,3.758610238655494,11,11,0,0.2423913699925341,0.13197104831343615,63,62,0.2439415603876114,0.23016606952560603,0.13269454,0.0847069110845225,0.15952750907038332,1.6330053157989561,0.007376550916380763,0.07038693622500727,2.208803738379737
119,101,fit,1.0941147290627093,4.844853931159453,13,13,0,1.0095721011253267,0.09578198206748278,70,62,0.27765730023384094,0.2393907543523272,0.27338642,0.32292419005356326,0.3793686023024808,2.221611620496128,0.040134365724876685,0.3829615050083653,9.89512196636467
120,102,fit,1.0660664629332703,2.166850589873423,19,19,0,1.0159978699561927,0.5345798453148922,63,58,0.24291326105594635,0.20625916102876743,0.005857012,0.0,0.38328512478138077,1.724079577971247,0.010420645428562494,0.09943363958551997,2.7086136181544624
121,98,fit,1.0992206188839198,2.399876200673236,18,18,0,0.289853993608599,0.2160915353353443,60,59,0.23032861948013306,0.2083585165787981,0.0,0.0,0.208184283815222,1.9590990314757213,0.01133824020608113,0.10818931494352224,3.055237041571518
122,99,fit,1.1031637019538587,3.166592908285717,15,15,0,0.4021604334773946,0.295244922943336,65,67,0.2588321566581726,0.2560118655152723,0.21611004,0.2714118466927218,0.15756209492957154,0.03531078574141072,0.00011766369186020014,0.0011227451513377877,0.02935702092272745
123,107,fit,1.1055399185268733,4.836472694068038,15,15,0,0.4641837701329807,0.5092099767368714,73,71,0.2872193455696106,0.2821893722306601,0.31036842,0.34867335949834155,0.12872924476270678,1.795619504260175,0.009429016136572311,0.08997152802072815,2.2452110048789615
124,99,fit,1.0984565313403878,4.668709516742698,16,16,0,0.47921954407852063,0.3222646688266942,64,59,0.24591168761253357,0.21493010588830588,0.21712966,0.3503808343933266,0.31103363000255513,0.2764802814601599,0.0021489635573607776,0.02050537745573261,0.5694744004295654
125,93,fit,1.1554551351814648,4.9221508654076755,10,10,0,0.19501490621844061,0.06150621623916699,65,60,0.258470743894577,0.21739736783741617,0.1769524,0.21687977759674235,0.41744956689983487,0.7483964719475394,0.004776447975584554,0.045576793660157953,1.453444199193034
126,106,fit,1.2658557497178116,4.749943904733555,15,15,0,0.5103317410447036,0.16187475080328903,73,81,0.34208565950393677,0.3544838470137298,0.31826413,0.32501152989968335,0.5735272901313387,0.4034945436725085,0.005563305670303942,0.05308497777007578,1.0653269377102141
127,442,fit,1.1964915262072642,0.7895417820586178,36,36,0,2.607340888632647,0.8976321601933791,65,50,0.25924527645111084,0.15729283580932912,0.29582214,0.2855162631316158,1.0156922025972015,0.6882721508952149,0.008576508190932763,0.08183691021882407,1.6550104425789935
128,100,fit,1.0716770342557758,4.478340430191407,20,20,0,0.6156660105134182,0.11034311235129068,61,57,0.230417862534523,0.19796117242886543,0.18202189,0.1782794201519459,0.3314064851933533,1.4519688799877035,0.007000179328932947,0.06679560428371133,1.7992410752667256
129,120,fit,1.1099478622245875,4.933075109331123,16,16,0,0.4011170080227543,0.14074782909706435,85,83,0.3827625513076782,0.3746464630956077,0.12785839,0.12157181246831658,0.4815548896644654,0.9040944271349838,0.005498854602613324,0.05246998666615767,1.033985074122543
130,106,fit,1.2216181890890088,5.260124229652859,13,13,0,0.39831832463581424,0.24405660615036023,74,74,0.3290983736515045,0.30515130478907854,0.3065112,0.3940151290888854,0.2353237142336516,2.4352797053841355,0.020141904266003104,0.1921937429962128,4.751820796680333
131,101,fit,1.07177029587963,2.945274136809279,14,14,0,0.1869112417209316,0.1647928006427039,67,71,0.2652549743652344,0.2818622566316494,0.07112008,0.0030503385016671003,0.3278009649110044,2.134051146229885,0.015314563868972318,0.14613133462759845,3.8290146533925586
132,88,fit,1.180872626371531,3.02181812873534,8,8,0,0.12658341082417016,0.053529492105065773,61,61,0.24002009630203247,0.22410712785652886,0.0,0.0,0.15391266683598953,0.7611352775755743,0.0019173637537979508,0.01829545566601098,0.6231045877787864
133,104,fit,1.2930324361397603,3.971469594397253,11,11,0,0.3317082471888896,0.09525079462400646,75,78,0.3495290279388428,0.35306516348635214,0.053234212,0.16048212964366426,0.0666986835386937,0.963035472866938,0.015121912756209352,0.1442930606508526,3.0996205526251233
134,91,fit,1.1927238878740045,6.725071077907303,10,10,0,0.2774377018120975,0.07642950831710041,63,66,0.26823893189430237,0.25347072327878845,0.0,0.0,0.14197198172705447,1.0691218841481622,0.0034337663260381856,0.03276494585914299,0.9557709013847826
135,106,fit,1.0233635639368728,3.4997557240940966,21,21,0,0.44405052985831067,0.5041270285062689,66,60,0.2211020588874817,0.1939785762685782,0.23297209,0.29051681385745026,0.4717115951206377,0.2691825693875687,0.0012377545389647613,0.01181063491378589,0.31306331908680457
136,99,fit,1.1844098236657026,5.668258150615341,10,10,0,0.4180575386226314,0.0302672948622346,71,71,0.31505605578422546,0.30184495481801676,0.2665148,0.2651092534491419,0.1279991786333518,1.6184258683111081,0.019942039444975017,0.19028663592533412,4.640533136443721
137,111,fit,1.1241714924479491,3.9947189402040686,16,16,0,0.27128729740070834,0.1459086609306783,74,66,0.31056445837020874,0.25361061149717845,0.28765082,0.3554350556202274,0.5570184590252868,0.5406198401173135,0.0027546630148712016,0.026284952431977114,0.6769356497111036
138,107,fit,1.1581066165133376,3.695139741167612,14,14,0,0.24111084938760088,0.09813099102979284,74,67,0.310243159532547,0.26565425414737087,0.2745328,0.2627262480292567,0.4334809497276377,0.2707396919939091,0.0008167221308486231,0.0077931501035173965,0.20096373936615655
139,112,fit,1.2565060228368792,4.102196484955789,14,14,0,0.7677447297514659,0.11364507383791714,79,72,0.3774113655090332,0.3109379953032966,0.29959676,0.19713321722367572,0.6424883077584924,1.6909282572206354,0.025541184990622877,0.2437135972387679,5.322822455805923
140,94,fit,1.116064890426395,3.5280098784638687,15,15,0,1.7901806404544018,2.116440561552447,61,66,0.25420060753822327,0.25207668481846346,0.14538994,0.1378037111297838,0.04956900253676565,2.3374333322559933,0.016505330409691415,0.15749361077949822,4.370129609623583
141,104,fit,1.087992887358169,4.314471078441751,19,19,0,1.1245659169289879,1.1588953648281246,66,67,0.26286447048187256,0.24932554554460443,0.24128176,0.14659823223265847,0.18468731226297044,2.2864976488703217,0.01756193373301706,0.16757570355932308,4.327125518036703
142,107,fit,1.1009025395750838,4.339518043126392,18,18,0,1.2094133294225882,0.2284502934292045,70,57,0.2825862467288971,0.20256129353438268,0.24476753,0.3379144620710456,0.7759927224058043,1.3185760793430434,0.016762320930128003,0.15994581040198474,4.2234782321917725
143,90,fit,1.0961921669202521,10.86118087861388,13,13,0,0.6962085977977839,0.19939386888586463,58,54,0.22077356278896332,0.1858630614225186,0.17138408,0.16362679356563994,0.3309165130672279,1.217828812520534,0.003144920208927084,0.03000878061953324,1.0066661238285135
144,108,fit,1.1209266046822417,3.44240588216695,25,25,0,1.1417241653005519,2.179990873056851,65,60,0.2728177309036255,0.217187632136215,0.28259954,0.243360459846405,0.5504865318045858,0.03778596966715974,0.0002051411337158396,0.001957453565990836,0.04431233705800021
145,99,fit,1.1453895653818524,2.7788055773336784,18,18,0,0.6589442656500857,0.24281287376896382,62,68,0.2549665570259094,0.2590676221152546,0.0,0.0,0.12052065122006707,2.4317459512662887,0.019853844995231715,0.1894450858323637,4.8295282530221275
146,97,fit,1.210205711567616,3.1609132108195626,10,10,0,0.44986930471998315,0.02815389079315238,69,70,0.297112375497818,0.2884107269944566,0.18564501,0.07619462619927736,0.13038237155703492,2.432111140426567,0.01919739056039333,0.18318120763734094,4.812402281498352
147,93,fit,0.9811862570112032,5.060449799454406,25,25,0,1.0579490066471136,0.5120831241241822,51,57,0.17076051235198975,0.19725153281789154,0.0,0.0,0.3137867138092855,1.1376092148311914,0.004687796018896681,0.04473087804290726,1.1536460712748597
148,117,fit,0.9444294604054964,6.878699555102847,26,26,0,1.5906267129284128,0.7446052741512824,72,77,0.23225152492523193,0.32337114212283674,0.086237445,0.11223316674525816,0.8891237756993899,0.8982693209606524,0.002784043418700475,0.026565299796760256,0.5158912085349374
149,104,fit,1.1845982042513066,3.0189313224230014,13,13,0,0.22948443062334575,0.1613477105449626,73,72,0.3086070716381073,0.30266209104805225,0.06944033,0.16857142243014406,0.1594879128182543,0.9271112982463164,0.003993913563099225,0.03810986224331322,0.9130436616381309
150,99,fit,1.1658225913066276,1.549300016563908,11,11,0,0.16502568370937784,0.0889165574945659,69,71,0.286848783493042,0.27910425866812727,0.116507605,0.3143796696535767,0.14100933299236992,2.424944465469391,0.01844829408045964,0.17603334046240113,4.837873919269784
151,103,fit,1.2773391375228995,3.247129064234868,11,11,0,0.696689194378451,0.08676562810302924,74,66,0.33931782841682434,0.2759467737886477,0.22043782,0.22094982549517167,0.6125893746313409,2.017275114119783,0.03739327350582541,0.3568060449029142,8.70011221822277
152,97,fit,1.1376622217713577,3.4404758207622548,16,16,0,0.2257878160131088,0.13923687210935462,63,65,0.27024245262145996,0.2512286215740264,0.0,0.0,0.21930454565427354,0.8316818163487384,0.004227025900750718,0.04033421661021677,1.0517987111673224
153,103,fit,1.2940994529086136,2.3069765023472284,12,12,0,0.16614735686659016,0.17788533660002295,71,77,0.3252074420452118,0.34024620912002845,0.0,0.0,0.20339678797078375,0.9591803011960972,0.004646163178662784,0.0443336181170113,0.9985898542686943
154,103,fit,1.0102687115530171,3.022761429877937,20,20,0,0.5961239375554288,0.6829596297920943,63,54,0.2342858761548996,0.18096223378935622,0.2752509,0.3304531043205915,0.6585209265988972,0.322707460106666,0.0012202996020170965,0.01164408017191886,0.34138187736950565
155,105,fit,1.0680430605149596,3.803035443171324,18,18,0,1.059644662527707,0.1420637302580051,69,63,0.28323814272880554,0.2469867191971918,0.27783442,0.3023692720879863,0.4193568746330032,1.3035443744949313,0.019088298997955663,0.18214025761408073,4.343233699404721
156,88,fit,1.0046882368197194,1.9810101460753078,16,16,0,0.24787946832518354,0.09857755018327059,53,52,0.18868739902973175,0.17367901044957662,0.0,0.0,0.15062549363412936,0.1890904490736378,0.00043025531564158984,0.004105489653068606,0.13646269365554012
157,91,fit,1.0374100824694694,3.312304318994103,15,15,0,0.2532709068405009,0.13396817593826954,57,56,0.20766842365264893,0.19604722215472697,0.01935897,0.11647494815195474,0.1450244801037014,0.7591722160955228,0.0017136954746072687,0.01635205605541287,0.5149816553557779
158,135,fit,1.1867798392390305,3.2534749461584638,18,18,0,1.5372728806516867,0.3113248655915701,98,67,0.3028532862663269,0.2771979598911555,0.2584458,0.2554030581520827,0.8098508933302551,1.805689607472347,0.03517899854957379,0.3356774670760858,7.200367192187782
159,108,fit,1.1355119337704958,4.008045105792867,16,16,0,0.3583333038580256,0.1737374938253347,73,65,0.3147444725036621,0.25796828687109985,0.16716297,0.23399449726283703,0.5560955612035628,0.18457038664641418,0.0012678386191364874,0.012097696747485566,0.30371483304629937
160,91,fit,1.0061952445742819,3.30926275262522,16,16,0,0.5598464326519448,0.15377248710584734,56,52,0.2090037316083908,0.17034729902082055,0.020425983,0.033327640758035786,0.39176191142301336,0.8873327084360547,0.0046733297887774005,0.04459284149596756,1.4501253369937774
161,97,fit,1.0589610076579732,0.9839381395752499,18,18,0,1.6391239901005632,0.20897607230454374,59,48,0.2185087502002716,0.15875875500235204,0.18807462,0.2455940418258023,0.5948600074747877,1.8840785103436928,0.025647414724297678,0.24472723973566485,7.235638733280838
162,93,fit,1.0894507793158577,4.0205324723524605,15,15,0,0.22498641563493976,0.10532929731803395,60,63,0.23887962102890015,0.23824664549835456,0.0,0.0,0.02767182407667045,0.8812866967647801,0.002568768070557332,0.024511145711424924,0.6866209658599517
163,93,fit,1.0363938122757193,3.995234965281971,17,17,0,0.4449635915655137,0.07994097818550948,56,58,0.212155282497406,0.2056121649693383,0.19491312,0.16574989789612973,0.06814877613824404,1.1635955951603707,0.003903676981975107,0.037248826163884606,1.0986102755032923
164,101,fit,1.1004436760195704,4.903993149417315,18,19,1,1.064445923761302,0.22301738775538582,65,82,0.26355651021003723,0.3420362806873116,0.21697521,0.19157485826853246,0.827763803907619,1.445150569382931,0.010913153401119133,0.10413314314044973,2.0993706219998196
165,121,fit,1.1233411331733492,5.433482520243435,15,15,0,0.605334784788001,0.25864276681207843,87,78,0.3971896171569824,0.3472367394184291,0.078774385,0.05208229951103174,0.5474066311926223,1.0221464828529063,0.013458202674469028,0.12841796445104034,2.6811850162145507
166,102,fit,1.1833073756976173,3.8408129710602337,14,14,0,0.49331591324866325,0.1333468186966826,70,74,0.3043099343776703,0.3181525310685482,0.24549676,0.2819669510127047,0.4016318383899622,0.974683362228062,0.012430803326223346,0.11861453555556627,2.651945592986597
167,123,fit,1.1715905236860884,5.100642026862266,16,16,0,1.4612299020788908,0.17945088711758,88,81,0.40472280979156494,0.3564169010103515,0.06722605,0.09888759235695893,0.8218370847935418,2.2708002212097105,0.061387015369263484,0.5857539634471707,11.565666476799496
168,96,fit,1.1162310732803882,5.067602309249821,11,11,0,0.307989267632908,0.14150688993408103,68,68,0.29723337292671204,0.26959361495048745,0.0,0.0,0.2721482105950002,0.625141052000341,0.003181325433281233,0.03035615871451558,0.8421004601146647
169,90,fit,1.063288752671113,7.133256756069043,8,8,0,0.056595508055982784,0.07921320878336,64,71,0.2597675919532776,0.2873652151090491,0.0,0.0,0.2709247296091973,1.3601028846205334,0.0053836760966387166,0.05137095512059844,1.4752948505354075
170,100,fit,1.1934116318093642,5.236338761713236,12,12,0,0.8433948135186332,0.0801362388670687,69,64,0.29615500569343567,0.26327282312928196,0.19431728,0.15311228819081307,0.33021405045029645,2.202149762927846,0.0380895954082184,0.3634503378646794,9.072939021147636
171,88,fit,1.0433925351815987,4.127054683130982,14,14,0,0.23743670565614275,0.06713109584376904,55,55,0.2009834349155426,0.1907996675373473,0.17012201,0.15268683426890112,0.12876285037521545,0.08234105565695621,0.0004998054694471309,0.004769136158846669,0.15634975226608797
172,91,fit,0.9987546452178097,3.5577316414174316,21,21,0,0.26028589255862045,0.4916227281360597,51,50,0.18195030093193054,0.1630359851859672,0.14017135,0.0,0.2005988694048142,0.7818148391731463,0.0026124365341492956,0.02492782952432534,0.7549585417864334
173,102,fit,1.0653587962801796,4.553694404132469,17,17,0,1.3874557975207185,0.674573920614244,66,58,0.2566106617450714,0.20766157375336528,0.26855493,0.3490581862710109,0.48634780355424095,2.0419102953310455,0.015264541193569651,0.14565401902261116,4.044493745516519
174,94,fit,1.037468977084854,4.366763304397313,17,17,0,1.7519165562355359,0.06153524837961916,58,48,0.21669545769691467,0.15670385931424788,0.24038209,0.2895524880219685,0.5984329041490037,2.206991889660811,0.030259414451294667,0.28873487071846055,8.764618434964476
175,104,fit,1.1576467578636325,3.185083167424137,20,20,0,0.5390783944060042,0.4830975381597602,65,62,0.2569165527820587,0.23196684434685147,0.007944206,0.004016149610785057,0.2519331922633204,2.0691080744201806,0.013371767778825915,0.12759320399643048,3.1673376862678393
176,110,fit,1.182024288304467,1.5957875441536837,20,20,0,0.7853906486281306,0.21815012142033788,70,66,0.28884345293045044,0.25518722000634686,0.052710194,0.10182607529167403,0.3282155813190746,2.153957647456669,0.014679600378487749,0.14007252269549378,3.302219338825611
177,86,fit,0.957219376471676,3.218853050102721,20,20,0,0.2738994797083534,0.28777119109571553,48,45,0.1537274420261383,0.1360777876879039,0.17987925,0.033277221714509704,0.20240267333403608,0.7393782158823962,0.002447640569510401,0.023355348945709932,0.8009863862210896
178,93,fit,1.1387459115033787,5.147925121187033,9,9,0,0.1362104719575939,0.06933651330175218,67,65,0.27827879786491394,0.2521182975386639,0.29178745,0.31959147495145085,0.3032612387015758,0.7390293476450435,0.0024342375161032085,0.023227457214725272,0.710354086522379
179,95,fit,1.1040409495794363,5.198847560701682,13,13,0,0.24404376482926543,0.16101946786091048,64,58,0.2504950165748596,0.20706709542497564,0.26011047,0.35808220072791846,0.42014455497493863,0.06963621094204524,0.00035127535206274513,0.0033518640464002395,0.10242890927797912
180,87,fit,0.9638366677686547,1.369213761208039,25,25,0,2.4347191962818533,0.20301414627371134,44,40,0.13714560866355896,0.11417213543134165,0.0,0.0,0.27655266714925464,1.7934683330098613,0.015666743327830704,0.14949182564723953,4.668015710760404
181,108,fit,1.1654165090375719,5.03774754099084,13,13,0,0.7162554698433339,0.12655823704785663,76,74,0.32696565985679626,0.3124788930970627,0.21024999,0.22127364941317526,0.15690580813854713,1.405777889727875,0.024643568268160616,0.23514855217710512,5.242774604845655
182,107,fit,1.2172609411392474,5.1243918048301005,11,11,0,0.39660355541259934,0.07726315785948736,76,77,0.33910173177719116,0.34030231763884355,0.24656409,0.23499372361553988,0.17111878659230953,1.4225122703554633,0.00623002212301324,0.05944677598295076,1.3696541656407262
183,97,fit,1.066413795122822,7.185084050457808,11,11,0,0.33074066917430484,0.13754180017749976,68,70,0.2873097062110901,0.28767743739841334,0.23095416,0.1447734916027438,0.36316990399485716,0.8623095428312699,0.0042849937715489315,0.040887345148367664,1.077159803141302
184,90,fit,0.9878838817143882,2.4706917438861398,16,16,0,0.8516887146311962,0.2920262685304811,55,51,0.19240690767765045,0.17198654440465358,0.0,0.0,0.22731534960266173,1.606259480090674,0.012143506120042077,0.11587315000040149,3.84979091934654
185,84,fit,1.04888085001727,4.476426627284381,10,10,0,0.16950469136313245,0.0674252056047846,55,52,0.20281095802783966,0.16512281519666624,0.11897857,0.23326304195860192,0.39156158841192423,1.3834802632105305,0.011778450479490164,0.1123897946516237,4.342997883488803
186,93,fit,1.0754895900286456,3.4032348242592687,16,16,0,0.629242533276038,0.515445427898432,59,63,0.2396213412284851,0.236790908856573,0.11429868,0.2211894171545111,0.1934580016595984,0.8375199517445733,0.00608273631523673,0.05804137705378559,1.5635830641865736
187,107,fit,1.2201064633726801,2.680551394598326,18,18,0,0.2666024789766748,0.22812094679873882,70,76,0.31869378685951233,0.32582012368243957,0.076208495,0.09233450083135336,0.24446354467585735,0.48780648282699063,0.0032962575922615123,0.03145283962081596,0.6544094858018166
188,93,fit,1.1543190513432415,2.5891409448812683,13,13,0,0.21214926346129584,0.036235628113703934,62,65,0.252144992351532,0.251646733507403,0.019293062,0.0,0.089881625932836,0.2571349744515226,0.0023121718957990357,0.02206270892938011,0.6073411124556998
189,106,fit,1.2068017819967076,2.3067952552594897,18,18,0,0.43932123664044553,0.37870430676909994,69,68,0.2947015166282654,0.271273900257033,0.0,0.0,0.2274400457485028,2.123300398692612,0.015290513249469243,0.14590184398348513,3.4841056647065223
190,102,fit,1.1267007676676626,4.950256387102222,14,14,0,1.2083482595163229,0.21541193407173034,70,68,0.3025207817554474,0.27903379860134164,0.2834918,0.30866014355315274,0.23842833651867615,2.1657996875158685,0.04241734496390111,0.40474565805249146,9.232530561902696
191,88,fit,1.0860583306496356,2.1174600001940433,15,15,0,0.3660977509485676,0.049049247911882615,54,57,0.20173989236354828,0.20573909949353725,0.0,0.0,0.04998661306991951,1.400032855972675,0.0044742255248050155,0.04269299164890282,1.2850444533005736
192,99,fit,1.1393387181122936,1.946635770651699,16,16,0,0.31454024412738,0.48196766187766404,64,64,0.25487059354782104,0.24903531336370258,0.14188689,0.18101860838284609,0.05565643726583895,0.44008640231934243,0.0015134689029295283,0.014441497165358093,0.37184027564227806
193,99,fit,0.9552128245906221,5.165544864206341,13,13,0,0.44072185664703095,0.08105934193707925,68,61,0.24632126092910767,0.20482170157257334,0.28457835,0.3699877024475525,0.47714538748436164,0.49980905754116167,0.001216183180355097,0.011604801339266193,0.37058177374902157
194,252,fit,1.2197176095156645,4.97229820446607,15,16,1,0.5333584817457797,0.2026316998928263,71,85,0.3182612955570221,0.40382184565090323,0.0682302,0.02686939627700741,0.8915735072217355,0.30262414726888126,0.004843342796066424,0.04621510301590099,0.8526389125523014
195,105,fit,1.091021592258013,3.252020665025737,16,16,0,0.28776603898578096,0.21307094367665153,71,68,0.27967673540115356,0.25834279731978743,0.27260426,0.3428379354753596,0.42487650787413717,0.28818168692592944,0.0029033501386273542,0.0277037226968259,0.6971366813011166
196,98,fit,1.0904729351549285,3.4709433830779015,15,15,0,0.28766101776037595,0.12139635751563276,64,67,0.2347327172756195,0.2532023972466492,0.17433783,0.28910924743547706,0.5085066173756533,0.7588741347112157,0.003644267022935297,0.03477354029518413,0.9156693100964958
197,103,fit,1.194230047780074,2.7098442890353907,15,15,0,0.5742302516315273,0.08781196833756354,69,72,0.2980301082134247,0.3042101246501322,0.0,0.0,0.08916441584410006,1.126353906888854,0.015242195881881549,0.14544080039963309,3.2775780289779264
198,111,fit,1.0936271766315147,3.9759147649750983,19,19,0,1.5443772598378986,0.22846030371708187,74,62,0.29238370060920715,0.2119378764769021,0.3333091,0.3624466807637023,0.7890000866465139,1.6115390205725215,0.022588055332053193,0.21553487912264496,5.4419645729607025
199,104,fit,1.2679676682091785,0.5826115930701105,14,14,0,0.6607850997491448,0.16711033686951696,71,69,0.3235095739364624,0.2849618881051058,0.17574117,0.1672107420838084,0.3731662914032055,1.3900955317033588,0.015175120467389822,0.14480076781860515,3.3629222951184246
200,106,fit,1.3099009818481737,2.284926319294527,13,13,0,0.37312040450655437,0.19796624969773022,74,74,0.34523436427116394,0.3222413689343124,0.0,0.0,0.22719319546047592,0.5028278531792407,0.007513412433446967,0.07169286673136419,1.5877042930420129
201,116,fit,1.3238570908481146,1.8019070988722965,11,11,0,0.2793184322895766,0.06586206036551807,86,75,0.38088396191596985,0.3103255119461697,0.35193065,0.34873049488176594,0.7056617626057021,2.3140606880512955,0.01598114088047858,0.15249180229464293,3.7070668158511495
202,94,fit,1.209336450559495,1.4937700268506657,11,11,0,0.3280257043652659,0.10775204691963446,65,66,0.2740646004676819,0.2584849708962636,0.32892516,0.2301445330216237,0.1501549713325243,0.6328031242565026,0.0014668774023677237,0.013996921778317973,0.38652651622031214
203,100,fit,1.0416048074835567,3.261345640630486,17,17,0,0.8244417565916685,0.526116381216488,64,54,0.24509692192077637,0.1837512188770786,0.0,0.0,0.5984528632938051,1.352825162216206,0.008958994502741614,0.08548658876661845,2.545702801976247
204,103,fit,1.1657081037774475,4.891119703691085,13,13,0,0.9307913966667991,0.130775556161874,72,67,0.3229808509349823,0.2795495049803327,0.025175802,0.0,0.5195947274573457,1.9215797692313157,0.029727735409905802,0.28366159742276525,6.836547869742178
205,102,fit,1.2259417097531506,5.403869603650537,11,11,0,0.3365277974455497,0.17540056674943108,73,81,0.3251756429672241,0.36239977934097445,0.10391572,0.14725156800778127,0.35517175418101665,1.4319042438105944,0.00805093436076041,0.07682189275534743,1.7159850991291001
206,99,fit,1.06097662136891,3.9576371128691648,16,16,0,0.5256753427663533,0.19002228743532512,64,61,0.2399580180644989,0.21706329850478154,0.18346141,0.3102466159830748,0.2627918916215909,2.036667011488692,0.009887535926205998,0.09434671685311066,2.7422603703543307
207,130,fit,1.1627444196038557,5.803530092335752,18,18,0,0.8887620470987061,0.11802456978166126,92,90,0.4172508716583252,0.4438068699985787,0.0,0.0,0.3167280720530374,0.9920502074643394,0.014171176009272987,0.13522114512665065,2.246420942135079
208,112,fit,1.1594987638146863,4.997572283707141,23,23,0,1.3761273383906307,0.6376487386015833,71,58,0.29620644450187683,0.21419839742644767,0.26871708,0.30334320231095746,0.9410496872569846,1.0114634914034395,0.01209341505368972,0.11539518181001641,2.6833562331275993
209,121,fit,1.2463781278069366,5.928706534933875,15,15,0,1.0017876245824453,0.2590689129393115,87,80,0.40518394112586975,0.36221729777373485,0.096237056,0.07719825432030693,0.5162652189905531,2.097976445670673,0.015369270211955104,0.14665334171712885,2.951705386915843
210,108,fit,1.2144830247475107,5.583280559039857,14,14,0,0.6645684522815057,0.18887088004533806,76,74,0.3446498513221741,0.3204825581083374,0.25850308,0.1848353065678312,0.7028656376432048,1.888424913316932,0.01492587710082384,0.1424224914200748,3.160763700528104
211,90,fit,1.1318116975501673,3.1335507249757253,13,13,0,0.3464184437304772,0.10751663991125555,58,57,0.22323566675186157,0.2001890694537613,0.15604343,0.17413071774854283,0.315833073580849,0.877541833463699,0.007992852847539051,0.07626767984292987,2.301955073802101
212,95,fit,1.125363369856699,3.1920522373806373,16,16,0,0.3904176068098382,0.04710692746655955,61,60,0.23175737261772156,0.22256236165380291,0.0,0.0,0.16938780302130993,0.34012797329895794,0.0023424956142812287,0.022352057388179664,0.6028425784343123
213,101,fit,1.1666218810106053,3.8193203076144413,13,13,0,0.3620420055038821,0.18657996016606682,69,74,0.2855755686759949,0.31315640170778997,0.106949806,0.1218684270953364,0.2853493666851723,0.013336216187851588,0.00017932607112572691,0.0017111266328790735,0.040613308013821084
214,95,fit,1.145289414015321,2.559154666967625,12,12,0,0.1834651584885172,0.1718010900670478,64,62,0.2495238035917282,0.2359694027456653,0.11870639,0.19315368432269264,0.18110284643499286,0.44259766023848574,0.00309619697631745,0.029543864277838262,0.8493371641462197
215,104,fit,1.1105964955088485,4.236763548369196,13,13,0,0.7448786775877078,0.13665217918845193,72,65,0.2470652312040329,0.24431650053679432,0.25678036,0.38723565270942106,0.6975957488585464,2.2398135191347603,0.02138248511356821,0.20403134650351346,5.535789647898662
216,95,fit,1.0620311998572887,2.988456056851788,16,16,0,1.4061227939912448,0.3724299333891465,61,55,0.22493329644203186,0.18944153134459607,0.22834617,0.16518792044947586,0.34470834387196553,2.1034505555865555,0.023638098751027993,0.22555437739530526,6.544253837278665
217,93,fit,1.1008460155893602,3.5037265394990507,15,15,0,0.24455473050309987,0.2116023180806611,60,69,0.24192605912685394,0.2727292033428193,0.035295084,0.0,0.29768053109095893,1.5416173669679132,0.00669407943836815,0.0638748038012228,1.6465043337498733
218,91,fit,1.177270346297411,3.121466000935031,12,12,0,0.17864154913627042,0.09908468161629598,61,67,0.2414971888065338,0.26408854977508106,0.0,0.0,0.2609807721850288,0.07176848371450163,0.0003034017305947755,0.002895054681247858,0.07766106478895433
219,100,fit,1.1222000899856506,2.0409294014025736,15,15,0,0.21588003892984545,0.10129235601847619,67,72,0.29056355357170105,0.29319728501697184,0.42578095,0.39065051379324367,0.1864964523963858,1.4320751364128232,0.007622779733144152,0.07273644783534496,1.765179779018387
220,93,fit,1.0933176126902615,2.7210017499516477,12,12,0,0.5247142930488901,0.10209689739896566,62,58,0.24286718666553497,0.21291355975841197,0.1436094,0.2504954994741961,0.3163695204718796,1.8821589365706675,0.017050282697042195,0.16269353718551713,4.9062108235744795
221,102,fit,1.2227101336699113,4.538708354278068,12,12,0,0.44733281691896115,0.0926001386035282,72,78,0.32213979959487915,0.3357784531213225,0.3002646,0.17746836392710427,0.15690154916168758,2.333656727171411,0.017436200524801534,0.1663759592061215,3.904691712290891
222,102,fit,1.226633681614098,3.2145434012325085,14,14,0,0.371755729722595,0.12892822609222868,71,74,0.3143424093723297,0.30608547605174574,0.17234844,0.21185195430132667,0.10785602066958996,2.474204788252268,0.021161595252342444,0.2019236188200615,4.858260408501439
223,117,fit,1.2614225138876964,5.489413875488094,9,9,0,0.4963832034661762,0.10671352219486578,90,76,0.43712860345840454,0.35484972265906106,0.0,0.0,0.7882248312524482,2.1984545866675154,0.04524833410311234,0.4317589131976368,9.049805072161222
224,101,fit,1.2945631862165428,2.8220780574303013,9,9,0,0.5604086160209923,0.0777873104442057,74,67,0.3328515291213989,0.28757991794951215,0.050629757,0.03392179602293627,0.46600630147168337,2.3373639984009276,0.044968713396998365,0.42909077668891565,10.46425671529401
225,106,fit,1.280212031537055,4.542686626175795,7,7,0,0.20083622316037594,0.0655015767782691,80,77,0.3694470226764679,0.3356659619000814,0.29077226,0.4125158906699964,0.32450205318362824,1.4206937062967027,0.00622970543687462,0.059443754168650956,1.5077672418283912
226,104,fit,1.1095533999718181,4.7745239877372745,14,14,0,0.36952998540593995,0.21828883556615555,70,73,0.2696857452392578,0.2685318530765546,0.28918058,0.4117153723929509,0.1439369536012897,0.6257896319260708,0.0013441489026933462,0.012825848308142615,0.3282492230442887
227,229,fit,1.3640888375744835,5.364997816756001,13,13,0,0.9396769074882733,0.2983457811387219,80,85,0.39907941222190857,0.40807750528751674,0.13631599,0.30226863394813247,0.1436696535073749,1.6202527665838802,0.02373164502832332,0.22644699454506984,4.169430076706668
228,92,fit,1.031764279394977,2.960055900543958,16,16,0,0.19007821633571395,0.10681905397097598,57,53,0.20548798143863678,0.17641817703785873,0.0,0.0,0.28772549088921,1.4650296965323597,0.005790916929817523,0.055256840933373304,1.8364597567890029
229,80,fit,0.9763727206771922,4.7884062466674555,11,11,0,0.18507373336748162,0.04990001857662266,51,50,0.18091268837451935,0.16315909326831884,0.06668802,5.1809073500922164e-05,0.17754425487689726,0.3312866574679177,0.0008492703890073999,0.008103725085948471,0.3225163368210807
230,94,fit,1.0785379433153721,5.886020739491539,10,10,0,0.24633113825516711,0.07269926719123462,66,68,0.26599055528640747,0.26427590289029823,0.099673264,0.15116345605447962,0.02536563304061145,1.7945957678899223,0.008654656661847277,0.08258260173518393,2.4284973811983326
231,98,fit,1.051455328174501,0.8712035722099537,16,16,0,0.8996946292795325,0.10826224170416414,64,71,0.2644634246826172,0.2974638994326527,0.13993295,0.05480647324490556,0.31194692859502315,1.5201667631426867,0.025385609161051512,0.24222909504820145,5.430859845840223
232,96,fit,1.0949621021466622,1.5703455104074835,12,12,0,0.14707255527390184,0.053114262224424086,65,64,0.2606286108493805,0.24551641634314864,0.20880735,0.325165600035676,0.14940230170617733,1.037688837764448,0.0035780274644179747,0.03414148343910281,0.992355467383031
233,89,fit,1.079841563808083,2.6329389455984993,15,15,0,0.2417021676457584,0.09152673584620469,56,63,0.20747250318527222,0.23149626701679543,0.025344279,0.0,0.32170444969023704,2.064900448169176,0.01153848081753475,0.1101000078009041,3.198390129377576
234,121,fit,1.1157204502488045,1.065910339673621,22,22,0,0.9704558933551701,0.2430868805779591,81,83,0.3341906666755676,0.3833610106059594,0.26822487,0.16557192938719223,0.4667880594923641,1.33954197872008,0.01181786958993733,0.11276593120169208,2.0022420294501626
235,97,fit,1.05707011386547,1.895475292715498,22,22,0,0.648469788049859,0.18414841511939845,58,65,0.22573190927505493,0.23685884303012122,0.28427437,0.2524640008483854,0.22916119464067639,2.3294606576703285,0.018272784657353262,0.17435863222665327,4.364178641933578
236,110,fit,1.3284448922582082,6.29206708580908,16,16,0,0.4416828745104824,0.08531502516660482,76,87,0.37538862228393555,0.42277941496074467,0.0,0.0,0.5080678128370669,0.3325828649502673,0.0056195595770767255,0.05362175168966341,0.9294915527677338
237,110,fit,1.2744908502855543,2.983157535838846,10,10,0,0.14283255356193922,0.07822859197562922,80,67,0.3249923586845398,0.26567384923810894,1.6913404e-05,0.002428818028679067,0.5668149517747464,1.1644103173793374,0.0035158229899462244,0.033547929293380005,0.9277889903534958
238,95,fit,1.0625805395831966,3.0368144282313265,15,15,0,0.2571182871937229,0.10969790454733411,61,57,0.22213628888130188,0.19978519328837188,0.15761715,0.0434567274959288,0.24622787924129672,0.34359603199012184,0.0008180095662816116,0.0078054347927634694,0.23783100215756137
239,99,fit,1.2057754153945939,3.0958755277535945,11,12,1,0.3022344538142795,0.13388297537332416,71,75,0.30119502544403076,0.2995908642455594,0.24482854,0.33782238696174044,0.22033236463140285,2.2481076656592975,0.015487801497804812,0.1477843654370688,3.6723473783434013
240,117,fit,1.098965288714682,5.282351902852772,15,15,0,0.5929128163211902,0.17584543888630177,85,76,0.3643563389778137,0.3342556582516781,0.067506045,0.0,0.38468374846375797,1.3681538033201452,0.01505269034130489,0.14363254142466497,3.0406467609778014
241,111,fit,1.3083855843548833,4.882052517549414,8,8,0,0.1483395847606299,0.058119599381388755,85,86,0.40745049715042114,0.42074489005398247,0.052620582,0.021572492050529225,0.1321104879810123,1.1297241591010738,0.01571179120675183,0.14992167182015104,2.9776181715058843
242,104,fit,1.1720334722153747,4.944114399346208,8,8,0,0.079567175805008,0.0630981597445591,77,81,0.3546043932437897,0.36764776482109224,0.13111204,0.09454125097230556,0.320342717768564,0.9099081384283889,0.004359711381205845,0.04160029943898707,0.961817140895974
243,106,fit,1.218287721143387,3.414487806939403,9,9,0,0.10196667412570222,0.10156572950456601,78,76,0.34907066822052,0.32486972629218513,0.26107138,0.2648900969199245,0.4675519601802873,0.20563496491915453,0.001863476965901267,0.017781268758599873,0.43689192689013656
244,98,fallback,1.2229487895965576,3.96602470663486,4,4,0,0.8317893218333096,0.10824797370312877,76,80,0.35278546810150146,0.35631146476029574,0.13203108,0.1423355763126961,0.2941692136271179,0.9540276431227784,0.004516451791664591,0.043095914042601054,1.1251868663596905
245,99,fit,1.0414173244527303,4.347158355898526,13,13,0,0.37871915984601273,0.3562048582896472,68,78,0.2821715176105499,0.3276574843174004,0.20848034,0.22156164261083866,0.43674680832460583,2.376661460016141,0.019563517960256297,0.18667478969710205,4.584119987306856
246,105,fit,1.2132267687631992,6.245511743541553,12,13,1,0.439091717495575,0.30817006007141673,74,84,0.3333014249801636,0.3887549978222696,0.16617413,0.04959586008107304,0.6728866434561332,0.8144248961563749,0.0036698382052373856,0.03501754012631093,0.7088033658187405
247,102,fit,1.1364938839544596,3.8753610749527834,15,15,0,0.4003980843077951,0.12460409036803684,69,74,0.2782750427722931,0.3011168326854279,0.22430305,0.3180917055413453,0.3141860753926146,2.0886069713526814,0.015125425450504434,0.14432657872618734,3.4928373837456315
248,109,fit,1.087948359325499,4.230657852495705,12,12,0,0.5715340202546149,0.12043379982003544,78,64,0.2878689765930176,0.24118473131264548,0.24327493,0.3463102305407649,0.5339132841471232,1.43874879656612,0.014836717312408881,0.1415717300802374,3.9395975974817916
249,105,fit,1.183098061066465,3.8422552340968017,18,18,0,0.9865166218987858,0.25484243520323935,68,61,0.28331780433654785,0.23412025531951453,0.2264751,0.2639357783789181,0.47753965997160036,1.3694437928991345,0.012573013717608808,0.11997150493901534,2.8938643745465216
250,99,fit,1.1210834097987243,4.190351084542188,15,15,0,0.7738504005468746,0.16200820843126465,66,60,0.2711530327796936,0.2259076231962307,0.21732438,0.2417367532910985,0.4596380528732113,1.455310147680511,0.017305911860944993,0.1651327467647423,4.42342105008154
251,96,fit,1.0645467475596013,2.0931407505530086,19,19,0,0.6027866363419826,0.17359901278528905,59,54,0.22015881538391113,0.18507244675196038,0.18611924,0.30893332650206257,0.33923467685181324,1.0078915513255553,0.004875207418840778,0.04651915475993109,1.3338709666749573
252,98,fit,1.0887973109346514,3.6472649982096796,19,19,0,1.4440730952481178,0.3105225267471347,61,59,0.2337910681962967,0.22009575726739714,0.2602995,0.252491755623874,0.258337070550242,1.6725624890029678,0.022878792847318745,0.21830909205456817,5.42116540557681
253,92,fit,1.00013082712708,3.7238108225026463,20,20,0,2.8607986403110037,1.080856076708354,54,47,0.18719102442264557,0.15161996162120817,0.0,0.0794805992320966,0.36869541837428194,2.349928715233326,0.032713083585163345,0.31214774413323804,9.12827679233362
254,108,fit,1.1121410100663012,5.229093006385376,12,13,1,0.3903047039835128,0.3003421917445024,77,66,0.2804824113845825,0.25067491292359645,0.33560112,0.40188177682197346,0.18281679184163172,1.435367108852435,0.006011888417309263,0.05736534749340899,1.598968148657697
255,108,fit,1.1374189068275729,2.955185479144227,14,14,0,0.38399622679811174,0.08115393928204714,75,78,0.3291897177696228,0.33087166967167236,0.3924906,0.43123810623611647,0.6107044595476205,2.27211200383528,0.018679937427898027,0.17824367774711858,4.098030694576217
256,103,fit,1.1748792882846117,2.1385383744514703,13,13,0,0.171112844481626,0.05683425033748172,71,73,0.3065311014652252,0.30413676823908187,0.3941138,0.4429891115365927,0.16935884172914162,1.3673560743490705,0.006701907016455967,0.06394949443183175,1.5540700157104295
257,118,fit,1.2216922765865528,2.390758193813245,14,14,0,0.2519817745883811,0.1544777259818648,85,83,0.39733177423477173,0.39213238908723763,0.45298764,0.26755391719338184,0.08518934663845666,0.572152924866012,0.005843402003750099,0.055757652707539115,1.0756922857531033
258,99,fit,1.117409525826972,3.883123777494103,14,14,0,0.2573983212454678,0.03879732367851824,67,66,0.27425262331962585,0.25083042850847115,0.15475067,0.15577256256553623,0.22916304075725974,0.28670171034200115,0.0017594959720895714,0.016789083703144764,0.4513550459853483
259,100,fit,1.2264212006876034,2.8269557337980897,21,21,0,3.034176819943986,0.11882190072886795,61,60,0.2512989938259125,0.23328296194040854,0.22836798,0.16325506027044517,0.21793857078296625,2.323059370827954,0.03685118269498921,0.35163342266211073,7.743546931106774
260,100,fit,1.1042388310702234,3.6765292407555727,18,18,0,0.6935259266227011,0.14067364982906747,63,64,0.2393438220024109,0.2407463053629738,0.08762134,0.07346478967188293,0.1272679605392047,0.7933588663300436,0.0033798459236951436,0.03225043820319794,0.819939159850681
261,96,fit,1.1957185421440433,7.7627236647683,7,7,0,0.1818995063458441,0.03928241817309664,70,80,0.3184596598148346,0.36160904472608874,0.0,0.0,0.4143168796432737,0.1752476511225894,0.001356429391976954,0.012943028549398416,0.312352470062807
262,105,fit,1.1578678771468478,1.9753333948615834,20,20,0,2.354338423275462,0.2710706010831937,65,57,0.26920679211616516,0.21021538950252175,0.19463982,0.0,0.5924070658777009,2.203382005127534,0.03355980089815804,0.32022710780685154,7.856214449621408
263,93,fit,1.0988111860744738,3.2352182934621236,13,13,0,0.1801012574369606,0.114035948991133,61,67,0.24220162630081177,0.2510669319549622,0.09493512,0.0,0.0908114228418814,2.48945213337887,0.019339669914531357,0.1845388350623221,5.4915809808439535
264,99,fit,1.1409495975657902,3.595707098319759,17,17,0,0.6339001301993136,2.3346079632719645,63,66,0.24765437841415405,0.2568288055095278,0.2810692,0.3429166010387028,0.12860090980060315,1.6552606727786394,0.008906697599158134,0.0849875725110509,2.1520975955692165
265,107,fit,1.0978573701833896,3.8667599730298723,19,19,0,0.7161544056094026,1.7391153961691261,69,76,0.28197625279426575,0.3224547960957607,0.25866187,0.31654630948991336,0.39634339497520277,1.6769794646257443,0.01066110393799392,0.10172809101139237,2.1774078470336824
266,94,fit,1.0509383241600005,2.473698865638387,21,21,0,0.5774083250451196,0.17227563549603275,54,49,0.1864212304353714,0.15844800715131646,0.1909602,0.20653639391923648,0.2818523800619015,1.037689686449163,0.0029695956219391857,0.028335836087205968,0.8140463604230189
267,102,fit,1.024002971272639,5.198547777094324,17,17,0,0.27368405276935437,0.16531006846679047,66,76,0.26522377133369446,0.3148790088038311,0.1165636,0.1938490692663475,0.5239549457223204,2.0959073039675222,0.015999939689782052,0.15267118024601195,3.4702907093064335
268,115,fit,1.205748607323682,3.812891175799029,19,18,-1,0.4140063635414351,0.2884476948019794,77,79,0.34945517778396606,0.34612674364689305,0.0,0.0,0.10942931410135445,1.9127944480963086,0.015512287485377606,0.14801801035665654,3.021284750882515
269,87,fit,1.0186649293996983,4.513107834314025,11,11,0,0.14642903697992452,0.047164586389380495,58,65,0.22218583524227142,0.24979575180407013,0.09696489,0.1106605703118321,0.26641609009891104,0.2654472370178843,0.0016790939612628744,0.016021888943348037,0.4756529005837156
270,100,fit,1.1461822663374797,4.292019112722961,13,13,0,0.19957479286741828,0.1256724757144472,68,74,0.2912440896034241,0.31380008092300865,0.24378178,0.2103031839622449,0.39474653529191567,1.2462994119557975,0.0062792003399811,0.05991603377844561,1.4496989672780556
271,99,fit,1.1255318593017833,3.5210948815579566,17,17,0,0.31565571348571986,0.20795700525287994,64,67,0.2570880651473999,0.2621453593256436,0.093125805,0.07982877524590738,0.06570757121386342,1.7602232734011496,0.008964184183794716,0.08553610862399537,2.1257020624838376
272,97,fit,1.0848175591986786,4.21331823549568,13,13,0,0.21554423182877588,0.09230987976766566,66,72,0.2661345899105072,0.2922163168815846,0.053812727,0.0,0.2547416649690402,1.4698694493471671,0.006950937184054005,0.06632573648906492,1.7195084399811809
273,113,fit,1.2671654792045017,3.316207875302928,16,16,0,0.3302619760571544,0.13621067887413937,79,81,0.3478195369243622,0.3465713205883187,0.17903009,0.3621548679056671,0.08877371351451332,1.8403762847376584,0.011411406268093168,0.10888746439020199,2.265068349743348
274,83,fit,1.0397093035394183,2.223011914999467,11,11,0,0.38569192302208916,0.0782295859999451,54,49,0.18737047910690308,0.16303730927739013,0.0,0.0,0.239457916623883,1.2681860109987895,0.010491591144145043,0.10011060252046797,3.746841361331845
275,101,fit,1.1921171559288726,2.8182492376808495,18,18,0,0.6850285046769701,0.22746809344498384,64,63,0.2634686231613159,0.24040482218389794,0.034662154,0.04752570439936807,0.23645871454712974,0.8965008313707264,0.007486593943218381,0.07143696510704561,1.7329704403792692
276,98,fit,1.1551868413637447,1.5014728767022607,19,19,0,0.4681742087873235,0.3972187716529888,60,59,0.23588956892490387,0.2169958572126048,0.0,0.0,0.20821186367255104,0.5648795776143614,0.001773928044915531,0.016926794321713082,0.43063634977633974
277,96,fit,1.0763213032489465,3.20301732185088,18,19,1,1.7755950729173684,0.27489526872394215,59,56,0.22139966487884521,0.20298530699232495,0.0,0.0,0.13489957568090188,2.0865805516035323,0.027995560090420465,0.2671332069696609,6.951466719548096
278,90,fit,1.0216625529460548,3.3754229123713815,18,18,0,1.6052085139631223,0.29779030918069505,54,53,0.19456236064434052,0.18558092970270973,0.0,0.0,0.2678162532085603,1.8894897453156005,0.026752763400884384,0.2552744599321029,7.14263371052721
279,99,fit,1.1706936395121144,5.5492426434437645,13,13,0,0.30264609033407375,0.18496551852430124,67,63,0.2829291820526123,0.24090740626852467,0.27429327,0.30493511817668584,0.407874060487269,0.3183635374616596,0.0008246572544317338,0.007868866931600514,0.2174320792007892
280,105,fit,1.0793116501271318,4.72098767931059,19,19,0,0.3553642582849135,0.28184963758159987,67,64,0.27291274070739746,0.24092683539659454,0.35435316,0.3561860393957678,0.3801955979935772,0.8114222369476508,0.0026648614809221738,0.025428067566051274,0.6218222958340847
281,107,fit,1.2405740836212678,4.302060130208068,13,13,0,1.335964343737034,0.21947216107937023,75,68,0.3502195477485657,0.29760533556608115,0.15850762,0.19647760318320986,0.5479852935005342,2.495070122598987,0.061413515941908435,0.5860068315067598,12.449992176965985
282,101,fit,1.310989471922511,5.310944229309882,9,9,0,0.19306990466904905,0.05776920877915837,74,80,0.34765294194221497,0.35839578190924,0.1597175,0.13070509031535266,0.16205835969896912,0.9949904750477478,0.005660432560551875,0.05401176107396827,1.2477046092064117
283,95,fit,1.0881721820786263,3.7455614925583607,16,16,0,1.3488182675880498,0.1324394891045699,60,56,0.22550925612449646,0.20021969188006983,0.18124223,0.043199027122372495,0.31277832861876587,2.105313758403229,0.02656394835181882,0.2534727896165918,6.988423186311063
284,104,fit,1.2117998051069117,4.198777396653809,13,13,0,0.23083847858375967,0.21270745932449645,73,74,0.3081416189670563,0.2998156242695865,0.23772459,0.3974871310175596,0.1764621660473495,2.098824184441888,0.014152499227845242,0.1350429315634088,3.339456815326108
285,99,fit,1.1892605706989785,4.281480983788827,11,12,1,0.25713322138910244,0.08376387299511606,69,73,0.30102500319480896,0.2977952816777022,0.2544179,0.3401802304208207,0.06878271206955058,2.1421267837217184,0.01582901983275581,0.151040265579731,3.9077920664318757
286,100,fit,1.168315374170438,3.616328004829499,12,12,0,0.2466686208073965,0.08036250945192862,70,73,0.3109586834907532,0.28438621747139764,0.26016355,0.3546032488575136,0.2667287345847047,1.294162157085349,0.004654614046552406,0.04441425616939318,1.148611045889521
287,108,fit,1.2697934772748167,5.175752076163286,15,15,0,0.6249422433790985,0.19014158701718817,75,80,0.35539865493774414,0.3651698077062928,0.2159078,0.08434071647072545,0.13996509552991268,1.5759862369951516,0.009740019639487387,0.09293911869739874,1.8520728092756205
288,97,fit,1.119522605195966,2.7174558393728145,17,17,0,0.4466221149888639,0.31361930126860543,61,62,0.23316437005996704,0.23308814861327284,0.14423591,0.2430254630635455,0.06156503850810492,0.3455067956503405,0.0018739385466664438,0.0178810930025424,0.4674236311528636
289,95,fit,1.02396381325758,4.264418082011158,16,16,0,0.6396747401285853,0.19124285213848094,61,57,0.22440464794635773,0.19080612693911855,0.2472974,0.19650441871866214,0.3743712114539323,0.2920917619967327,0.00087546897925124,0.008353711634076718,0.2511746270925472
290,94,fit,1.1330758046589804,4.147672983379822,14,14,0,0.30988705147233,0.055025509531397565,61,65,0.2331024408340454,0.25007719946520307,0.14318961,0.20562244626809376,0.2075461465539292,0.342991471269858,0.0016919107462706486,0.01614418651021611,0.4393025886400376
291,97,fit,1.1495508711475935,3.2131929907723733,16,16,0,0.22540121774117494,0.15445576583865328,64,65,0.2621430456638336,0.2559547629941696,0.01649324,0.15690200207275967,0.06970683532174181,0.5252241875618184,0.0029572537195860305,0.028218069843378154,0.7181467875071564
292,104,fit,1.1753514396157365,3.4977704644517225,14,15,1,0.17290491831385024,0.3822354120631645,71,68,0.3048411011695862,0.2718600812925457,0.0,0.10691649043642457,0.2385845319107785,0.6816997121602082,0.0027916459520683804,0.0266378430540876,0.6682546571500677
293,105,fit,1.2151303985234854,1.5177860740238303,17,17,0,0.3974220055367038,0.32882611185879235,69,70,0.2963528335094452,0.2843279154281361,0.15008464,0.19342453981677632,0.12300677919265822,0.954339939619532,0.005343867447305627,0.05099110159642774,1.1854917277762866
294,93,fit,1.155375874783516,3.1465356889319276,15,15,0,1.3984153855122217,0.06856975419046835,60,57,0.2311110496520996,0.20956226244201986,0.17738265,0.1290130640927586,0.35326307477215946,2.3449706967030264,0.03292841222233057,0.3142024067016275,8.486884662001106
295,103,fit,1.239709791843832,3.3712837902381825,11,11,0,0.27239082812154464,0.09432898782540212,73,76,0.32276350259780884,0.33152165545393864,0.23594943,0.3432259459438158,0.0991753805465126,0.06003576434411779,0.0004113334489252515,0.003924937489744766,0.09116592387680893
296,108,fit,1.2183647130946518,2.9200474408752313,16,16,0,0.812046496921268,0.22449115139404976,73,66,0.32111042737960815,0.2659061269365681,0.06900642,0.0,0.540989081882763,1.100761447582095,0.01778005726692635,0.16965703498975526,3.9613608544278045
297,107,fit,1.252310087900125,5.455611953339058,14,15,1,1.3172143082576657,0.19365445017079214,74,77,0.33478814363479614,0.3560914051052877,0.0,0.0945723584851885,0.32752852042954583,2.0792066395994495,0.04613151774539398,0.4401862380285685,8.36640200761372
298,107,fit,1.2491117090062875,4.292705666710435,19,19,0,0.9024565825198709,0.13998113837244172,69,70,0.3034132719039917,0.2822706153328141,0.21062554,0.3670372764353255,0.21216603294747696,1.7457008863023085,0.01137144911005548,0.10850619379823932,2.3544481555947496
299,93,fit,1.0422393298951766,2.9953126569977204,18,18,0,1.89136514557836,1.2684721045403067,57,45,0.2119848132133484,0.144463510470485,0.11960542,0.18025149276117516,0.6668906228617046,2.0189243158936483,0.02603843173102573,0.24845831804413865,7.709980748608849
300,88,fit,1.043392419230843,4.127054739743269,14,14,0,0.4061822727282167,0.06713144080331906,55,54,0.2009834349155426,0.1877109529333926,0.17012201,0.15217160551623243,0.13581960447681082,1.3463313503818937,0.004899489751712471,0.04675085640947014,1.532691226519609
301,91,fit,0.9987547313844108,3.557729466717336,21,21,0,0.5742270416870986,0.4916284621229525,51,53,0.18195031583309174,0.17199533194567532,0.14017135,0.0,0.10094645603893791,2.121010011948278,0.012422290063237173,0.1185333021301257,3.589871878079504
302,102,fit,1.0653586783184332,4.553693840677142,17,17,0,1.872925980388709,0.6745769968098925,66,55,0.256610631942749,0.19362473528560858,0.26855493,0.3459084320841579,0.622265267265743,2.1650052842101033,0.027158933871165403,0.25915013235844847,7.196033931742797
303,94,fit,1.037469010157219,4.366763338921451,17,17,0,0.7397891910206822,0.06152966287732284,58,57,0.21669545769691467,0.19343547389973054,0.24038209,0.2898645851772032,0.28780577928834233,2.4725773839549174,0.014790105980323225,0.14112696546109946,4.283945185176254
304,95,fit,1.0290929936489845,4.1566120389922965,18,18,0,0.3623733054230258,0.10843443289783065,59,58,0.22203953564167023,0.2088075853868171,0.1281943,0.0,0.13911447571793142,0.446808476138782,0.0019422923713606512,0.018533324154204688,0.5302631079418539
305,102,fit,1.091969503520087,5.244521548500298,17,17,0,0.8688108092790306,0.25924682564231116,66,70,0.261505126953125,0.2874071460959889,0.21539335,0.1977096183764601,0.32941205426176917,1.6684483360794362,0.019213780637742008,0.18333760150517184,4.163582719169775
306,88,fit,1.082264251509059,5.235075128401485,8,8,0,0.13559110442453107,0.14666353392276413,62,74,0.24810285866260529,0.27978988363059776,0.19414267,0.2976604169068127,0.2908373852801109,1.5491000237717376,0.00564666254192213,0.053880367766432534,1.5705841181236218
307,101,fit,1.002117490586284,4.830066465280499,16,16,0,0.3483668352516113,0.14410978964271146,66,63,0.2555769681930542,0.23317683688895063,0.17647113,0.20236879906300492,0.5073385470801904,0.545599861073673,0.01642925928886383,0.15676774130595258,4.266769508147613
308,102,fit,1.058051869313687,4.446665887272967,17,17,0,1.3037120436950633,0.23494909164646963,66,58,0.24894015491008759,0.18776978459917457,0.25708938,0.3319290770039089,0.6854134331040029,1.7322894295669438,0.02316498396298197,0.22103992331089664,6.2571765354529765
309,102,fit,1.0759412114093259,4.800689097071236,20,20,0,1.191993894823742,0.4134905407014791,65,58,0.2723948657512665,0.21137858951252594,0.25079194,0.28635834291691664,0.6015297488540552,1.339103765810609,0.004341282730093374,0.04142445353142532,1.091070211118567
310,100,fit,0.903992473413318,4.652243916157492,19,19,0,3.115436834156012,6.576231533721592,62,46,0.196242555975914,0.1354954805423336,0.2642019,0.20653436014670842,0.6261779933894807,0.80180347730969,0.001449994577265443,0.013835826118945066,0.4910529885581564
311,94,fit,1.0217966601618056,2.2637130200861915,19,19,0,0.6236834722646186,0.35056722969844367,57,48,0.20672330260276794,0.15189261500801032,0.23454867,0.19947807349825575,0.5290397228603831,0.4175668381957587,0.0025684724642160454,0.02450832504022944,0.7756752911474866
312,101,fit,1.1492454645021897,3.5730299434791433,16,16,0,0.18445350118747006,0.08049756439355119,66,64,0.26287829875946045,0.24441763051555535,0.019599074,0.0,0.17602557174219377,0.4067875270030465,0.002493655350433028,0.0237944212827579,0.6277839062194673
313,98,fit,1.1200152603567277,3.3078959528020215,14,14,0,0.22786332397172568,0.19335270711228283,66,66,0.2646794021129608,0.2439975625152824,0.19166712,0.26754556109431543,0.44377984792979036,1.5103485507503631,0.006364120807093291,0.06072634357913445,1.6642766913038056
314,91,fit,1.1705469329024165,3.8363973856444322,12,12,0,0.7913786966508267,0.2423747554103521,62,64,0.25395798683166504,0.24978897182284668,0.15321542,0.08326915627630482,0.360047294746035,2.2437365862496006,0.014497798234272262,0.13833776941099488,3.8451477432615007
315,107,fit,1.2548655967722981,2.9098808426669005,15,15,0,1.6025310831347719,0.3749695252466968,74,76,0.3280739188194275,0.2760810048438429,0.05913843,0.0,0.5413250676355339,2.3277447963344238,0.04198576112550614,0.4006274916555929,8.943931066914779
316,122,fit,1.0920925628128275,0.9867814243923817,12,12,0,0.23108831082097536,0.08357172482688804,92,84,0.3521274924278259,0.3804371907583983,0.4128907,0.05995159257954957,0.31379905424997767,1.7345382657095672,0.011720162417832008,0.11183361085717564,2.4082640118904854
317,101,fit,1.189731288957088,3.6256356569642736,18,18,0,0.6886883204440437,0.28279588344992224,64,68,0.26658129692077637,0.27475876915621694,0.080781214,0.0,0.21170955601030617,1.0449930064262827,0.007680346488519456,0.07328574893625435,1.6906034817614906
318,98,fit,1.1481315271156343,2.794234363006986,16,16,0,0.6500575933627175,0.30589143156788506,63,54,0.25777050852775574,0.19307774906108507,0.0,0.0,0.6243866373434236,1.0043084016670862,0.010758599216394533,0.10265838946941348,2.9263352570880286
319,238,fit,1.2664203233749514,4.855421793407802,14,14,0,0.2749864864870425,0.08706190364161075,79,85,0.36815953254699707,0.3979001541399789,0.28364143,0.28399699758682195,0.35596742707103846,0.2580768327303811,0.001790047483936785,0.017080605762755583,0.32793898195489024
320,108,fit,1.2140042384165344,5.735481249496186,12,12,0,0.7454211948801818,0.1358869943909423,78,89,0.363707959651947,0.4377193320754279,0.0,0.0,0.7102997908603232,0.8278286752931995,0.006034243662412625,0.05757866090088382,1.08930209145845
321,96,fit,1.0703906936018568,1.2970005763091657,16,16,0,0.40876416588323755,0.16957984643374083,62,80,0.25158628821372986,0.36463916576107186,0.0,0.0,1.0858393330575957,1.9668773552856416,0.011172052149008379,0.10660355104015629,2.250202491469141
322,104,fit,1.0651295745503788,1.1911525372342324,13,13,0,0.34779997255213857,0.5366920420595456,72,83,0.3049487769603729,0.37902359239114664,0.0,0.0,0.7100509114352722,0.4639854638615435,0.0033843237226966966,0.03229316529290741,0.683346214603353
323,98,fit,1.2671290684840697,2.378002710168373,9,9,0,0.3112325935307191,0.3135313174584279,71,78,0.32422494888305664,0.34490998513688326,0.0,0.0,0.23628647728672536,0.18565723801411946,0.000810920554826824,0.007737791553691069,0.18492705226743933
324,102,fit,1.0951803519151262,5.708567479976697,16,16,0,1.04776038749234,0.49247437852110704,68,62,0.2862299680709839,0.2281002566212446,0.3022567,0.41054774768085295,0.5933058607836664,1.8415534353970577,0.009205058254158852,0.08783452532594324,2.4833314560100734
325,91,fit,1.006195364370139,3.309262979652827,16,16,0,0.4513439605307897,0.15377648598346963,56,52,0.209003746509552,0.17223259605490812,0.020425983,0.03487549242674378,0.38108281000747607,0.22762364828198417,0.0013778255514722074,0.013147190376643199,0.4275366352042714
326,97,fit,1.0589609689658614,0.9839379304719952,18,18,0,1.4660013448087952,0.20897581926602765,59,49,0.2185087352991104,0.16227354288694867,0.18807462,0.24689876789933984,0.5546775232168574,1.7254846287955399,0.022134444125117874,0.21120652791143008,6.24456119594248
327,93,fit,1.0894508039622606,4.020533093162664,15,15,0,0.24867547469476955,0.105330706046319,60,63,0.23887962102890015,0.2372001951724134,0.0,0.0,0.035785876427664454,0.17884157707178264,0.000987184881379019,0.009419703066593692,0.2638703373229012
328,104,fit,1.1322359382722678,4.664280120681994,15,15,0,1.124966083246066,0.18658240796979864,70,69,0.2982460558414459,0.2851054465688229,0.27875316,0.30961270958586057,0.23700974058394944,1.5297642756446488,0.027313579724863993,0.260625760733435,6.039240603061841
329,94,fit,1.1270173673864143,4.049502738618766,16,16,0,1.1487207021211112,0.23794777543682227,60,68,0.2442576289176941,0.28158000641068526,0.13798828,0.12507312391204442,0.3609817177214302,2.100800428790685,0.023948989094233358,0.22852088830375342,5.326519089729987
330,99,fit,1.0474737961345302,3.8997843766619757,17,16,-1,0.9817831028691283,0.22805811497406056,63,64,0.23980852961540222,0.23662233524993925,0.26756856,0.3109719066246881,0.25686274512462526,1.6114209534561807,0.015451777337626912,0.14744062345063846,3.8861327021918832
331,106,fit,1.2391709719838937,3.843231903970563,13,13,0,0.17824473674672994,0.09203283036607159,74,74,0.33403098583221436,0.3182947590887742,0.0,0.0,0.2245992451405706,1.1839438218723706,0.004970480703927848,0.04742825099167793,1.1141020469641867
332,113,fit,1.1336980020008878,5.017503545710751,17,17,0,0.42408731518300885,0.059857312244871744,76,68,0.2984939515590668,0.2567989589508159,0.26694572,0.3950632190038778,0.5115935073591011,2.321247948844102,0.018286184739063967,0.1744864956017554,4.518906816167536
333,117,fit,1.2382956906532412,4.8217975731423035,15,15,0,0.4944260243056232,0.16753543611734636,83,78,0.3832080066204071,0.33745969701365974,0.36947915,0.4247976240614286,0.4431473452036898,1.4600512695571277,0.00673736855041377,0.06428786784745963,1.3858596402684962
334,114,fit,1.3114511734843333,3.1017005839190115,13,13,0,0.12518990280015962,0.07913162277927094,83,80,0.3965451717376709,0.35761651269113864,0.3331394,0.37868269692671663,0.4035949706290233,0.5763993605494799,0.004790653582345485,0.04571234334299127,0.9607947111800117
335,90,fit,1.0778940242776114,2.674998677406174,16,16,0,0.289395772786286,0.12529748920573788,55,56,0.2035822868347168,0.1992591699005706,0.0,0.0,0.12467381785043971,0.3447349069469919,0.0016698149346072598,0.015933348612664693,0.47482683313361806
336,105,fit,1.2528154301163403,4.565418304241261,9,9,0,0.09710274750403,0.07138266123616212,77,80,0.35603779554367065,0.35355456030297344,0.25974107,0.36405509348353987,0.17230948723154896,0.10163702488737845,0.0011345786527667033,0.01082613218288839,0.25009747047386033
337,111,fit,1.154952507633327,4.878771336014453,14,14,0,0.6490863410974551,0.21683645159547774,78,74,0.31478455662727356,0.3056690004602994,0.3304222,0.3415291412727785,0.3190966905294612,2.1874953848949645,0.015383283363817968,0.14678705499826306,3.516322475255406
338,104,fit,1.209770610740164,4.17038525729084,15,15,0,0.8420232879365318,0.45310132013709165,70,69,0.307149201631546,0.2832216329956619,0.1802539,0.18215920230199717,0.25045104228238474,1.8711760859832252,0.01486536906723162,0.1418451246873246,3.4130224116871566
339,109,fit,1.286507616984224,3.804703166416492,14,14,0,0.28849974259397115,0.14221417071867698,76,77,0.35240161418914795,0.3380363230903556,0.2819141,0.2916173854470162,0.28146445372371237,0.4114927374946228,0.005397965557097057,0.05150730493413222,1.075445396377643
340,88,fit,1.0990594121652992,3.6520899409695784,8,8,0,0.07091671050091966,0.062274709074688156,61,64,0.23908136785030365,0.2409736416965417,0.026083412,0.0,0.08248363389268977,0.8396962097080497,0.0030416369666714823,0.029023253498773684,0.9547949861225078
341,105,fit,1.1633936708535555,4.09453183226692,11,11,0,0.39231071076886415,0.11913674254622099,76,75,0.27709856629371643,0.287149628496233,0.21990126,0.3892313875161205,0.3202876893748961,0.10769195684859292,5.871930103593391e-05,0.000560298674007003,0.014414609962409185
342,108,fit,1.1257831512287828,3.0770818170034047,18,18,0,0.7159728927051782,0.1535357536761883,70,69,0.2905281186103821,0.2800117042510273,0.084943675,0.09702008921126162,0.10957325184749156,0.9171895385143857,0.01271678243717024,0.12134334386612824,2.7266397735952443
343,97,fit,1.0604361771663127,4.192694423055076,13,13,0,0.1975290347128532,0.05233442108300953,66,65,0.2596164345741272,0.23706023913321345,0.23147579,0.3935970928205487,0.209101130240915,1.6477335800375585,0.0075128041357797205,0.0716870623643103,2.081964687036842
344,106,fit,1.2956851126780973,4.306570391096907,7,7,0,0.26638913701396394,0.08145571855201333,80,92,0.3800172805786133,0.4584883511404474,0.0,0.0,0.7939036632521215,1.0045342346717783,0.006050098179860896,0.05772994446432153,1.1395975511569976
345,99,fit,1.2176377415973276,1.596266523480895,15,15,0,0.5093324971912673,0.30420213991076567,66,67,0.2819570004940033,0.26334953773799646,0.13661595,0.23176824273624225,0.1795911333993643,1.4437524266985378,0.005846437432259325,0.055786616720031726,1.3978681927799286
346,104,fit,1.1809869166705058,3.0452444876078406,16,16,0,0.29385070546206316,0.2525850604731992,69,62,0.2874376177787781,0.2359369065001371,0.1182285,0.06253579939384522,0.4942147867413511,0.7809826965083227,0.0026861654098124087,0.025631349330271076,0.6784605847038971
347,93,fit,1.069888392187876,2.2802021651455333,18,18,0,0.27564673029902786,0.35351410836983715,57,60,0.21985822916030884,0.21720747112411262,0.0,0.0,0.10069420773174406,1.1392251203022938,0.003147914753146857,0.030037354514760084,0.8134533277922129
348,105,fit,1.2231120659357941,3.0981210847134006,20,20,0,2.394313721816053,0.3712947189992158,66,57,0.2954782247543335,0.2172462264833992,0.21377128,0.30730841504084444,0.7780956371675665,2.056318874362036,0.03883474690214217,0.3705605620433413,8.479098887339026
349,107,fit,1.3449086005924409,4.404875106653258,8,8,0,0.1438876972202577,0.05769894985029798,80,83,0.38462522625923157,0.3810791424347212,0.16696705,0.16886446493126284,0.23178493152581586,1.7713571203688536,0.010266167594688671,0.09795961445313617,2.174962904879168
350,107,fit,1.2528648087162084,5.967330798638833,13,13,0,0.4701131434162676,0.08484138928071336,75,85,0.35805732011795044,0.4023286867684796,0.0,0.0,0.43307879526670945,0.5513256268548963,0.005379180356664657,0.05132805683840321,1.0134486797784112
351,104,fit,1.2509090045672795,1.9472600647638265,15,15,0,0.26259522769963317,0.2734433905387618,71,65,0.3218032717704773,0.2507942972752867,0.23353992,0.20132287843641788,0.6894807760887006,1.0672943242589559,0.0036575121654589975,0.03489992524292936,0.8792221255502884
352,118,fit,1.3042446068090225,3.2361735743299644,18,18,0,0.27643274029905646,0.16891582277922657,80,76,0.3704792559146881,0.32685917360550315,0.062133744,0.058568971654147026,0.44449261740140816,1.2989033553040714,0.008506902888084457,0.08117273748172191,1.6253301676886363
353,88,fit,1.0183922386341095,2.5780281969170087,12,12,0,0.23041887688948665,0.09081150682528158,57,56,0.21398667991161346,0.19615082579504467,0.07968489,0.08949862783603531,0.18563803465123366,0.6346338772046707,0.0033381535644582245,0.03185261034788382,1.0787582375548599
354,93,fit,1.0051419276726608,3.261013280562579,16,16,0,0.2945509656540906,0.1316346376313266,58,53,0.20407092571258545,0.17699067706643043,0.0,0.0,0.25985075470212654,0.6553660927684837,0.0012526121529401152,0.011952406039504915,0.39113338900235334
355,96,fit,0.9610085816077114,3.815048987973707,12,12,0,0.35359426160726243,0.06036838936051327,64,61,0.2064708173274994,0.2063180611239585,0.21480134,0.34831739131157424,0.09117725422566045,2.453221461797929,0.013143302351215145,0.1254131903741903,4.077208627177115
356,87,fit,1.0599187340676992,2.2712573083121432,10,10,0,0.15637358476802765,0.07973035380948165,59,58,0.2202834188938141,0.20472088251076462,0.10095397,0.12148252673081157,0.14373568068457884,0.025528048670373095,7.799857265765195e-05,0.0007442611894814118,0.025568395561868146
357,99,fit,1.1166826738454374,3.1122876517987654,13,13,0,0.21787840789321908,0.10025784885443585,68,66,0.26965534687042236,0.25204525021773977,0.12003305,0.17325557422870855,0.16498217897403633,1.6988900282188921,0.008588225817165155,0.08194871962943849,2.2988766243596666
358,97,fit,1.2256005046677705,4.358903280532076,11,11,0,0.1922321918262671,0.05704634381831336,67,72,0.2775404751300812,0.3003826304590149,0.2894726,0.24991122476545719,0.22048840891989185,0.13831026361171717,0.0009594000792246481,0.009154580908632139,0.22794128603113817
359,90,fit,1.1489268401375297,2.7373894258366644,13,13,0,0.23082678228258688,0.17543918230996317,59,62,0.22909848392009735,0.23248398453162517,0.0,0.0,0.05895288089954874,0.11212600733772382,0.00017082179845063003,0.001629978992849523,0.047509347959501534
360,97,fit,1.1521378275708551,3.8937027107410884,10,10,0,0.18945758645979946,0.061167228569338816,69,64,0.28637367486953735,0.24952948851701587,0.31326875,0.38517210125272167,0.5703865866780495,0.748098179532178,0.007067764890746514,0.06744050468269575,1.951849645749347
361,92,fit,1.0933784566199793,4.048198433513082,11,11,0,0.6938898118496392,0.12557582759044306,63,62,0.2537374496459961,0.24208729135793647,0.1300707,0.0011775343847077243,0.12446011666008829,2.2437809404496742,0.03209844009769023,0.3062828253596396,8.530833064207048
362,129,fit,0.9950184278455076,1.12948104619803,35,35,0,1.0533480338297718,0.7551274127478149,75,76,0.293748676776886,0.3236262055182731,0.0650718,0.07623029788460153,0.6194676507971734,1.0441311122889925,0.006238076049315396,0.059523626424765226,0.9788324583449002
363,105,fallback,1.2446191310882568,7.389613808470469,3,3,0,0.3868952757912256,0.015951907364072822,83,87,0.38753604888916016,0.40161086025184234,0.0,0.0,0.2440745863662052,2.3890785420662946,0.018942660215511324,0.18075057457548974,4.445290897542536
364,104,fit,1.1577002171992468,4.438288598662635,14,14,0,0.29100517660349734,0.276000135232589,71,83,0.309291809797287,0.3787859625125257,0.060809977,0.0,0.715709687047297,1.2065096184725046,0.006012141031869247,0.05736775793768365,1.179874390592435
365,115,fit,1.2395148020115778,1.3341562035637482,15,15,0,0.36030917317075767,0.06805011206885478,81,82,0.37167075276374817,0.3716333468655829,0.36098444,0.413575294983232,0.07163200515233892,1.7953271667524708,0.009279044971012557,0.0885405054485931,1.7564337677662107
366,103,fit,1.313656285373486,3.5768453015860397,13,13,0,1.1348612461241288,0.1044540974725155,72,66,0.32975155115127563,0.27669943822382476,0.1560267,0.12184201247089024,0.521225693874404,2.198337933770355,0.04482556897726733,0.42772489482125314,9.670791921001044
367,114,fit,1.335016549118774,2.7712320334999365,14,14,0,0.8580056823185682,0.10144052731029041,81,80,0.38956087827682495,0.362626556989306,0.071191736,0.0074836404443943405,0.4157914097111877,2.363088619419674,0.022738093899753682,0.21696654484497788,4.371737307039466
368,101,fit,1.2967506698807245,1.3986930347242166,14,14,0,0.3295437902136152,0.20933862211475537,68,75,0.3006303608417511,0.3224755934832887,0.15890956,0.17899478369305868,0.3546708720494438,0.3048698479957187,0.004045229467467134,0.03859951781934288,0.8347466674180132
369,101,fit,1.2047288973313783,4.270950065860174,14,14,0,0.44193929802400295,0.1050078595045945,69,73,0.2951063811779022,0.2990153306296003,0.2944967,0.37353698691536846,0.160977594493913,2.1517759601062036,0.015206528394177922,0.14510046177650687,3.466279199379605
370,94,fit,1.0538224918224752,3.8283638935541133,15,15,0,0.22296416706920785,0.08610832984603825,61,66,0.23761755228042603,0.2401441240502309,0.2683707,0.39024676047783435,0.035425431666854704,0.1727747876571526,0.0006252517287792829,0.005966142450183997,0.15872311519732088
371,107,fit,1.1769832978012058,6.00660114814659,14,14,0,0.829945950894151,0.13759745415552246,75,93,0.34134578704833984,0.4453117494292719,0.0,0.0,0.9931766642396761,2.07423745808667,0.0198367363222493,0.1892818351359666,3.411875089889525
372,101,fit,1.113793829126339,6.241775801597862,15,15,0,0.5662746065630245,0.0681074172950105,68,86,0.29944294691085815,0.3825494748236889,0.0,0.0,0.7920186226514646,1.030397996900224,0.008652109624621413,0.08255829794486082,1.6464289662533385
373,99,fit,1.0970371635430394,4.774307466795685,11,11,0,0.169781915110892,0.043715711213803916,69,74,0.27301451563835144,0.28198965093696515,0.31414476,0.390825980451698,0.26676588170027155,1.6020053285429738,0.0074026152132073255,0.07063564134739814,1.9019973257223497
374,111,fit,1.2457071952251169,4.392767993063396,14,14,0,0.18513684046091794,0.12674005590020995,79,80,0.36682918667793274,0.3619935286886967,0.0,0.0,0.2706312065143274,0.14387833784768672,0.0005969692164484655,0.005696271149317419,0.11802416599123447
375,126,fit,1.1941790116306017,6.792405753346618,15,15,0,0.3994989043504539,0.2398929290556332,90,89,0.40952107310295105,0.4299589130974467,0.0,0.0,0.4723175642593723,0.26122049684325677,0.003234906623357854,0.030867429612193263,0.5621809693959455
376,95,fit,1.1231765106258726,4.339686877746099,13,13,0,0.2652013615142243,0.09089363994059581,64,69,0.2639803886413574,0.2774250777328255,0.0,0.0,0.2031899688443624,0.6304428202922543,0.0040490583229944085,0.03863605270032832,1.0076983912459891
377,98,fit,1.21942565110684,3.5703871879294042,12,12,0,0.6643772058826946,0.1309626255075298,68,69,0.2911812365055084,0.2894904780757235,0.0,0.0,0.08145326385532146,1.6625276656958738,0.021272245414536012,0.20297944097839704,4.8566335372320735
378,113,fit,1.2040210051015923,2.4141212658043694,15,15,0,0.24265424732562763,0.10776412011032604,79,70,0.3258521258831024,0.2783384694547506,0.25420558,0.31000916035962867,0.48070778952644533,0.08961401861243988,0.0004026193232044805,0.0038417874351572563,0.0908896041005969
379,94,fit,1.1257878704822772,3.458610574290151,14,14,0,0.7749052257283433,0.18017573628509112,61,58,0.23674245178699493,0.21470546539220445,0.06519702,0.041363992196080696,0.21900320820692057,1.3627999537606474,0.01169277725824185,0.1115723020824604,3.207133158996078
380,110,fit,1.1493780532815672,4.698752641114268,13,13,0,0.18650348877990666,0.12379883375440992,78,83,0.35357266664505005,0.3876063425126562,0.0,0.0,0.3274237334010789,0.8218519214047946,0.00594719296416667,0.056748024467239214,1.1687724589757784
381,97,fit,1.0795156266730859,3.8584005976756504,16,16,0,0.6044087273675833,0.1939486623494959,62,55,0.22630929946899414,0.18685021550254485,0.03455651,0.0,0.4016492028047114,0.6026077974009779,0.004661235063377571,0.044477433810854686,1.3213560713441923
382,100,fit,1.053760004623499,3.1938464037423864,20,20,0,1.8968845569766564,4.793467857590103,61,60,0.2339777946472168,0.2129495946239995,0.09267977,0.16266643830908004,0.2766709348658449,2.2640110624247187,0.01565526004836774,0.1493822523699212,4.0148762484305625
383,98,fit,1.0534990631179812,5.268051041582189,18,18,0,0.7198609894773508,0.23437693645991886,61,74,0.23647649586200714,0.3028196321907136,0.25131735,0.26471185960119775,0.6327728673629384,0.05682288013130455,0.0003582574776925357,0.0034184873825623633,0.07555401579874907
384,91,fit,0.8930694716572184,4.637626524484909,19,19,0,1.4941801159024617,1.335252953504063,53,52,0.17516876757144928,0.16737360418957067,0.11775547,0.0,0.11387193332581051,0.4217905159844008,0.001961296746779978,0.018714663614312767,0.5791342383325199
385,94,fit,1.1539084488140445,3.3348481129282974,14,14,0,0.23247564574653012,0.09062804513902865,61,61,0.24071365594863892,0.22838552772615114,0.0,0.0,0.13282866086972436,0.06977359431514633,0.0004643321285321883,0.0044306500814140105,0.12553819138310784
386,103,fit,1.1486489862607485,4.727692594114088,19,19,0,1.3563662973481598,0.22595963090804355,66,68,0.2685161828994751,0.2704173610038487,0.30425495,0.35031627138930505,0.036771078261098114,1.706173082150074,0.017860912119043327,0.17042855075423022,3.8203225231057076
387,92,fit,1.0700900168275702,4.7866739437207,12,12,0,0.5105934363695449,0.10362532740924349,63,58,0.2519139051437378,0.20712979146932498,0.2449215,0.20990619110210265,0.427599373163369,1.284505446597405,0.01236893349605339,0.11802417458066211,3.6505133248276036
388,107,fit,1.1002966326437558,3.924406965536292,19,19,0,0.6697421969565444,2.7074050219658785,69,81,0.29235196113586426,0.37145462433168835,0.031602874,0.029474773640743242,0.8144412814979567,0.9581560290145739,0.006274805354235731,0.05987409689156231,1.1431567308184103
389,98,fit,1.091782785848433,2.7357706245181515,18,18,0,0.5584918280317989,0.4492066741418703,62,59,0.25379449129104614,0.21221617353389577,0.0,0.0,0.398016568793576,1.1215492952820605,0.004770710555732182,0.045522047287520816,1.2739610164099697
390,100,fit,1.1367409907345645,4.713722955831216,12,12,0,0.48746441776144517,0.040711784081666494,70,66,0.29476475715637207,0.2653969202018768,0.0,0.05274478537068747,0.36908925007999965,1.6870113870246537,0.017431985422506253,0.16633573876437263,4.331908848383621
391,102,fit,1.1475886519171086,6.154303044801621,8,8,0,0.37077676744041066,0.03339145544523142,75,65,0.32016265392303467,0.26664835190479663,0.2801719,0.20597719363891379,0.513412987091578,1.83921845717696,0.026611531222301112,0.25392682464027777,6.9163509777182846
392,108,fit,1.1484260651679288,6.744552637168005,15,15,0,0.9702548099110168,0.2194937905054324,75,93,0.3330768048763275,0.44197604607397434,0.0,0.0,1.1112692749159392,1.7654542015899741,0.0121488090969032,0.11592375092464886,2.14240965652689
393,106,fit,1.1880017768972326,4.752720637218994,8,8,0,0.2588776333581238,0.06077377786145224,79,71,0.3534463346004486,0.2939664122798496,0.21905303,0.43079762708507263,0.5937855343803649,0.5075791771008527,0.0031878366145285,0.030418288306569657,0.8396196346864467
394,105,fit,1.1576966259609087,5.3515523791651045,8,8,0,0.06777326316866712,0.04262591712084501,77,72,0.34107154607772827,0.2938319167750241,0.26143995,0.3824451938055666,0.4777535225020599,1.0214956917753013,0.0041729395602646486,0.039818125575044355,1.096387247617058
395,104,fit,1.1810567351050212,3.072318477515911,16,16,0,0.5537697586070642,0.3643796039061739,70,67,0.30932188034057617,0.26915683730737033,0.048321724,0.0,0.403956867498553,0.7235919934624286,0.009119548147601771,0.08701858919467338,2.098934293912388
396,93,fit,1.1110890906546769,6.134132830079109,10,10,0,0.17347434643560491,0.029365759529431296,64,67,0.25288358330726624,0.26615207614156994,0.28104404,0.28196941106136153,0.13205180069744826,0.007007210375511324,9.047071907181683e-05,0.0008632702201509239,0.0243481276859449
397,108,fit,1.3214255594678772,3.691108973516929,10,10,0,0.12929177467370315,0.07858739924225326,79,84,0.38948944211006165,0.3899561019585417,0.13719964,0.2562850086752825,0.09893861676438946,1.0721895604906064,0.005262660330911598,0.05021622453159922,1.0627380136525166
398,97,fit,1.166219914798776,1.957803008917548,10,10,0,0.1571035079470295,0.034251145081084754,69,79,0.29719796776771545,0.35214243625355934,0.018832548,0.0,0.5596169094871766,0.6541614525221071,0.005982487977642103,0.05708480894696663,1.3022871304112404
399,100,fit,1.2277586904469653,2.984822479616358,15,15,0,1.159121385964104,0.15479722289388292,66,59,0.2835344076156616,0.22791898351786397,0.23389398,0.262708291435182,0.5474663242830915,1.8395468673742106,0.02799596551900679,0.2671370755630419,6.692618215072398
400,106,fit,1.2936020162919422,5.1281704699937585,11,11,0,0.22487673383333687,0.07158535466327469,77,81,0.36566516757011414,0.36740929061902555,0.27653816,0.29002969407311546,0.20043076287916378,0.6004760365992935,0.004402358018728908,0.04200723300313843,0.8934675147760119
401,91,fit,0.941174816262799,3.117035864815726,18,18,0,1.6364185727874787,0.35804663914073187,54,46,0.18879136443138123,0.1475986273241759,0.15310334,0.22851697696677242,0.42845762840497964,1.76637910175055,0.020008419543047877,0.19092003380770875,6.152894365825003
402,100,fit,1.20575878664032,4.9076918150167925,9,9,0,0.2101287096170112,0.1791560329249104,73,76,0.3238517642021179,0.33269489024841503,0.0,0.0,0.09567739022965638,0.20838429715233306,0.0017712472489033893,0.01690121420709341,0.41147578351693564
403,104,fit,1.1625137402128853,4.308072031465274,14,14,0,0.20152015532775797,0.14972457699023012,72,73,0.30521729588508606,0.2906070279615768,0.3084726,0.38257380804130414,0.17137108233746626,2.2878742109526793,0.018616460170800247,0.17763797872901,4.401373994584963
404,106,fit,1.2343111939955282,4.069407294961452,14,14,0,0.5227885255523345,0.12059664027373082,72,77,0.3159884214401245,0.3372392939506671,0.15062554,0.09736469227430417,0.21655820722206595,0.20371174525792704,0.0014235131529780345,0.013583140772691168,0.2944559644715473
405,93,fit,1.0987518265026999,2.762201612226675,16,16,0,0.25152876956623327,0.20541963528141816,59,58,0.23110701143741608,0.2085753737900205,0.0,0.0,0.21720694347853992,0.26843079503087436,0.0016208714684864546,0.015466330806168459,0.44919630282990364
406,102,fit,1.2830608714126996,2.8426735370280922,13,13,0,0.4382836205202991,0.1519054401178199,71,78,0.3191177248954773,0.3419102428340338,0.006968005,0.0,0.24880572573211227,1.9283954081402208,0.014391488169918016,0.13732336039998105,3.061617021499118
407,102,fit,1.1257828769193206,2.7908604802930643,17,17,0,0.4234292913647846,0.08557323053041058,65,61,0.2628268301486969,0.22616785621555768,0.0,0.0,0.36066837664768264,1.7261469618389411,0.008075560642554222,0.07705687636025021,2.0846101845038443
408,99,fit,1.123811750151103,3.577129666828179,15,15,0,0.18351605683721103,0.27556709186823597,64,62,0.2532323896884918,0.22895138326117287,0.03798089,0.04876729280285537,0.2929515823987557,1.2021391324554584,0.004061773540054087,0.03875738110738632,1.0767297712359931
409,106,fit,1.1396571816185335,4.620683163996948,18,18,0,1.7903047696037944,0.13980989878544794,70,64,0.2847926616668701,0.25690302302187396,0.018234113,0.0,0.2912393271946973,1.989043331748777,0.03928437936280242,0.3748509481183437,8.426542493335067
410,114,fit,1.1966258009215394,4.010135315141138,20,20,0,0.6879207933992332,0.16474314331054588,75,73,0.32574227452278137,0.2951968760728435,0.15846388,0.22770637845143477,0.4245359154550922,2.0381576501780754,0.01606604708073156,0.153301975961179,3.347208831778239
411,106,fit,1.04014331139117,5.516370180834303,18,18,0,0.8050734309251001,0.2041339140203357,70,70,0.28835198283195496,0.2883785202533601,0.0,0.0,0.16230303628778825,1.0978419089889253,0.01691509567358038,0.1614035846715685,3.5837204038958235
412,117,fit,1.1541076748153267,6.8030810544442675,11,11,0,0.45230777318721727,0.05493202211261875,86,79,0.3837498426437378,0.3581900858106214,0.049474537,0.007483948759636065,0.4395085248001663,0.6389786539179655,0.00788125147462741,0.07520278124644476,1.651686043248622
413,96,fit,1.0703909044216413,1.2969992891554203,16,16,0,0.354651849847694,0.16957776699177132,62,80,0.25158628821372986,0.3556645174977972,0.0,0.0,1.0165625563598384,0.8816139307417791,0.005562029018155329,0.05307279597476459,1.1202676175408248
414,104,fit,1.0651297175413936,1.1911517378470013,13,13,0,0.43290328685579216,0.5366996460058399,72,80,0.3049487769603729,0.36504239456757576,0.0,0.0,0.5746475876668277,0.6234390731714209,0.009390355164391472,0.08960262561442243,1.896063124345489
415,98,fit,1.2671292493620445,2.378001660363757,9,9,0,0.31681431767179385,0.31353230731856807,71,75,0.32422491908073425,0.33157964378685906,0.0,0.0,0.13622315095442927,0.9158746786236122,0.013484962370937242,0.12867330506619507,3.075048820895651
416,102,fit,1.0951803899099672,5.70856746898124,16,16,0,1.169663163057844,0.4924743995152249,68,59,0.2862299680709839,0.2149279410728256,0.3022567,0.4084863817257284,0.7038695275368644,0.6356035156595573,0.005671396372984551,0.054116377604814414,1.5300235264465831
417,98,fit,1.0355683005994136,6.484631533616376,11,11,0,0.586863529044295,0.1045658641506592,69,68,0.29756760597229004,0.28608784948786636,0.0,0.0,0.20774153723315109,2.002362529032892,0.03812106025853926,0.3637505749860616,9.003235225837445
418,117,fit,1.0425454623975852,6.115773126156547,18,18,0,0.8974590271288255,0.23382349060335303,80,70,0.3335665166378021,0.2824576892079237,0.0,0.0,0.5038159005468492,1.228938184684641,0.005662818823268668,0.054034530756380414,1.2658932779555883
419,100,fit,1.090056329895311,4.899022098266336,12,12,0,0.4416830701159166,0.23414331033031255,70,77,0.3021358847618103,0.3458646925247187,0.0,0.0,0.5311129877544102,1.2452065002692652,0.017741549922714712,0.16928959849918618,3.750300879005302
420,97,fit,1.0184321689740443,3.170887735212129,18,18,0,1.4148270583479454,0.5204675657262744,61,59,0.22191207110881805,0.2158186974534641,0.30570537,0.01869141133620761,0.07656176782338024,2.421661942668378,0.02302250575253306,0.219680398402033,5.955458323316655
421,120,fit,1.2076669567481595,5.321579418456709,17,17,0,0.27655048685950545,0.21909669956753086,84,92,0.3852129578590393,0.4593626977347801,0.0960333,0.0,0.7240903749835395,0.25246387039602763,0.001100378071160902,0.010499790755352118,0.17575293359972646
422,109,fit,1.1999740930447282,6.272303329301894,12,12,0,0.42784385524858576,0.07661031806021598,79,86,0.3552643656730652,0.40491377915230475,0.0,0.0,0.49645220723460753,0.1246124352235599,0.0012646105285322804,0.01206689435622405,0.24083418634422954
423,111,fit,1.2891015299130397,3.8449550612988888,18,18,0,0.3299896262647133,0.17240043868043844,75,79,0.34402474761009216,0.35321859266862726,0.2933959,0.18050861739564708,0.18024287870958,0.3336165525547752,0.002662366455290874,0.025404260069569404,0.4996494542900753
424,93,fit,1.0641613852042708,2.502264989339283,19,19,0,0.5279840247285803,0.20777833924419004,55,58,0.2214217633008957,0.2072575905141407,0.21658443,0.1158083134047682,0.14277148507938664,0.2484827987352987,0.0009992492466135386,0.009534821055472696,0.2642029912773764
425,91,fit,1.040610605193493,2.799310903515438,17,17,0,0.2471457509629767,0.04181805059979985,56,64,0.2106562852859497,0.2413604970001917,0.12859412,0.032583203012368694,0.2988974968130783,1.5009877363094066,0.0068924298866171445,0.06576746075016358,1.7825102500287395
426,97,fit,1.073811261668496,1.2630655155344428,21,21,0,0.43250813286075135,0.3633829854552433,57,64,0.21465136110782623,0.24218639147163248,0.08446737,0.051496418466647785,0.3367624293232022,1.4655064125980173,0.006419644495429524,0.06125614976554889,1.4886547887424983
427,115,fit,1.3047178364053558,4.620932353624586,10,10,0,0.18026683714932204,0.17229080623338708,87,85,0.4078141152858734,0.4001745290692012,0.23574601,0.214296407960251,0.8027884812413688,1.1159536158681367,0.007169418756563555,0.06841048431835453,1.4131153592197032
428,96,fit,1.2320515195716386,4.020144366205916,8,8,0,0.12417525648042227,0.08242950236499876,71,77,0.31935757398605347,0.32738310810111865,0.2659574,0.2626371019201357,0.09554539092900004,2.0072801213517737,0.01299020983168444,0.12395238389011869,3.23554075237246
429,106,fit,1.346927753782476,6.433663004228778,5,5,0,0.2779131194550908,0.0456388995868243,83,84,0.41477715969085693,0.4086452337991928,0.21069461,0.3546233438243475,0.08851573544060831,1.5019095261690727,0.030616043251914554,0.292137817289261,6.096035712664022
430,102,fit,1.190692951874297,3.1179627361806195,16,16,0,0.43195876469515787,0.1350694094318094,66,68,0.27505433559417725,0.27437373385829306,0.18920577,0.23420224145180957,0.09031169361033328,0.3439664995827307,0.0037614404090656433,0.035891606956733234,0.8592984956840236
431,104,fit,1.124988485574673,4.413396929196075,14,15,1,0.3322209723608792,0.16584455562565947,70,70,0.2886941432952881,0.2793228904604504,0.26878446,0.3427977220947046,0.34885771074196176,1.762570291031955,0.010066378008681574,0.09605322527367914,2.4053208135320374
432,96,fit,1.0354601519513618,4.6538186140646305,14,14,0,0.13611980051550618,0.0682023909581573,64,59,0.2453627586364746,0.21239012273771132,0.3132762,0.3290822165575862,0.31363091580819275,0.7471385440864025,0.002192112927798995,0.02091710808968507,0.6353440961081249
433,95,fit,1.0211399866452566,5.0600525428142475,14,14,0,0.333412089187679,0.33047635695081373,62,69,0.23938636481761932,0.2725446822840027,0.0,0.0,0.3328793612348626,1.1332739446861884,0.004578195666104551,0.04368507314985259,1.1590024388279168
434,100,fit,0.9661823479254177,2.6632862012374874,21,21,0,0.49130447300298036,0.3744474794870492,60,68,0.2117273360490799,0.26236351821807696,0.0,0.0,0.5022570921303355,1.5618102021982898,0.007885726197570693,0.07524547898445318,1.8331548795776873
435,105,fit,1.1516126092579715,4.24302570147301,19,19,0,0.5524028735496915,0.23903834047142827,67,73,0.2764396369457245,0.30071876205053333,0.0,0.0,0.23829434167741012,1.7703475410185527,0.012273452453803594,0.1171130959332404,2.584382673418461
436,120,fit,1.208580796647939,3.1443433132082617,18,18,0,1.8175794340610785,0.2133975988473606,83,76,0.39250946044921875,0.34255395948960093,0.027952626,0.0,0.5743030312258398,2.0008228093878895,0.04040372694121494,0.38553174562227993,7.14796009022737
437,97,fit,0.9951504048481793,4.608325946560416,15,15,0,0.46479968097032376,0.333982928896377,63,57,0.2206590175628662,0.19495591952760916,0.19016759,0.2970427565463451,0.6153906906718049,0.7287564519893182,0.001962373415856189,0.018724937174200273,0.588377059052224
438,118,fit,1.1356618807749232,2.622078194579436,21,21,0,0.5655430959675498,0.1932211102676783,79,78,0.35535740852355957,0.3410837730102949,0.2137476,0.09946140446382215,0.4851207402300925,1.5243418261371406,0.00971825569784484,0.09273144749851946,1.7955285565732124
439,102,fit,1.1997395824805128,4.873923131498177,13,13,0,0.3030794269837349,0.1043416223552312,71,83,0.3155277371406555,0.38574206482663453,0.0,0.0,0.6826217357375931,0.5329778555231319,0.003304727276316835,0.03153365721676369,0.639794649663851
440,96,fit,1.106302105998825,4.734943667292945,11,11,0,0.7547683166782773,0.04541904918816492,66,57,0.2648017406463623,0.21997092066919874,0.0,0.0,0.4485284455037271,2.2149460025025833,0.035487478165858954,0.33862097486506637,9.69888771202378
441,108,fit,1.221715711553486,5.70420766785953,11,11,0,0.35023903517151245,0.09955398949054808,77,73,0.3576728105545044,0.3149827166987783,0.33609712,0.481632774893531,0.4288156876430772,1.0569916082225963,0.01247279092778868,0.11901518060867061,2.834587269852217
442,100,fit,1.278233600362564,4.352786671166762,9,9,0,0.08590392588686437,0.0526790710308612,72,80,0.34077659249305725,0.3576206229254002,0.09194217,0.0402645103563596,0.16279606195889226,1.5143606720388194,0.00915334481710222,0.08734107649906699,2.07343064955322
443,99,fit,1.1295750509382152,4.175055521020738,17,17,0,0.3624151048024061,0.36418018396382507,62,65,0.2520867884159088,0.25068737324123436,0.18974248,0.15229597793817232,0.01499180158762905,0.40478474964717615,0.0024322139602463125,0.023208148475632753,0.5973455114143668
444,100,fit,1.0925040723010477,4.484622025386712,15,15,0,0.8580736487697248,0.11685082890711773,67,59,0.2720962464809418,0.21885269359762252,0.0,0.0,0.5164621048110318,1.3861259075517027,0.018880302263690148,0.18015555595124186,5.029204835415271
445,103,fit,1.171573038895502,3.3189798105897426,21,21,0,0.4549935679846003,0.11165803322198815,63,65,0.2556195557117462,0.24440829289726612,0.0,0.0,0.10475095904320528,1.8021745907169076,0.011279373048965927,0.10762760542906419,2.6326464153488307
446,100,fit,1.0546435968535608,6.094529460700778,17,16,-1,0.818921504518014,0.6188790818158633,64,69,0.26114723086357117,0.28264367775692545,0.18194585,0.15036716934606123,0.19578083799934826,0.48835693641852057,0.0024719173775975337,0.02358699787783906,0.5694820674349368
447,102,fit,0.9315472029443203,5.935120464038766,16,16,0,1.0029362156729782,1.4875132649167142,66,70,0.2529432773590088,0.2789021127948911,0.0,0.07179848569974916,0.2931771535399342,0.8678025467631999,0.0036229685744600605,0.034570310825000575,0.8774232213851322
448,102,fit,1.1171987530040315,5.3982193935443155,16,16,0,0.7331987075040944,1.2127297865046698,67,71,0.28281089663505554,0.29452168083326574,0.23817715,0.18952245005630472,0.21401216864787265,0.05632950859193007,0.00036571193710124297,0.0034896177204317078,0.08208683028970257
449,114,fit,1.2161714990941048,3.2581844571176797,16,16,0,1.3687380955460136,0.12345489048705316,79,67,0.3375644087791443,0.2686920461255473,0.2784532,0.3168003373387864,0.6742397728528807,2.0342503210919634,0.0339820069876138,0.32425579186654385,7.3133140281692715
450,375,fit,1.3407939109745708,6.74964707953674,13,13,0,0.5212484958653667,0.1466026790657001,91,98,0.46596717834472656,0.5161947990938147,0.0,0.0,0.48539535067639344,0.11764746872088358,0.0013682675233874478,0.013055987818582516,0.20742257764379457
451,99,fit,1.1129573783167492,3.397408617489898,10,10,0,0.21375006802420934,0.14865392649647674,71,70,0.2978026866912842,0.2847784018856349,0.09528642,0.2425549858183357,0.4393614362200362,0.4559231513496683,0.003512028311512435,0.03351172052969881,0.9025382733588432
452,87,fit,1.1872792653984414,2.039995629856984,9,9,0,0.1557902166765988,0.06737218475998719,59,62,0.23069939017295837,0.23035147187085062,0.0862066,0.0,0.15070137934725394,0.7778208215042364,0.0018891053416432114,0.018025814328656596,0.5816243447631536
453,104,fit,1.1095534333105952,4.7745248620345,14,14,0,0.2852273763198192,0.21828330665681794,70,74,0.2696857452392578,0.27555831590956553,0.28918058,0.41276737293776355,0.14586855820104816,1.2048394850317663,0.009384110700533292,0.08954304103562301,2.2915387138808265
454,229,fit,1.3640889060286345,5.364997759197587,13,13,0,1.2056385429880436,0.29834601311117126,80,80,0.3990793824195862,0.38356044343143,0.13631599,0.29858481813524285,0.1597291300084465,1.7051599086267808,0.044687024690666266,0.42640290735368575,7.851095526024236
455,92,fit,1.0317643571597457,2.960056383803287,16,16,0,0.4869792331118799,0.10681839532854262,57,50,0.20548798143863678,0.16400119907711166,0.0,0.0,0.4038222310460056,1.0655631536925,0.00820917746609445,0.07833184605051956,2.6032526971327368
456,80,fit,0.976372894761127,4.788406951928238,11,11,0,0.19414911195938242,0.04990107278531326,51,50,0.18091268837451935,0.1628103121933126,0.06668802,0.0,0.1835918419187968,0.5176744100079543,0.0005375595544786276,0.005129385061818965,0.2041419530865187
457,94,fit,1.0785378798425023,5.886019750176317,10,10,0,0.25941230229081136,0.07270094174651202,66,67,0.26599058508872986,0.2592211360714447,0.099673264,0.15104620469626914,0.07157486375646954,1.1061477840012448,0.0032829987116631382,0.03132632358457193,0.9212141191171982
458,98,fit,1.192273551466311,5.700074906374019,9,9,0,0.10550265680877045,0.038460339527979205,72,82,0.32384055852890015,0.3753875480740484,0.21699183,0.1635500221507312,0.5056090571891422,1.0007409915456962,0.004824262712443091,0.04603304114926613,1.0383867958691344
459,97,fit,1.1367168886948007,2.8380841459164903,19,19,0,0.6430598138933181,0.28932583337668066,60,60,0.2361467182636261,0.22189460669840086,0.21140274,0.08146343257932301,0.16995069259434037,0.9374182704677092,0.005515002973927493,0.05262407417869745,1.3657581902480103
460,99,fit,1.2376198389227957,4.624672722972965,13,13,0,0.5866990506677286,0.16131632021755304,68,78,0.3066323697566986,0.346452576145992,0.24093588,0.208482937548624,0.3781390237825409,1.2173751898005285,0.010084559982873754,0.09622671739383352,2.078340013998801
461,85,fit,0.9838150705847054,1.8644723227790188,16,16,0,0.9391730984905254,0.22987444191852785,51,44,0.17271028459072113,0.1354200331124175,0.21200962,0.11604130431830588,0.38669149686272974,1.603161076941088,0.014662268699823133,0.1399071440822818,4.988359287978656
462,94,fit,1.0988708937952627,3.181530453145417,15,15,0,0.2428587066030635,0.31413300535088523,60,63,0.22785483300685883,0.23582737871125217,0.0,0.0,0.07679308019025032,0.2790555775797167,0.001456228010492732,0.01389530544363294,0.3929342631874076
463,95,fit,1.2753643986295249,2.0484770885716475,11,11,0,0.16403388491980997,0.07222833745984575,65,67,0.2721385955810547,0.25744750678688316,0.19720091,0.3116780102400067,0.140995262422227,1.4501987742943507,0.007926266076143934,0.0756323098868696,2.0898460145867137
464,94,fit,1.1801423585023405,2.043963217220869,15,15,0,0.3402192830720454,0.3029904574570709,62,63,0.25546932220458984,0.23744050383053122,0.071412414,0.158835995596814,0.18175090296568971,0.14544483650771237,0.0008555203490230851,0.008163362108998902,0.2163145438354166
465,102,fit,1.3521362414837907,2.4947144485119863,6,6,0,0.059619706768183164,0.03226867998349877,78,82,0.3643028140068054,0.3774081059566926,0.03685858,0.0,0.16498757682580412,0.747420715715252,0.003557961354965778,0.033950012929062766,0.7901564413223832
466,115,fit,1.3267987916761732,4.8687287106801636,10,10,0,0.7822042048570159,0.09583762521210931,86,77,0.4354390501976013,0.35895718574671437,0.24290656,0.29484107517105385,0.9294650104276246,2.0565087646158546,0.05068785398244085,0.48366272884008443,9.7246355576338
467,99,fit,1.2112949698758608,3.00557472516769,13,13,0,0.23402285630617195,0.1639444549058327,67,73,0.2980082333087921,0.3069426909868196,0.0020612718,0.0,0.11226222620355791,0.3386270622534446,0.002211932037080695,0.021106221727869228,0.49718961885159735
468,99,fit,1.1361622300956074,3.8379708857222252,15,15,0,0.39988132880345634,0.15953333586644008,66,67,0.25660738348960876,0.2624915542972342,0.26124516,0.3769051148525715,0.07045913753795173,0.36526196779453385,0.0034367995506813186,0.03279388884237899,0.829342274877169
469,134,fit,1.1134711952342466,3.8580216712676854,21,21,0,0.6962573160898183,0.2956459263281721,95,72,0.30654215812683105,0.2762514383050969,0.17490575,0.2546904168939263,0.5982179451741468,0.5643865318272044,0.0036976172228244193,0.035282607088019266,0.7837344807306584
470,101,fit,1.145263150561732,3.048449985264329,19,19,0,0.30235774078928346,0.2597342451824779,63,64,0.24041345715522766,0.24382804184145973,0.06456026,0.0,0.48508433581701055,0.9779400083330911,0.0038327402551738,0.03657194899975,0.9144156618324283
471,116,fit,1.1820181721349148,4.278680542574304,17,17,0,0.3389183548934691,0.16134325242906317,80,71,0.3204008936882019,0.28489288137156904,0.26373357,0.307999019705333,0.4841008829501524,0.12457079980660586,0.0003997055828137907,0.0038139845688338805,0.08706058633031004
472,84,fit,1.0240271229513815,4.404691762193766,11,11,0,0.15024033970688636,0.04513968701585366,53,56,0.1831897497177124,0.19441931412698665,0.26676387,0.2495679462709871,0.1554377773055128,1.793141039299434,0.006983575690524921,0.0666371726195126,2.3385737916427596
473,96,fit,1.1177448166373343,3.293414768258325,18,18,0,1.1831755805291218,0.8545235049882095,58,60,0.21733826398849487,0.22173417067864226,0.058542863,0.0,0.311368826941264,2.115646883014732,0.016309031848039543,0.15562053290114067,4.030169378948423
474,103,fit,1.1616041058969508,5.05753025646041,13,13,0,0.24845178659325712,0.07807354240780601,72,76,0.3129861056804657,0.3151386958611429,0.2923196,0.39329239715065595,0.037788323844049794,1.4479542414216737,0.007740059493250935,0.0738555295157532,1.7480962589786833
475,100,fit,1.0786140386187064,4.491917909296024,17,17,0,0.3863354648223933,0.05850614165318628,65,59,0.24216309189796448,0.2170213575207728,0.05595859,0.0,0.24466792181611421,1.0882443088451272,0.004948724885535945,0.047220657304732294,1.3085846135322268
476,85,fit,1.1021465277197366,2.8636725986969647,14,14,0,1.0129730666009211,1.177047862907682,52,58,0.19647011160850525,0.21079658408353388,0.0,0.0,0.17757106626393201,0.10779713138891513,0.00041515028151379354,0.003961357648032381,0.11932924643645008
477,97,fit,1.150552481864944,2.2990349271312716,18,18,0,0.8060151762025306,0.1443757574335513,61,59,0.24498526751995087,0.22011841071520974,0.0,0.0,0.247387185260213,0.9869551053855973,0.010479762018441379,0.09999772918360093,2.591617772148868
478,100,fit,1.2103825738135703,4.702800682261482,16,16,0,0.7128479033113652,0.3559906930451276,66,78,0.2917494475841522,0.3426734075925957,0.0,0.0,0.5033738386738282,0.8712285238443822,0.004972041252652897,0.047443141723787184,1.00960292346456
479,93,fit,1.1095524573016142,2.535792315068708,15,15,0,0.3846779701409887,0.1930634255182901,60,58,0.23903922736644745,0.20946771148307208,0.0,0.0,0.2951504082376735,0.5018591949908081,0.004451378482666642,0.04247498552162826,1.2474161862158188
480,95,fit,1.0709718131974253,3.0414686639882427,16,16,0,0.23334046871462139,0.16507859441378955,61,64,0.24125505983829498,0.24253561205164492,0.0,0.0,0.14886346992651386,0.8810102984101305,0.003930201089331448,0.03750191879133061,1.015908451552023
481,109,fit,1.209932794058459,4.364762258576682,15,15,0,1.0243031278468393,0.21533202201960247,75,64,0.30282437801361084,0.2507879922614283,0.19250259,0.3745142463493993,0.54192003520574,1.5317357299305179,0.021392829168543046,0.20413004931815884,4.986706818738672
482,106,fit,1.2202920730659528,4.405913548850533,12,12,0,0.2544722759488652,0.07105638807169037,76,83,0.3505602777004242,0.38055121055800895,0.0,0.0,0.2863674451423515,1.5476051447860995,0.008563184118879559,0.08170977212671335,1.7221313993829057
483,97,fit,1.0509106866237348,4.259353837348516,17,17,0,1.9510276664012942,0.18333485367862837,62,49,0.25292250514030457,0.16715113236337154,0.25450644,0.12873257593447113,0.8373467510401666,2.2924795263611233,0.03332047282873868,0.31794344302231564,9.37960757893295
484,104,fit,1.1845815088779414,6.193913171652925,15,15,0,1.0944419728060941,0.1572968842903051,70,76,0.31544601917266846,0.3444154424638047,0.0,0.0,0.28204002274470674,1.3978025787910258,0.02570884190559185,0.2453133769617543,4.960366210459254
485,92,fit,0.9816076278276852,3.2915494004225576,18,18,0,0.8831230702278697,0.44791697029668065,53,48,0.19398322701454163,0.1511542801704076,0.07330662,0.0,0.41255372772917404,0.46132360799254185,0.002672133281382805,0.025497454975026763,0.8501408923643903
486,116,fit,1.2325705544722,6.178007058889694,14,14,0,0.8160974722894153,0.0794591727484448,85,80,0.4022326171398163,0.3729109853527824,0.0,0.0,0.28562197488653585,1.7656779172548067,0.02648874281016047,0.252755179486264,4.902735929643695
487,100,fallback,1.3123972415924072,5.142692285499569,3,2,-1,0.2232224949913786,0.02835977299657595,79,82,0.3847613036632538,0.3772734521133086,0.1432468,0.4006085219526295,0.17533170923273025,0.9506283900479369,0.013369089520930567,0.1275676481004825,3.145703522035246
488,100,fit,1.1316770003051573,4.526810450592883,17,17,0,0.6315343526428732,0.37867126803137036,65,62,0.2631889283657074,0.23219225221453232,0.25907627,0.3910007672078854,0.3738318477254729,1.6059340019978208,0.006651182134608839,0.06346547838367213,1.6583685815147595
489,94,fit,1.167015790193966,3.355939863821879,11,11,0,0.2876711614029608,0.1094871645114695,65,62,0.2773894667625427,0.23773382820371994,0.16448167,0.0758422424266571,0.39946561086199617,0.9290853018125004,0.009756476476469687,0.09309614958463441,2.6928561812298932
490,106,fit,1.2531577001052696,5.583717163358848,12,12,0,0.8401498412581812,0.09636725798163591,76,76,0.3560332655906677,0.35006313973169234,0.0,0.0,0.21450762351010003,1.7585968806655539,0.03934072869863805,0.3753886326205921,7.644163100928823
491,104,fit,1.1335525768996222,4.4404840175240805,16,16,0,0.23300965073243676,0.21662378178305308,70,65,0.2909969091415405,0.2470575983198764,0.2640507,0.2764223800665273,0.5089536948249014,0.029906265113909463,0.00015856340510424772,0.0015130095906893866,0.038775828751834794
492,96,fit,1.1588378645953,3.7294452795355353,16,16,0,0.5210449790094258,0.1629393763859385,62,61,0.25377824902534485,0.23339484696803,0.15963301,0.058091314332394964,0.2282251256073425,0.7486629429855383,0.008355862814786775,0.07973151540827075,2.093625461413714
493,100,fit,1.1289417915481945,4.66734118624583,14,14,0,0.1642296477587714,0.14240500280858592,67,71,0.26622986793518066,0.27131007039169075,0.31482765,0.4032159913563694,0.4606632837496021,1.728522866888492,0.008210716523730746,0.07834653171498804,2.000046742529
494,100,fit,1.0514410418529008,5.257881276803424,16,17,1,0.3759923234126034,0.4168434432841872,65,61,0.25734275579452515,0.2117979270730984,0.3025854,0.36635124703912847,0.38147768844398505,1.7572954174330306,0.008407065300695245,0.08022008874709202,2.2592467902528903
495,104,fit,1.112340228199835,5.096932353772974,17,17,0,0.3108539023640961,0.24877879040753953,68,71,0.2794676125049591,0.2923835612225936,0.013153924,0.0,0.15410501319081116,0.9140839942391079,0.004867840795165704,0.04644886254929107,1.077934243820331
496,97,fit,1.1471990874698146,2.196735660475496,14,14,0,0.8518049311637362,0.13565666177487068,62,56,0.26161161065101624,0.20672588531561284,0.12136535,0.0,0.53743039925749,1.795339805454221,0.02394738873079145,0.22850561766022376,6.540932470572916
497,96,fit,1.1061479716094182,4.4179267391978385,12,12,0,0.5067557413992857,0.12199432594791264,63,64,0.2473594844341278,0.24062657187914094,0.22051038,0.3216956007402035,0.1240996079739829,2.3670821848628703,0.01304897260349022,0.12451309736154789,3.6631452896891807
498,99,fit,1.1447181809301692,8.094959477156552,12,12,0,0.7064052743614302,0.10743065994806145,69,74,0.3022070825099945,0.317409057310834,0.0,0.0,0.27500413119869316,1.1577035776505262,0.006462844611738597,0.0616683646158263,1.4754845239638663
499,116,fit,1.297155658446774,4.919748679960581,14,14,0,0.9038328871265421,0.17668205533378337,83,83,0.40650126338005066,0.39267555555435235,0.0,0.0,0.21935564525979775,1.6815946143527645,0.02225121205872679,0.21232072575120983,3.942963776238384
500,112,fit,1.3026935253379544,3.695108550579911,18,18,0,0.39693258114465996,0.3574940783182138,75,73,0.35773929953575134,0.31016269591382445,0.22572367,0.3422707916106697,0.46524004210921854,0.3401666967038075,0.0020878784497846844,0.019922504291838592,0.4122363038744051
501,117,fit,1.2407515179697384,3.472111986428642,17,17,0,1.424559701583433,0.33741106321547765,80,73,0.3501400053501129,0.316219706312918,0.0,0.0,0.4710829545481568,2.278177068657834,0.033911506155265496,0.32358307400062497,6.605536307323704
502,116,fit,1.1737851712650869,6.98297865607347,19,19,0,1.8669515302408464,0.25503641859697096,78,79,0.33219587802886963,0.3516570427403862,0.2851385,0.06361997310063705,0.18719867458576775,1.6066132611324875,0.011539559783520503,0.11011030327786739,2.1179404203181473
503,108,fit,1.2621922236685676,5.8862354789614635,13,13,0,0.5084147321823522,0.16363542305711667,76,75,0.351633220911026,0.3381679412801507,0.26448184,0.29271649064198746,0.26040951808064106,1.560657861776861,0.023358539978359814,0.22288683185457836,4.7101959115901595
504,102,fit,1.0872576197383896,3.3477358866649403,15,15,0,0.324236178609145,0.15899488011680854,67,68,0.2649043798446655,0.2641555046974422,0.058323283,0.0,0.010098401614398685,1.9139805724959023,0.01157334683520153,0.11043269880917489,2.9665414695627526
505,97,fit,1.1021201518268549,2.567735290250371,17,17,0,0.27662243155693605,0.2362217524663539,62,61,0.25025036931037903,0.224720568862958,0.18525253,0.2838943315552853,0.27992683959212983,0.7085070245856784,0.002580086980163229,0.024619150574076612,0.6614929386256023
506,106,fit,1.2255365702638028,2.8185259145536627,13,13,0,0.28140483484124024,0.10037736208667107,73,74,0.31331223249435425,0.309000041112138,0.0,0.10994204465856251,0.1587261599128942,2.317510730345852,0.018578743879612083,0.17727809045431375,4.3283425768764445
507,202,fit,1.2300997818127795,1.5496595142247014,15,15,0,0.6986189906862169,0.15569982552132555,74,86,0.34236571192741394,0.4114601614266709,0.0,0.0,0.6807448598490186,1.2340339727271061,0.0171405226016376,0.163554604977458,2.965223998977993
508,110,fit,1.221342312822378,2.042088351222403,13,13,0,0.15822845425541238,0.15790672319523638,77,87,0.3515234887599945,0.41361912734609785,0.35115793,0.25566357518841154,0.6050358745158613,1.407942039261328,0.009663750760978461,0.09221136222307692,1.8021166117825451
509,109,fit,1.0423406336875312,6.391953625013694,18,18,0,0.6060585768994967,0.8263018208808839,71,76,0.2819330394268036,0.32644088230136403,0.0,0.0,0.523512531088907,0.01647629659307203,0.00015128655013555168,0.0014435739516751114,0.03092305137661017
510,109,fit,1.185585574722005,5.355451862096132,18,18,0,1.4402496219113896,0.2187001536357251,73,76,0.33974751830101013,0.33080009932932725,0.1888805,0.17338209111920874,0.5551883006070001,2.316885692875553,0.02091446532176447,0.19956550879546248,4.141082688746588
511,99,fit,1.2421066157888332,6.384405360974985,7,7,0,0.07837259805333463,0.07220898491583537,73,69,0.3297909200191498,0.28288263419197957,0.35750413,0.4640815402182678,0.4514388016449806,0.007584173403328981,0.00023577981560524866,0.0022498074008134414,0.06463970116562565
512,101,fit,1.140532354538918,5.689205724457621,13,13,0,0.43327583452209734,0.7787393495397047,69,73,0.2996964156627655,0.28245765859020144,0.39216885,0.4111087181861333,0.1741971839350263,0.571360756267758,0.004663966170228459,0.04450349399072957,1.1443041543268184
513,95,fit,1.131780375813616,4.6861253352054515,18,18,0,1.1533154488306743,0.4785165847016098,59,55,0.2352011501789093,0.19751005138810868,0.17940257,0.14027049176958944,0.3807451482685836,1.4232371756154467,0.019276836308143315,0.18393927774945912,5.024955812048795
514,88,fit,1.024038546533292,2.5759011168612593,9,9,0,0.16710023090633322,0.057513560242395054,60,57,0.22180522978305817,0.19726683291165595,0.08382386,0.0,0.24492118617382588,2.4744846425144558,0.012776281189689978,0.12191108005429367,4.703258678850841
515,87,fit,0.9524782676774864,3.506714430835876,17,17,0,0.3475579924810705,0.35896878662748066,51,56,0.17654888331890106,0.19405384051677263,0.16337222,0.2687223287664065,0.1673149197825555,0.3363935436739664,0.001343228576398016,0.01281706656868336,0.39295303920999786
516,94,fit,1.0241939767441501,2.108661467601016,18,18,0,0.31668883338675785,0.1266255312732148,58,55,0.21226947009563446,0.18674879056945776,0.1629058,0.006216018623826786,0.24939719516830164,1.8908588936163675,0.009064354221519785,0.08649192959465443,2.6387975601459157
517,101,fit,1.2328652987608733,4.610552098133415,10,10,0,0.13949248940872203,0.1516008344146883,73,80,0.33642473816871643,0.35903638194774,0.14449419,0.2626451433979577,0.35623031189395715,1.5727651989529574,0.00876520485690379,0.08363745092465448,1.9096038535677087
518,107,fit,1.2456975679122275,7.132795650750908,7,7,0,0.1656538234866122,0.14748070238863079,81,86,0.39231330156326294,0.41534911488347687,0.0,0.0,0.3848707480466659,1.0974904493480606,0.008994236944165465,0.0858228716046323,1.8062362252600295
519,109,fit,1.190297004467771,4.77572505970366,10,10,0,0.3506012987999686,0.10617241199760398,80,75,0.36360788345336914,0.3248884837557202,0.24192162,0.30326873355087725,0.4558810774379555,2.329224939846901,0.018813783117504274,0.17952083127389573,4.371495022183869
520,105,fit,1.3095746098661392,3.4656422390025274,9,9,0,0.24568010308559077,0.1200934658308358,78,76,0.3684915602207184,0.3356124005005165,0.29188725,0.27480812532784,0.3189377833898136,0.7468381983404369,0.010681015401385465,0.10191808589108267,2.3806283169467974
521,102,fit,1.1473213760860599,3.8815807820726125,13,13,0,0.2152364138702444,0.078404500402898,69,68,0.29615479707717896,0.2761245353432438,0.1646153,0.12656043840252484,0.23049722898329,0.758382220672008,0.00321103810055735,0.03063967653203578,0.8037797782372614
522,108,fallback,1.2654222249984741,6.080557824616457,3,3,0,0.4639951609779908,0.06496329104443524,86,83,0.4131554067134857,0.38522610346396435,0.0,0.0,0.26699002190520305,0.7326908653249046,0.0025403915146347657,0.024240377048041658,0.5977172245609383
523,106,fit,1.1716414515837883,2.0082376939575584,19,19,0,0.4766391111770713,0.32135322389536985,69,68,0.2971439063549042,0.2700810592604285,0.22077668,0.2652050048066368,0.2626081672770536,0.7940772486968023,0.003331106154487692,0.031785364069539045,0.7239611509775783
524,100,fit,1.1331096020230862,6.832841588293884,11,11,0,0.26357949323052904,0.11422601743038967,71,79,0.3131917119026184,0.3506155142449768,0.24975353,0.1848926061087438,0.3680643903225146,0.8400748599414517,0.01103595186028416,0.1053048841630168,2.346386902547219
525,106,fit,1.235559259949717,5.546408306406672,16,16,0,0.577663891624227,0.598614472748023,72,78,0.32752493023872375,0.3444816744392872,0.16602232,0.04678803124022688,0.24837213227159852,0.9204110998296403,0.005932438333270496,0.05660723600448946,1.1977188266476997
526,99,fit,1.0687382946612527,8.338827727166358,11,11,0,0.11004322299323291,0.04551073765392354,70,72,0.28910139203071594,0.29716711823344977,0.0,0.0,0.09237595514039872,0.24987053932058037,0.00116769357611873,0.01114211427594208,0.28832173512193343
527,96,fit,1.1428926759930396,1.9587402606167288,16,16,0,0.4742794047961384,0.0896009663734032,62,61,0.24853433668613434,0.22851530917261362,0.06593575,0.0,0.20166248986239818,0.6561960868561578,0.006633423167403909,0.06329602258973195,1.708233922454071
528,93,fit,1.0363937739836813,3.9952352675635234,17,17,0,0.45648261123516365,0.07993872561282796,56,58,0.212155282497406,0.20476995221366123,0.19491312,0.1660190675875884,0.07669674297235143,0.9930874667520169,0.0030849141175997522,0.029436203412211374,0.8681862592975467
529,101,fit,1.100443586166188,4.903993464363161,18,19,1,1.393522085494004,0.22301831565367464,65,82,0.26355648040771484,0.3412389256337998,0.21697521,0.19449071516519173,0.8083057117768602,2.0397786777651685,0.018270815911995784,0.1743398464885094,3.514769272681216
530,121,fit,1.1233411170883063,5.433482696771857,15,15,0,1.2896561340581727,0.25864461187194965,87,74,0.39718955755233765,0.3233432236945406,0.078774385,0.05451031111087498,0.7929969477745361,2.186549099147548,0.04090817616703147,0.39034519243350635,8.14985400454833
531,102,fit,1.1833074062679447,3.840813178069372,14,14,0,0.5355394402336813,0.1333438735154897,70,73,0.3043098747730255,0.31598613225277106,0.24549676,0.2814190108879067,0.420127496916183,0.8660090535527907,0.013185674180240749,0.12581750171985448,2.8129871082261273
532,123,fit,1.171590609941971,5.100642301775193,16,16,0,1.3058202692821996,0.17945061270286788,88,83,0.40472280979156494,0.3674169443841033,0.06722605,0.09799657244319095,0.7613243244521244,2.318779165217889,0.05874835319874423,0.5605758893009946,11.06954870967719
533,94,fit,1.0404428883559222,4.752040061613937,13,13,0,0.7267923464247188,0.12577713892222797,62,63,0.2381909191608429,0.2408836555361875,0.16288967,0.25502623988127165,0.10427280437496152,1.8712097033189794,0.0236414919299478,0.2255867550567538,6.085429716787079
534,383,fit,1.3781827390186456,6.271301866016669,12,12,0,0.26975638388161566,0.1468571098110264,86,91,0.4336966574192047,0.4514382168986019,0.0,0.0,0.19160253726910118,1.022279835165328,0.008860703095489373,0.08454869365924973,1.5329197654477211
535,107,fit,1.1449209178303257,3.018699977477005,12,12,0,0.18284614909040123,0.1036276310166803,76,69,0.3032070994377136,0.2791347946709599,0.20760994,0.34589505655212666,0.3549536980583644,0.31783452985819427,0.0022958089793546953,0.021906574230483734,0.5781808913225868
536,96,fit,1.1562950861334247,4.394980468908004,11,11,0,0.24399311575040306,0.052426248990082906,66,67,0.2727242708206177,0.26396565779368536,0.29861274,0.3591283988163861,0.08968228828080055,0.7826999505141965,0.003347324618048324,0.031940120401224466,0.8942260543465786
537,232,fit,1.3175213480832848,5.4074323054605,9,9,0,0.15110221600774593,0.03873810546427851,88,88,0.419182687997818,0.4278237343989471,0.0,0.0,0.3942176584883972,0.7584589217394934,0.007256182720843269,0.06923838474087088,1.3413740213505667
538,102,fit,1.2465957372152716,5.317028167073658,10,10,0,0.2045264636284659,0.07151845035958936,73,78,0.3445344865322113,0.3425986904602952,0.06350216,0.08729444953713,0.24296230086563822,1.2414163947570436,0.005618492637127211,0.0536115709649543,1.2606113263050323
539,105,fit,1.2650509928017757,2.2435317232495424,15,15,0,0.606045148057786,0.12252129501036275,71,64,0.3097085654735565,0.2522676033578602,0.13050312,0.03446046783559144,0.5883075512367166,1.5893966077041164,0.00909000082101852,0.08673664905552023,2.1565574217516597
540,108,fit,1.200336092064826,3.6561517739604183,14,14,0,0.5208554717115296,0.10576143543630208,75,72,0.32902243733406067,0.2965081250430685,0.2427439,0.3172486811696324,0.3480684851122725,1.9579311783842381,0.011375523842096566,0.1085450748291657,2.5469405204893354
541,95,fit,1.0115748343853759,3.250852214863023,23,23,0,1.0017263856930265,0.2473830254742901,53,54,0.1870480477809906,0.18165136042306892,0.0,0.0,0.13862388911162643,0.9574231098423783,0.006081980606416593,0.05803416609176138,1.5612068389345686
542,95,fit,1.081862817244131,3.6195738067140373,19,19,0,0.3657893338973899,0.2749492274726837,57,60,0.21924322843551636,0.22042742561943546,0.0,0.0,0.11655524753070137,0.5335214145352127,0.002132846262428962,0.020351586473558798,0.5414473800476568
543,105,fit,1.0886286909201732,4.757679786453732,20,20,0,1.0826796626922854,0.6701423559797528,68,66,0.28311440348625183,0.253846272123806,0.22161444,0.2899950767715139,0.44703950083325666,2.12555126486333,0.014116469300015403,0.1346991345421317,3.2609942101099683
544,102,fit,1.0890084962374271,6.460135493323694,17,17,0,0.845333730458291,0.28270242273428847,66,85,0.28803128004074097,0.3982571396891748,0.0,0.0,1.0577162199728107,1.6829732620017317,0.00986663650181232,0.09414729486462138,1.8253996462617046
545,102,fit,1.0293722259078972,4.832038748873495,16,16,0,0.50983622552036,0.10187905487954874,68,73,0.2792367935180664,0.30106800715983884,0.2370906,0.2545709953530087,0.4461898772429713,1.3125722218763636,0.006132815554605125,0.05851923239127027,1.3841561761910108
546,105,fallback,1.2446202039718628,7.389615959839367,3,3,0,0.3845724942017575,0.015948608502560694,83,80,0.38753601908683777,0.3684938227479755,0.0,0.0,0.24802446130761868,1.2638572834888804,0.017115975361310945,0.1633203755850281,4.016812881701263
547,104,fit,1.1577000984313417,4.438289269852934,14,14,0,1.2989738760369016,0.27599733492027373,71,73,0.309291809797287,0.3290197543716743,0.060809977,0.0,0.43223511684624055,2.3668992178666524,0.046444372098749326,0.44317148949188284,9.113404090580932
548,91,fit,1.096912845752458,3.6942103077466566,15,15,0,0.8932817762718209,0.0648016048209475,57,60,0.22358351945877075,0.2207691169956631,0.017151024,0.0,0.07957103459096174,2.450899857229008,0.01309754340311158,0.12497655918999599,3.629177544607113
549,102,fit,1.137203766508594,5.017749842592159,15,15,0,0.6492634264209541,0.32256699622826207,68,71,0.28662389516830444,0.3000498718949152,0.2568955,0.23816643964159473,0.17197954236157978,0.940031065347691,0.013416237048441857,0.12801752908818564,2.9299122054402744
550,97,fit,1.0398767239935665,1.2188339491330513,19,19,0,0.2696145622185884,0.23755979170464764,60,64,0.23643901944160461,0.24174363004541902,0.29349235,0.33256142904502123,0.22693232507063965,1.2884545275082566,0.004469851339273779,0.04265125323734521,1.0871950228041176
551,115,fit,1.1842809969884485,4.084552060902117,17,17,0,0.705445037021806,0.12172602561216724,78,74,0.33414602279663086,0.30300922673354,0.2907605,0.2947840596281218,0.5951361772224628,2.2451948945306976,0.01925172096444516,0.18369962752333166,4.154222522544478
552,117,fit,1.111495393196504,7.58579028028154,11,11,0,0.6516487876977795,0.17868086503226208,87,72,0.3743981122970581,0.31527836951468236,0.0,0.0,0.5656827585706417,1.9290166265801458,0.036424028748080844,0.3475575262221455,7.852976885599219
553,105,fit,1.3787550157667694,3.3886811210214134,5,5,0,0.05922742374385273,0.059919833332448165,80,78,0.3665384352207184,0.3451864882583024,0.075018436,0.09931114564264812,0.4557681260749455,0.049066048178325494,0.00020931718735067348,0.001997301406017877,0.05097457205183261
554,103,fit,1.1635249498886209,4.4384254255012126,13,13,0,0.2194768617822922,0.0396465837748447,72,74,0.301760733127594,0.3016949071741816,0.2619271,0.22136257527793513,0.21684362976608232,2.0925644979434455,0.01352062647382883,0.12901361139149645,3.200004590170682
555,117,fit,1.1593482591070914,4.83174483015338,15,15,0,0.32824247676856766,0.16590008082137384,83,76,0.32148122787475586,0.3262107051851928,0.2542824,0.2967005831200423,0.4136353064506263,0.06462946431774644,0.0003559973906282932,0.0033969216663005076,0.0746516269581531
556,102,fit,1.0526437226785152,5.289668367784672,16,16,0,0.4332814551060173,0.15890166882738663,68,80,0.2738252878189087,0.35926718604934943,0.11962916,0.023350092914521746,0.87204655509743,1.1876843101476584,0.006129607463835171,0.05848862083812186,1.2325143734285915
557,100,fit,1.0606066790658528,4.3242417590158055,15,15,0,0.3431171956947281,0.3752397497219136,67,61,0.2637248635292053,0.22438949713198852,0.2976652,0.3624600199884143,0.3727625669289032,0.14723619267117416,0.0005582315097573888,0.0053266365434865345,0.15105443972138652
558,96,fit,1.1588378455048833,3.7294478780297307,16,16,0,0.2576550685782885,0.16292805566603907,62,63,0.25377827882766724,0.24135353247727148,0.15963301,0.05371541462520892,0.1749584867393533,0.12981168403475712,0.0005285195875714142,0.005043125835605097,0.13242478528556412
559,100,fit,1.1289418710349381,4.667338880744321,14,14,0,0.17281450605437046,0.14239935555090727,67,71,0.26622989773750305,0.2709709220500742,0.31482765,0.403510543160153,0.4714004801355375,1.4239429392380818,0.007512177811233476,0.07168108598505225,1.829721168786402
560,100,fit,1.0514408041118293,5.25788189865812,16,17,1,0.23397185200186588,0.4168371822371212,65,61,0.25734275579452515,0.21256760175154524,0.3025854,0.36776488952726444,0.3938864471924837,1.4845896414639366,0.006415989911502782,0.061221277781515086,1.724181521048346
561,104,fit,1.1123401945021394,5.096934057237815,17,17,0,0.42058058867429443,0.24877144669712262,68,70,0.2794676125049591,0.2871067602687949,0.013153924,0.0,0.10492714167308474,0.4809907289280718,0.0020896760087296016,0.019939656571847344,0.4627376311278658
562,107,fit,1.150213294596094,4.19834395267483,18,18,0,2.095428731856949,0.24807870042836536,70,75,0.3025803864002228,0.3380872085657465,0.00587207,0.0,0.5689380844263447,2.1213180383031336,0.04861905828524155,0.4639223118820759,8.778460699495225
563,367,fit,1.0568148583866612,6.117546753036621,11,11,0,0.9101645915898984,0.6101185243657745,80,75,0.36036744713783264,0.32523431384848545,0.0,0.018579322914201026,0.34266844958617737,2.2408621930277786,0.02413396660590696,0.23028594089605878,5.367276172288659
564,97,fit,0.9925075171146617,3.0345510118141736,21,21,0,1.9896331556728641,0.5254951285545401,58,47,0.20191583037376404,0.14555793728957708,0.1902845,0.2551994520006934,0.5810616650865658,1.927135257775855,0.017156977125409402,0.16371161379207444,4.863236417432309
565,102,fit,1.2786560944221432,3.179775522528606,13,13,0,0.556116039638859,0.09166510646273703,71,72,0.3307145833969116,0.30887318986979434,0.097089015,0.18000560451284062,0.2634971752837908,1.2000258179814591,0.017803384894268824,0.16987962685371014,3.807667742507716
566,117,fit,1.1411621544645993,5.187803977403198,15,15,0,0.5500031751010426,0.12423845890690996,84,74,0.3681144714355469,0.3171817077575968,0.0,0.0,0.49590503858275947,1.2855720651056048,0.006468888568933912,0.06172603596310985,1.3924354347792438
567,104,fit,1.2795628729657187,3.8636017589377625,11,11,0,0.48693640210084793,0.26169753122551126,75,80,0.3551987111568451,0.36334000627685825,0.0,0.0,0.13003152143044486,0.4450439790151104,0.004519711723630947,0.04312702026365407,0.9257449584665292
568,109,fit,1.2124954306914386,5.272282200568487,13,13,0,0.6849709332658998,0.23117583607001388,78,87,0.35525357723236084,0.4180018308456596,0.09513785,0.06887494552482736,0.7348364492637002,1.8347821573720673,0.01678212868643563,0.16013481571026364,3.019692871736712
